collection_id,instance_index,machine_id,start_time,end_time,max_cpus,max_memory,value
330587220407,344,55052448740,1201000000,1211000000,0.12890625,0.019989013671875,47.646484375
330587133435,180,93509986219,1201000000,1211000000,0.093994140625,0.010498046875,7.314453125
374998574688,117,74472327133,1201000000,1211000000,0.00458526611328125,0.001010894775390625,2.1825027465820312
358887942275,199,72041476039,1201000000,1211000000,0.04339599609375,0.0013980865478515625,19.261455535888672
330587233025,621,53819601013,1201000000,1211000000,0.146240234375,0.015380859375,50.1025390625
330587170473,273,24274894286,1201000000,1211000000,0.067626953125,0.02093505859375,17.71240234375
330587217906,0,22620985,1201000000,1203000000,0.0003490447998046875,9.5367431640625e-07,0.020999908447265625
330587204926,526,86167669272,1201000000,1211000000,0.0887451171875,0.0234375,4.4873046875
374911141136,1378,104792817025,1201000000,1211000000,0.00469970703125,0.0007076263427734375,1.3518333435058594
330587165471,485,4512111771,1201000000,1211000000,0.0125579833984375,0.0009288787841796875,6.743431091308594
375002842854,467,2960528268,1201000000,1203000000,0.00420379638671875,1.430511474609375e-05,0.22777748107910156
374911141136,1330,53819601013,1201000000,1208000000,0.0008068084716796875,0.0006246566772460938,0.07014179229736328
330587141000,695,104792404000,1201000000,1202000000,1.9073486328125e-06,1.430511474609375e-05,0.000713348388671875
330587152966,588,71970761936,1201000000,1211000000,0.0732421875,0.0120086669921875,34.952850341796875
374909862629,202,373216008407,1201000000,1211000000,0.0051422119140625,0.0008287429809570312,2.448091506958008
360229359315,17,1146043083,1201000000,1205000000,0.0004749298095703125,9.5367431640625e-06,0.0872039794921875
358200954773,1,32971570779,1201000000,1211000000,0.0078582763671875,0.0010623931884765625,3.7466812133789062
347383176577,10,35970848854,1201000000,1211000000,0.283203125,0.00615692138671875,20.255203247070312
330587110827,67,24273428028,1201000000,1211000000,0.04888916015625,0.021148681640625,16.80908203125
374471438640,381,374585344489,1201000000,1211000000,0.0013637542724609375,0.0005970001220703125,0.039215087890625
374911141136,1429,102893768923,1201000000,1211000000,0.006622314453125,0.00036907196044921875,0.34956932067871094
330587230524,148,53819601013,1201000000,1211000000,0.207275390625,0.02471923828125,20.8795166015625
374675861423,4037,88409069898,1201000000,1211000000,0.0032196044921875,0.0013484954833984375,0.22840499877929688
374911141136,1412,2457915991,1201000000,1211000000,0.00580596923828125,0.00043582916259765625,3.120899200439453
375007009276,0,92054298367,1201000000,1211000000,0.0430908203125,0.0016040802001953125,13.855419158935547
330587303641,49,104791294516,1201000000,1205000000,0.0002765655517578125,7.915496826171875e-05,0.0056915283203125
330587217906,468,53771542298,1201000000,1211000000,0.1123046875,0.021240234375,1.33544921875
330587207427,356,53771542298,1201000000,1211000000,0.026763916015625,0.00594329833984375,11.77459716796875
330587267055,223,93509986219,1201000000,1211000000,0.002552032470703125,0.0009098052978515625,1.0039329528808594
372382526837,16,73747862670,1201000000,1211000000,0.06036376953125,0.010833740234375,12.8155517578125
374780803880,215,24273051131,1201000000,1211000000,0.0767822265625,0.0145721435546875,42.936553955078125
330587233025,356,55052448740,1201000000,1211000000,0.107177734375,0.021331787109375,43.6932373046875
374911141136,1436,3094292514,1201000000,1211000000,0.0068511962890625,0.00031280517578125,2.8656005859375
330587155467,472,24273428028,1201000000,1211000000,0.0772705078125,0.010650634765625,0.87921142578125
374911141136,1265,74472327133,1201000000,1211000000,0.004425048828125,0.0005340576171875,2.330780029296875
128381343012,989,86286350848,1201000000,1202000000,0.0007848739624023438,4.57763671875e-05,0.039040565490722656
359852128644,674,21394550,1201000000,1204000000,0.00022029876708984375,9.5367431640625e-07,0.00066375732421875
358887942275,447,1377139847,1201000000,1211000000,0.0333251953125,0.0013141632080078125,7.620658874511719
374675956470,4429,24273428028,1201000000,1211000000,0.0013217926025390625,0.0010280609130859375,0.3289794921875
375002864311,75,74472327133,1201000000,1211000000,0.0045928955078125,0.0009450912475585938,2.4367141723632812
374780821309,1826,72045702658,1201000000,1211000000,0.0875244140625,0.016265869140625,21.79595947265625
374909856633,722,23744688102,1201000000,1204000000,0.000789642333984375,9.632110595703125e-05,0.07973670959472656
330587120885,681,23865637971,1201000000,1211000000,0.071533203125,0.019805908203125,39.27581787109375
374675861423,3053,88409069898,1201000000,1211000000,0.002948760986328125,0.001224517822265625,0.0417327880859375
374911141136,1373,80677373859,1201000000,1211000000,0.0005331039428710938,0.0003509521484375,0.43318748474121094
330587272057,654,96916043191,1201000000,1211000000,0.000667572021484375,0.0006513595581054688,0.07913589477539062
375004992636,0,92072773455,1201000000,1209000000,0.003265380859375,0.001621246337890625,0.195465087890625
374911141136,379,2808166856,1201000000,1208000000,0.00039577484130859375,1.049041748046875e-05,0.019906997680664062
374911141136,1402,75629300492,1201000000,1211000000,0.003391265869140625,0.0005788803100585938,0.9528350830078125
374471436665,12,374585344489,1201000000,1209000000,0.001346588134765625,0.00616455078125,0.540802001953125
330587118384,119,92152625154,1201000000,1203000000,1.9073486328125e-06,0.00030422210693359375,0.030000686645507812
374911141136,67,105123342775,1201000000,1211000000,0.0065460205078125,0.0005340576171875,3.2568359375
330587150465,494,335683566816,1201000000,1211000000,0.072265625,0.0106964111328125,4.148101806640625
374675861423,398,88409069898,1201000000,1211000000,0.002918243408203125,0.0013427734375,1.6191864013671875
374909862629,200,159596203493,1201000000,1211000000,0.002857208251953125,0.0008544921875,1.633148193359375
330587138493,266,53772490175,1201000000,1211000000,0.061767578125,0.02301025390625,38.1500244140625
374911141136,1388,199649547176,1201000000,1211000000,0.0027618408203125,0.0006017684936523438,0.4709053039550781
360222468477,2,70338805825,1201000000,1211000000,0.006988525390625,0.00037288665771484375,2.502880096435547
358887942275,305,92052562352,1201000000,1202000000,2.86102294921875e-06,2.47955322265625e-05,0.0008296966552734375
212047477406,1446,1578632587,1201000000,1211000000,0.0077056884765625,0.0006456375122070312,0.41756629943847656
373032975479,0,102894397939,1201000000,1211000000,0.008941650390625,0.00201416015625,3.83453369140625
330587125888,694,53769870649,1201000000,1211000000,0.14892578125,0.0097503662109375,65.05722045898438
330587259428,236,53771542298,1201000000,1211000000,0.0989990234375,0.019561767578125,42.681884765625
330587213089,264,93519100436,1201000000,1211000000,0.00061798095703125,0.0006685256958007812,0.5531978607177734
375004997715,0,1579707650,1201000000,1211000000,0.0016498565673828125,0.0014629364013671875,0.7781982421875
375004999381,0,70600359027,1201000000,1210000000,0.0016689300537109375,0.0015354156494140625,0.778656005859375
374780791765,277,4459153593,1201000000,1211000000,0.0177001953125,0.0172119140625,16.0595703125
374675861423,4013,88409069898,1201000000,1211000000,0.0030975341796875,0.00128173828125,1.620330810546875
330587240934,300,24270682913,1201000000,1211000000,0.002902984619140625,0.000926971435546875,0.7659912109375
374909862629,199,373220226718,1201000000,1211000000,0.00372314453125,0.000850677490234375,0.13721466064453125
372382526837,514,72046213533,1201000000,1205000000,0.00026416778564453125,9.5367431640625e-07,0.04347991943359375
375004997720,0,92122737687,1201000000,1210000000,0.002773284912109375,0.001605987548828125,0.47296142578125
374911141136,752,250621558169,1201000000,1211000000,0.00469207763671875,0.000518798828125,1.2506103515625
374911141136,72,80677373859,1201000000,1209000000,0.0004749298095703125,0.00047206878662109375,0.29546356201171875
374860215787,40,24270932154,1201000000,1211000000,0.0013484954833984375,0.001293182373046875,0.7660865783691406
280487004463,0,4451526934,1201000000,1205000000,0.000759124755859375,0.000431060791015625,0.2332763671875
347383176577,11,10879533757,1201000000,1211000000,0.16357421875,0.003631591796875,43.4735107421875
319945203635,1858,21307910,1201000000,1206000000,0.0011234283447265625,0.00047206878662109375,0.3430318832397461
330587267055,85,256446524505,1201000000,1211000000,0.000713348388671875,0.0006504058837890625,0.12273788452148438
330587138493,418,24273428028,1201000000,1211000000,0.082275390625,0.01568603515625,7.8369140625
359852128644,271,24273428028,1201000000,1204000000,2.288818359375e-05,9.5367431640625e-07,0.0027894973754882812
374471438640,255,92140167671,1201000000,1206000000,0.00028133392333984375,0.0004520416259765625,0.1283407211303711
360940137080,388,55052448740,1201000000,1211000000,0.02142333984375,0.00592041015625,12.8515625
319945203635,1857,80225754083,1201000000,1206000000,0.0005655288696289062,0.0001049041748046875,0.016760826110839844
374675956470,3784,24273428028,1201000000,1211000000,0.0010471343994140625,0.0014553070068359375,0.6756591796875
330587167972,438,21841727,1201000000,1211000000,0.0875244140625,0.017303466796875,8.38623046875
375007011738,0,92044810499,1201000000,1211000000,0.190185546875,0.002216339111328125,7.696075439453125
330587120885,659,36932631,1201000000,1211000000,0.0899658203125,0.016754150390625,45.88958740234375
375004987196,0,92130754153,1201000000,1207000000,0.003818511962890625,0.0008955001831054688,0.3959770202636719
374909862629,86,86197413815,1201000000,1211000000,0.0026702880859375,0.0008411407470703125,1.0885429382324219
374471463383,1,92152625154,1201000000,1205000000,1.239776611328125e-05,9.5367431640625e-07,5.340576171875e-05
330587130890,191,1579460559,1201000000,1211000000,0.0694580078125,0.010528564453125,10.39825439453125
374911141136,924,2458245374,1201000000,1211000000,0.00823974609375,0.0004892349243164062,4.015331268310547
330587220407,555,53819601013,1201000000,1211000000,0.1021728515625,0.0189208984375,13.3203125
330587220407,499,55052448740,1201000000,1211000000,0.175537109375,0.0201416015625,84.141845703125
330587222908,537,35970848854,1201000000,1211000000,0.0019359588623046875,0.0008611679077148438,1.1468219757080078
375003929494,267,70538076410,1201000000,1211000000,0.00603485107421875,0.0010929107666015625,0.07127761840820312
374675861423,6197,24273428028,1201000000,1211000000,0.0008878707885742188,0.0013370513916015625,0.8677196502685547
358146539252,560,102892828004,1201000000,1211000000,0.05255126953125,0.010345458984375,8.8055419921875
374911141136,1414,80675819223,1201000000,1211000000,0.005096435546875,0.00049591064453125,0.3914642333984375
330587267055,105,53772267846,1201000000,1204000000,1.9073486328125e-06,9.5367431640625e-07,0.0002574920654296875
372382526837,305,20736662,1201000000,1211000000,0.003292083740234375,0.0008287429809570312,0.8653736114501953
330587135936,212,92159871012,1201000000,1203000000,2.86102294921875e-06,0.00030994415283203125,0.0056304931640625
330587150465,271,24273428028,1202000000,1206000000,2.288818359375e-05,0.00010395050048828125,0.023845672607421875
375007011569,0,92073763944,1202000000,1211000000,0.187255859375,0.002452850341796875,85.3689193725586
330587135936,161,88409069898,1202000000,1211000000,0.041259765625,0.0083770751953125,12.50848388671875
374911141136,1420,159574354219,1202000000,1211000000,0.00762939453125,0.0005083084106445312,3.369009017944336
375003906179,0,348128035855,1202000000,1204000000,0.00035381317138671875,2.384185791015625e-05,0.03247833251953125
330587267055,211,96914756157,1202000000,1211000000,0.143310546875,0.0153350830078125,25.700592041015625
375007009264,0,86197574044,1202000000,1211000000,0.0877685546875,0.0018825531005859375,13.716619491577148
375000720723,0,104790859131,1202000000,1204000000,0.0001678466796875,4.57763671875e-05,0.0059814453125
374780805995,1469,53767373293,1202000000,1207000000,0.00482940673828125,0.000232696533203125,0.5062103271484375
330587216405,6,289070946527,1202000000,1211000000,0.00037670135498046875,0.00061798095703125,0.026856422424316406
374909856633,1162,373215911542,1202000000,1205000000,0.0002918243408203125,0.0004367828369140625,0.07213211059570312
375007011573,0,86189850177,1202000000,1211000000,0.149658203125,0.002246856689453125,28.71005630493164
374780791765,195,21399561,1202000000,1211000000,0.05340576171875,0.01513671875,22.207763671875
330587113342,101,21239050,1202000000,1211000000,0.070556640625,0.020751953125,35.33642578125
374780803880,1576,23621045824,1202000000,1211000000,0.00560760498046875,0.00146484375,2.9916458129882812
358741519657,769,24173391036,1202000000,1211000000,0.00238800048828125,0.0008525848388671875,0.26248741149902344
330587108283,696,91993340682,1202000000,1211000000,0.1019287109375,0.024261474609375,4.5428466796875
372961222756,67,92037160696,1202000000,1211000000,0.029449462890625,0.00298309326171875,1.4594650268554688
330587204926,58,359648701638,1202000000,1211000000,0.008575439453125,0.003208160400390625,3.3936767578125
374471438640,174,374220821115,1202000000,1203000000,0.0008411407470703125,9.5367431640625e-05,0.02996826171875
374909856633,195,104792404000,1202000000,1211000000,0.002758026123046875,0.001232147216796875,1.1850814819335938
374675861423,4745,21389242,1202000000,1211000000,0.0007238388061523438,0.00133514404296875,0.7968263626098633
330587123387,292,345111144299,1202000000,1211000000,0.203369140625,0.021209716796875,44.46661376953125
330587303641,408,92152625154,1202000000,1211000000,0.0294189453125,0.002094268798828125,7.374092102050781
374675861423,4693,21389242,1202000000,1211000000,0.0007123947143554688,0.0013256072998046875,0.2751302719116211
330587120885,278,334588405431,1202000000,1211000000,0.095947265625,0.020477294921875,4.1912841796875
374780821309,1856,9579310242,1202000000,1211000000,0.0595703125,0.018218994140625,27.304046630859375
358887942275,103,350700555147,1202000000,1211000000,0.0535888671875,0.0016231536865234375,15.90106201171875
330587217906,470,23624518913,1202000000,1205000000,0.00042438507080078125,9.5367431640625e-07,0.04083251953125
330587120885,239,24273079095,1202000000,1211000000,0.068603515625,0.021942138671875,27.70697021484375
330587113342,409,92143002575,1202000000,1204000000,9.5367431640625e-07,0.00030803680419921875,0.01174163818359375
330587118384,573,23746263431,1202000000,1211000000,0.0755615234375,0.01983642578125,4.29290771484375
358682264048,4,24309935,1202000000,1211000000,0.012420654296875,0.00045871734619140625,5.795717239379883
360229371640,7,23621183237,1202000000,1211000000,0.0062103271484375,0.00030517578125,0.586395263671875
374676035973,3967,85497379386,1202000000,1211000000,0.0091094970703125,0.0012035369873046875,0.09281730651855469
330587238433,665,104791355585,1202000000,1211000000,0.0009298324584960938,0.00063323974609375,0.014067649841308594
374911141136,719,70550628060,1202000000,1211000000,0.0043487548828125,0.0004730224609375,1.4754638671875
374911141136,690,35970950920,1202000000,1205000000,0.00019741058349609375,0.00014781951904296875,0.006214141845703125
330587207427,665,92152625154,1202000000,1205000000,0.00025653839111328125,9.5367431640625e-07,0.01544952392578125
330587141000,675,102893299824,1202000000,1211000000,0.0640869140625,0.0099639892578125,17.994369506835938
374909856633,866,104792458302,1202000000,1206000000,0.0006933212280273438,0.000583648681640625,0.19920730590820312
34042849383,488,93522167453,1202000000,1211000000,0.002605438232421875,0.0009202957153320312,0.2221212387084961
330587274558,340,88409069898,1202000000,1204000000,4.9591064453125e-05,9.5367431640625e-07,0.0031337738037109375
374675861423,4747,21389242,1202000000,1211000000,0.0006809234619140625,0.0012989044189453125,0.3563690185546875
330587204926,697,224032080418,1202000000,1211000000,0.073974609375,0.0201416015625,38.1170654296875
375007003476,0,92125612559,1202000000,1207000000,0.002468109130859375,0.001125335693359375,0.71868896484375
330587220407,458,1578834813,1202000000,1211000000,0.028411865234375,0.009124755859375,14.52667236328125
330587110827,699,289058534987,1202000000,1211000000,0.0943603515625,0.009857177734375,31.89056396484375
330587133435,693,70530557840,1202000000,1211000000,0.0640869140625,0.00885009765625,13.128662109375
374780813300,255,23621165290,1202000000,1211000000,0.05902099609375,0.0120086669921875,10.867538452148438
374675861423,6205,3092453683,1202000000,1211000000,0.0006704330444335938,0.001262664794921875,0.41754913330078125
330587167972,183,21399561,1202000000,1211000000,0.05682373046875,0.0167236328125,26.47705078125
350880622709,0,70772743337,1202000000,1211000000,0.00431060791015625,0.0006666183471679688,2.1053667068481445
98263155145,0,70609645474,1202000000,1204000000,0.0006418228149414062,0.0006895065307617188,0.08786773681640625
358887942275,215,1128334674,1202000000,1204000000,0.0005350112915039062,2.002716064453125e-05,0.005550384521484375
330587230524,679,93517468256,1202000000,1211000000,0.002567291259765625,0.0008678436279296875,1.2984809875488281
374675861423,6129,3092453683,1202000000,1211000000,0.0049285888671875,0.0041961669921875,2.874298095703125
330587138493,361,23624519542,1202000000,1211000000,0.1072998046875,0.02032470703125,49.39068603515625
330587130890,11,1712846976,1202000000,1211000000,0.0156097412109375,0.0009555816650390625,5.665340423583984
375007011571,0,86195366031,1202000000,1211000000,0.129638671875,0.0018444061279296875,8.28343391418457
330587130890,657,23624555097,1202000000,1211000000,0.1063232421875,0.01959228515625,53.26226806640625
374675861423,4789,21389242,1202000000,1211000000,0.000621795654296875,0.0012989044189453125,0.8470287322998047
330587115883,223,53774000615,1202000000,1211000000,0.10693359375,0.022003173828125,38.294219970703125
39516997747,1785,50803015991,1202000000,1211000000,0.00376129150390625,0.0001087188720703125,0.13932037353515625
374471491589,75,250619294093,1202000000,1211000000,0.00687408447265625,0.000942230224609375,3.165607452392578
330587238433,431,36053696342,1202000000,1211000000,0.00716400146484375,0.0009136199951171875,1.3085746765136719
374780813300,1302,24272876719,1202000000,1211000000,0.021484375,0.00823974609375,5.8853759765625
375002862400,106,74472327133,1202000000,1211000000,0.005340576171875,0.0009622573852539062,0.5105295181274414
346018572754,92,86185237443,1202000000,1211000000,0.00982666015625,0.0011501312255859375,4.939556121826172
330587133435,76,24274426011,1202000000,1211000000,0.009674072265625,0.00518798828125,1.070068359375
359911447365,47,92154151282,1202000000,1211000000,0.04266357421875,0.0088043212890625,7.8745880126953125
248827132312,1,92100018153,1202000000,1204000000,0.00030422210693359375,0.0001430511474609375,0.0214691162109375
330587209928,279,24272669406,1202000000,1209000000,0.000385284423828125,8.296966552734375e-05,0.019666671752929688
374675861423,3699,53772267846,1202000000,1211000000,0.000957489013671875,0.0014247894287109375,0.7289772033691406
374675861423,4501,21389242,1202000000,1211000000,0.0007867813110351562,0.001300811767578125,0.5072851181030273
330587170473,105,53772267846,1202000000,1205000000,1.9073486328125e-06,0.0001068115234375,0.00913238525390625
330587135936,448,62156456,1202000000,1211000000,0.0771484375,0.016815185546875,10.993743896484375
330587207427,133,71969689680,1202000000,1211000000,0.0003147125244140625,9.5367431640625e-07,0.12784481048583984
330587150465,561,21297603,1202000000,1211000000,0.0443115234375,0.0105743408203125,7.903564453125
358887942275,154,72027208693,1202000000,1206000000,0.00046443939208984375,0.0001659393310546875,0.04538726806640625
330587230524,288,938906596,1202000000,1211000000,0.0008211135864257812,0.0006303787231445312,0.5094738006591797
330587128389,513,35971013270,1202000000,1211000000,0.06207275390625,0.020751953125,26.08978271484375
374909843101,73,1376335586,1202000000,1207000000,0.00039386749267578125,8.58306884765625e-06,0.044269561767578125
330587303641,258,23621187008,1202000000,1211000000,0.008941650390625,0.000171661376953125,3.5268516540527344
374471491412,447,12748657929,1202000000,1204000000,0.0006093978881835938,0.000370025634765625,0.03917694091796875
358887942275,155,92162835965,1202000000,1206000000,0.0005521774291992188,2.47955322265625e-05,0.07154464721679688
374998574688,146,21389242,1202000000,1211000000,0.0037689208984375,0.001129150390625,1.675140380859375
374860215787,3,70525363550,1203000000,1211000000,0.0017795562744140625,0.001556396484375,0.6138153076171875
330587118384,690,55047370285,1203000000,1211000000,0.091552734375,0.022003173828125,9.08447265625
374471402490,1,4451435505,1203000000,1211000000,0.00501251220703125,0.003269195556640625,2.78265380859375
375004985099,0,92050489863,1203000000,1211000000,0.00399017333984375,0.0016021728515625,0.7158203125
375003902059,146,25542690793,1203000000,1211000000,0.00766754150390625,0.0007619857788085938,2.4951400756835938
330587113342,285,24274894286,1203000000,1211000000,0.161376953125,0.0213623046875,27.7763671875
374675879196,6098,20736735,1203000000,1211000000,0.007781982421875,0.0011806488037109375,2.29443359375
330587220407,1,70551104365,1203000000,1211000000,0.01837158203125,0.0006561279296875,0.7611083984375
374471436665,6,23744544363,1203000000,1205000000,8.296966552734375e-05,0.00018405914306640625,0.018157958984375
374911141136,530,24290057413,1203000000,1205000000,1.9073486328125e-05,8.58306884765625e-06,0.0004425048828125
330587141000,696,102893244770,1203000000,1211000000,0.149169921875,0.02227783203125,12.34423828125
330587115883,671,573273821,1203000000,1211000000,0.01654052734375,0.0009508132934570312,3.4982681274414062
330587147960,692,1579722617,1203000000,1211000000,0.079345703125,0.0203857421875,39.0947265625
374780821309,1328,938885773,1203000000,1211000000,0.0347900390625,0.016204833984375,2.039794921875
374471491589,319,105140945905,1203000000,1209000000,0.0006036758422851562,0.0007839202880859375,0.08325576782226562
375003902059,143,93516757997,1203000000,1211000000,0.04388427734375,0.00152587890625,13.44140625
375007012476,0,92102530350,1203000000,1211000000,0.0149688720703125,0.0010833740234375,0.64208984375
374471463383,1,250618207226,1203000000,1211000000,0.0044097900390625,0.00116729736328125,0.22308349609375
39516997747,1862,12748657929,1203000000,1207000000,0.0006990432739257812,0.00017833709716796875,0.16845703125
320180842771,10,1461489474,1203000000,1206000000,0.0012035369873046875,5.7220458984375e-06,0.16324996948242188
362996470488,270,24273463182,1203000000,1208000000,0.0008020401000976562,6.67572021484375e-05,0.17375946044921875
330587120885,502,53766722917,1203000000,1211000000,0.0999755859375,0.019073486328125,34.2861328125
374911141136,890,3093309876,1203000000,1206000000,0.000217437744140625,6.67572021484375e-06,0.028238296508789062
375003902059,154,49465849229,1203000000,1211000000,0.00743865966796875,0.001064300537109375,3.26513671875
375003902059,142,62183909860,1203000000,1211000000,0.00777435302734375,0.000835418701171875,1.170928955078125
330587238433,602,89877622098,1203000000,1211000000,0.0389404296875,0.0092926025390625,13.119384765625
374780791765,1969,24275409567,1203000000,1210000000,0.001987457275390625,0.0005369186401367188,0.22971820831298828
104894341832,2,68665583694,1203000000,1211000000,0.0380859375,0.0018062591552734375,12.446365356445312
375007013205,0,91998518921,1203000000,1211000000,0.1046142578125,0.0018863677978515625,18.744110107421875
84847985651,0,70609174490,1203000000,1211000000,0.003871917724609375,0.0001354217529296875,0.0320587158203125
372382526837,521,1579782933,1203000000,1205000000,0.000247955322265625,9.5367431640625e-07,0.000995635986328125
330587147960,340,88409069898,1203000000,1206000000,9.5367431640625e-07,0.0001049041748046875,0.015878677368164062
374909856633,279,104791967256,1203000000,1205000000,0.0008211135864257812,0.000202178955078125,0.020465850830078125
375003902059,148,72027208693,1203000000,1211000000,0.019683837890625,0.001010894775390625,3.3111572265625
330587118384,336,102892609302,1203000000,1211000000,0.02191162109375,0.003223419189453125,0.603240966796875
330587110827,249,373223678858,1203000000,1211000000,0.06396484375,0.01708984375,9.7265625
375003906246,0,70609779859,1203000000,1206000000,0.00030422210693359375,0.00012683868408203125,0.04914093017578125
330587262052,68,23859266780,1203000000,1211000000,0.00424957275390625,0.000873565673828125,0.24591064453125
330587165471,136,22620985,1203000000,1211000000,0.06640625,0.0124053955078125,16.392822265625
374780793772,1817,102894346371,1203000000,1211000000,0.05450439453125,0.0152740478515625,10.6063232421875
375004990003,0,92044810499,1203000000,1211000000,0.003452301025390625,0.00168609619140625,0.781036376953125
330587110827,434,102894346373,1203000000,1211000000,0.035888671875,0.01458740234375,19.3828125
374471491412,328,12748657929,1203000000,1207000000,0.00015735626220703125,7.2479248046875e-05,0.0110321044921875
375003902059,150,151919859,1203000000,1211000000,0.013580322265625,0.0009746551513671875,2.6781158447265625
374471491589,278,4451435505,1203000000,1211000000,0.0009279251098632812,0.0005025863647460938,0.492095947265625
374471491589,2,33687144565,1203000000,1211000000,0.00399017333984375,0.000926971435546875,0.511383056640625
360937293427,2,72035837995,1203000000,1211000000,0.003810882568359375,0.000370025634765625,0.769287109375
375003906250,0,70773916889,1203000000,1206000000,0.000629425048828125,0.0001220703125,0.01352691650390625
374909850918,45,108924091566,1203000000,1211000000,0.00487518310546875,0.0005588531494140625,1.478057861328125
375003902059,144,141687822051,1203000000,1211000000,0.017974853515625,0.000843048095703125,5.4195556640625
330587110827,52,74472327133,1203000000,1211000000,0.135986328125,0.0244140625,8.982421875
358887942275,142,44596986441,1203000000,1206000000,0.00042438507080078125,1.811981201171875e-05,0.04779052734375
375003902059,152,71877064807,1203000000,1211000000,0.0140533447265625,0.0010089874267578125,4.4584503173828125
330587165471,391,92177060647,1203000000,1211000000,0.081787109375,0.012054443359375,23.272705078125
374911141136,1401,33687501537,1203000000,1211000000,0.0063629150390625,0.0006113052368164062,0.27896881103515625
374911141136,1432,2960952017,1203000000,1211000000,0.00485992431640625,0.00043487548828125,1.0166015625
375003899256,150,82402091924,1203000000,1211000000,0.0131072998046875,0.00098419189453125,0.78912353515625
375003899256,141,72050297069,1203000000,1211000000,0.0122833251953125,0.0016613006591796875,4.7969512939453125
374911141136,1435,3092211118,1203000000,1211000000,0.003936767578125,0.0004425048828125,0.98095703125
374911141136,77,92037662477,1203000000,1207000000,0.0002651214599609375,9.5367431640625e-06,0.0494384765625
358887942275,167,44633438918,1203000000,1211000000,0.05126953125,0.001781463623046875,0.424407958984375
374909856633,1103,363995027666,1203000000,1206000000,0.0003070831298828125,9.250640869140625e-05,0.015583992004394531
98263155145,2,92078192138,1203000000,1211000000,0.0078277587890625,0.0016078948974609375,1.5851898193359375
330587115883,272,9579310242,1203000000,1211000000,0.088623046875,0.00970458984375,3.146484375
330587167972,192,24273290464,1203000000,1211000000,0.05413818359375,0.017852783203125,5.75927734375
330587141000,670,55047370285,1203000000,1211000000,0.084716796875,0.0166015625,27.55859375
374998193417,130,159596203493,1203000000,1211000000,0.001583099365234375,0.0012035369873046875,0.312103271484375
374909862629,159,104792344438,1203000000,1207000000,0.00047969818115234375,9.5367431640625e-05,0.06900787353515625
374911141136,1417,92035050287,1203000000,1211000000,0.00399017333984375,0.0005950927734375,1.50396728515625
374676035973,1005,4649685235,1203000000,1211000000,0.007537841796875,0.0014591217041015625,2.159271240234375
330587108283,418,21389242,1203000000,1211000000,0.0965576171875,0.024566650390625,11.6279296875
374909856633,571,36743372810,1203000000,1211000000,0.0100250244140625,0.0009746551513671875,1.935943603515625
330587220407,460,35892196426,1203000000,1211000000,0.002071380615234375,0.0007696151733398438,0.20455169677734375
330587303641,658,24272603259,1203000000,1211000000,0.009796142578125,0.0020751953125,0.3798828125
374911141136,469,1377350472,1203000000,1211000000,0.003818511962890625,0.00072479248046875,0.872314453125
374911141136,411,92161125661,1203000000,1211000000,0.0022430419921875,0.00048732757568359375,0.087371826171875
375007011436,0,86174076727,1203000000,1211000000,0.1767578125,0.001461029052734375,14.25750732421875
301297312669,0,70342158217,1203000000,1211000000,0.01617431640625,0.0010890960693359375,0.55242919921875
375003902059,140,92078505802,1203000000,1211000000,0.01654052734375,0.0008230209350585938,1.9447174072265625
320180842771,15,151929015,1203000000,1208000000,0.0001544952392578125,6.198883056640625e-05,0.012989044189453125
374909862629,107,104811049964,1203000000,1206000000,0.00138092041015625,9.632110595703125e-05,0.2127227783203125
358887942275,158,1574702331,1203000000,1211000000,0.04559326171875,0.001338958740234375,2.25274658203125
330587141000,581,143921344163,1203000000,1205000000,1.9073486328125e-06,0.00014019012451171875,0.0071048736572265625
358887942275,263,35891849385,1203000000,1211000000,0.0308837890625,0.0018138885498046875,9.41693115234375
330587167972,10,250621934470,1203000000,1205000000,1.9073486328125e-06,1.049041748046875e-05,0.0001735687255859375
374911141136,1430,92174536024,1203000000,1211000000,0.0091094970703125,0.0007638931274414062,1.4217681884765625
99508176891,1,92110985551,1203000000,1211000000,0.0108642578125,0.00160980224609375,2.69439697265625
358887942275,385,92125612559,1203000000,1211000000,0.0638427734375,0.00189971923828125,6.83721923828125
374909859791,159,104811049964,1203000000,1206000000,0.0010700225830078125,1.811981201171875e-05,0.1077260971069336
374471491589,322,102894397939,1203000000,1211000000,0.002986907958984375,0.0008525848388671875,0.3993072509765625
375003902059,147,574702154,1203000000,1211000000,0.026763916015625,0.000995635986328125,5.551910400390625
358887942275,319,86174500328,1203000000,1211000000,0.0875244140625,0.0016326904296875,34.236328125
374911141136,1240,87976653382,1203000000,1211000000,0.0054779052734375,0.0004787445068359375,2.287353515625
374911141136,481,21549937,1203000000,1207000000,0.000232696533203125,9.5367431640625e-06,0.02616119384765625
330587115883,434,24272911781,1203000000,1211000000,0.0770263671875,0.02099609375,1.568359375
374860215787,22,71847134272,1203000000,1211000000,0.0012969970703125,0.001514434814453125,1.03460693359375
374911141136,836,92173921616,1203000000,1206000000,0.0005140304565429688,0.000148773193359375,0.013918876647949219
358741519657,103,260487408243,1203000000,1209000000,0.0004138946533203125,9.5367431640625e-07,0.02986907958984375
319945203477,49,1579503360,1203000000,1207000000,0.0011920928955078125,7.05718994140625e-05,0.0656585693359375
374675861423,6294,22620985,1203000000,1211000000,0.0009698867797851562,0.001216888427734375,0.15744781494140625
374471481019,40,4458920495,1204000000,1211000000,0.00112152099609375,0.00047588348388671875,0.3130912780761719
374909856633,905,4458920495,1204000000,1211000000,0.00208282470703125,0.0007772445678710938,0.9609832763671875
330587130890,229,35892334066,1204000000,1211000000,0.05517578125,0.01629638671875,11.50701904296875
374471491589,182,250623081697,1204000000,1211000000,0.0007114410400390625,0.0006456375122070312,0.2849864959716797
282689156728,0,35872325833,1204000000,1211000000,0.00450897216796875,0.00012969970703125,0.487060546875
375003899256,152,67412257583,1204000000,1211000000,0.020294189453125,0.001003265380859375,1.192657470703125
374471438640,654,92066087694,1204000000,1211000000,0.00258636474609375,0.0008716583251953125,0.7019786834716797
358887942275,440,92068621765,1204000000,1211000000,0.04705810546875,0.00136566162109375,10.846923828125
374675861423,3092,21394550,1204000000,1211000000,0.00099945068359375,0.0013828277587890625,0.8171215057373047
330587274558,556,104792817027,1204000000,1211000000,0.0004968643188476562,0.0006504058837890625,0.08833980560302734
330587267055,262,68672048438,1204000000,1206000000,0.0008068084716796875,9.5367431640625e-07,0.021001815795898438
374911141136,112,102983741786,1204000000,1205000000,0.0014247894287109375,0.0001201629638671875,0.05870819091796875
128381343012,38,2958237551,1204000000,1211000000,0.0467529296875,0.00432586669921875,4.290618896484375
375003902059,153,1132589876,1204000000,1211000000,0.00777435302734375,0.0013427734375,1.7231369018554688
375007011830,0,1579707650,1204000000,1211000000,0.0850830078125,0.0011653900146484375,26.56450653076172
374911141136,1407,24275825161,1204000000,1211000000,0.0099334716796875,0.00032711029052734375,0.5745925903320312
358887942275,305,1254387040,1204000000,1211000000,0.1767578125,0.0017642974853515625,57.4841194152832
374675861423,3229,24290057413,1204000000,1211000000,0.002071380615234375,0.0015048980712890625,0.6508827209472656
360937262212,1,4450985241,1204000000,1211000000,0.023101806640625,0.0052490234375,5.358306884765625
330587147960,665,21560059,1204000000,1211000000,0.0679931640625,0.021636962890625,30.11572265625
375003899256,151,1131204324,1204000000,1211000000,0.0125274658203125,0.001220703125,2.4059295654296875
374590363514,295,1579715625,1204000000,1211000000,0.00424957275390625,0.00531768798828125,0.80364990234375
374911141136,1,86183903851,1204000000,1211000000,0.00447845458984375,0.0004825592041015625,1.5627193450927734
374911141136,436,20737549,1204000000,1206000000,1.9073486328125e-06,1.049041748046875e-05,0.0009918212890625
374676035973,1324,1375388647,1204000000,1211000000,0.006195068359375,0.0015583038330078125,2.3337650299072266
375003902059,151,72154108162,1204000000,1211000000,0.03302001953125,0.001010894775390625,8.099357604980469
330587120885,478,92027238668,1204000000,1211000000,0.1143798828125,0.021484375,19.02099609375
330587113342,582,53767373293,1204000000,1211000000,0.09423828125,0.02178955078125,9.746337890625
280881358282,2277,73749003929,1204000000,1211000000,0.212890625,0.003101348876953125,71.06135940551758
358887942275,234,9579465079,1204000000,1211000000,0.05401611328125,0.0017948150634765625,12.110971450805664
330587141000,605,77440385054,1204000000,1211000000,0.111572265625,0.0242919921875,6.6573486328125
358887942275,399,71971507649,1204000000,1211000000,0.03765869140625,0.001850128173828125,13.551525115966797
375003906248,0,82402533779,1204000000,1207000000,0.00026607513427734375,0.000171661376953125,0.061720848083496094
375004995083,0,1714986080,1204000000,1211000000,0.013397216796875,0.00164031982421875,4.21051025390625
330587167972,422,103266747233,1204000000,1211000000,0.0716552734375,0.020263671875,3.860595703125
330587160469,247,24276259716,1204000000,1211000000,0.0821533203125,0.02154541015625,16.69549560546875
330587128389,682,92152625154,1204000000,1211000000,0.027191162109375,0.003559112548828125,10.33209228515625
373032957226,0,1375623812,1204000000,1210000000,0.001071929931640625,0.002002716064453125,0.6825714111328125
374911141136,1371,102893299825,1204000000,1211000000,0.0087127685546875,0.00037670135498046875,1.5270309448242188
374911141136,179,251825475996,1204000000,1206000000,0.00020503997802734375,7.62939453125e-06,0.016588211059570312
374998193417,138,573130755,1204000000,1211000000,0.0011882781982421875,0.00104522705078125,0.2032489776611328
330587220407,589,24273669841,1204000000,1208000000,0.0019016265869140625,1.9073486328125e-06,0.21319580078125
374675861423,3230,24290057413,1204000000,1211000000,0.002048492431640625,0.0015010833740234375,1.2175045013427734
358887942275,410,86172091422,1204000000,1211000000,0.0499267578125,0.0018291473388671875,10.506448745727539
375006001380,0,92027971126,1204000000,1211000000,0.003631591796875,0.0013065338134765625,0.24196815490722656
372382526837,472,102893299823,1204000000,1208000000,0.00043201446533203125,9.5367431640625e-07,0.034637451171875
374998193417,150,21214368,1204000000,1211000000,0.0010509490966796875,0.0010089874267578125,0.259552001953125
358887942275,327,72041091289,1204000000,1211000000,0.0587158203125,0.0018062591552734375,15.67521858215332
375003899256,153,1131276718,1204000000,1211000000,0.0112457275390625,0.00125885009765625,0.6127243041992188
375007013245,0,92118792691,1204000000,1211000000,0.105712890625,0.00171661376953125,10.528091430664062
359911447365,975,74461641157,1204000000,1211000000,0.04095458984375,0.0088958740234375,14.656036376953125
330587272057,664,92152625154,1204000000,1210000000,0.0001773834228515625,9.5367431640625e-07,0.002140045166015625
330587138493,679,23747515703,1204000000,1211000000,0.0782470703125,0.019989013671875,20.62957763671875
350887195878,4,92057854310,1204000000,1211000000,0.0960693359375,0.002544403076171875,2.7611846923828125
375002842854,392,70609539804,1204000000,1211000000,0.0135345458984375,0.00015926361083984375,1.2461366653442383
259837270663,0,86200754201,1204000000,1211000000,0.0247802734375,0.005126953125,3.349609375
375003902059,141,80222583179,1204000000,1211000000,0.0139007568359375,0.0010166168212890625,0.6265296936035156
330587141000,657,22784754,1204000000,1211000000,0.01953125,0.008544921875,8.057861328125
358887942275,296,119226671284,1204000000,1211000000,0.091064453125,0.0018768310546875,7.1564788818359375
374911141136,1421,21352504,1204000000,1211000000,0.0052490234375,0.0004119873046875,0.5151519775390625
330587204926,666,373870252151,1204000000,1211000000,0.05706787109375,0.0149688720703125,19.666030883789062
39516997747,1890,4450916294,1204000000,1211000000,0.00274658203125,0.00011730194091796875,0.5412740707397461
358887942275,121,45163617204,1204000000,1211000000,0.058837890625,0.001789093017578125,14.85361099243164
375003899256,144,72041994914,1204000000,1211000000,0.00750732421875,0.0013828277587890625,0.06223106384277344
375004993789,0,94965111094,1204000000,1211000000,0.166748046875,0.00201416015625,12.99468994140625
375004997713,0,92146381113,1204000000,1211000000,0.2626953125,0.00262451171875,3.7144775390625
374104938007,966,198552431991,1204000000,1207000000,0.00270843505859375,0.000537872314453125,0.3019065856933594
375004993842,0,92153473438,1204000000,1211000000,0.127197265625,0.002197265625,39.853515625
374911141136,1419,2958264232,1204000000,1211000000,0.003765106201171875,0.00045013427734375,0.5901336669921875
330587138493,284,71843163722,1204000000,1211000000,0.036865234375,0.0144805908203125,1.7971038818359375
358887942275,131,80677688855,1204000000,1211000000,0.0955810546875,0.0018444061279296875,14.321542739868164
374909856633,1076,71884405697,1204000000,1211000000,0.0066986083984375,0.001110076904296875,2.459735870361328
374998193417,155,20143082984,1204000000,1211000000,0.0011444091796875,0.0010013580322265625,0.2853870391845703
98263155164,1,92090655742,1204000000,1207000000,0.00034046173095703125,0.0006313323974609375,0.05539226531982422
374780791765,399,20737549,1204000000,1211000000,0.015533447265625,0.015899658203125,7.26104736328125
330587135936,605,289070946527,1204000000,1211000000,0.06884765625,0.009613037109375,21.968994140625
374675861423,5627,21394550,1204000000,1211000000,0.0009918212890625,0.0012531280517578125,0.6914443969726562
128381343012,50,100217274,1204000000,1211000000,0.027435302734375,0.00421142578125,9.30413818359375
375003899256,134,92074916337,1204000000,1211000000,0.0245361328125,0.0014171600341796875,5.268518447875977
375007013225,0,92130754153,1204000000,1211000000,0.1982421875,0.0016384124755859375,22.386627197265625
330587120885,90,24273990861,1204000000,1211000000,0.021331787109375,0.0078277587890625,8.1646728515625
358887942275,415,1580156372,1204000000,1211000000,0.0316162109375,0.001720428466796875,3.73370361328125
374998193417,145,116742481897,1204000000,1211000000,0.0009479522705078125,0.0010089874267578125,0.4794502258300781
330587272057,323,1376080050,1204000000,1211000000,0.109130859375,0.013916015625,37.8984375
374998193417,148,21210060,1204000000,1211000000,0.00115966796875,0.0009899139404296875,0.28589439392089844
319945206208,3,92105088085,1204000000,1211000000,0.025421142578125,0.0018100738525390625,4.956081390380859
330587220407,25,250625159096,1204000000,1211000000,0.002704620361328125,0.000919342041015625,0.101470947265625
350674293945,59,1579670885,1204000000,1208000000,0.000240325927734375,1.239776611328125e-05,0.011119842529296875
374998193417,136,573130755,1204000000,1211000000,0.0014972686767578125,0.0010471343994140625,0.7302436828613281
375003883315,116,92074916337,1204000000,1211000000,0.00734710693359375,0.00103759765625,0.6456222534179688
330587272057,36,68665908129,1204000000,1211000000,0.00133514404296875,0.00067901611328125,0.1409912109375
374911141136,593,3121336828,1204000000,1209000000,0.00017261505126953125,7.82012939453125e-05,0.02884387969970703
375003899256,146,9579810087,1204000000,1211000000,0.0169677734375,0.001316070556640625,4.0955810546875
330587135936,694,24270907240,1204000000,1211000000,0.091064453125,0.022216796875,14.2734375
330587220407,683,92152625154,1204000000,1210000000,0.000194549560546875,9.5367431640625e-07,0.008211135864257812
330587274558,63,149406354318,1204000000,1211000000,0.1029052734375,0.020355224609375,3.4512939453125
330587147960,408,24290057413,1204000000,1211000000,0.164794921875,0.015472412109375,40.3798828125
374996754868,49,143876847279,1205000000,1209000000,0.002468109130859375,1.9073486328125e-05,0.39794921875
375003899256,148,1944798423,1205000000,1211000000,0.0135650634765625,0.001621246337890625,3.280242919921875
330587220407,392,24270650030,1205000000,1211000000,0.0716552734375,0.01385498046875,24.1138916015625
375003899256,145,9589944935,1205000000,1211000000,0.04473876953125,0.0014362335205078125,0.2770500183105469
374996738144,146,373579223563,1205000000,1208000000,0.00212860107421875,1.9073486328125e-05,0.10953140258789062
374996734241,40,198551848239,1205000000,1208000000,0.0020751953125,1.52587890625e-05,0.1693267822265625
330587133435,696,55049858260,1205000000,1211000000,0.137451171875,0.014495849609375,5.4700927734375
374996738144,31,198551169776,1205000000,1209000000,0.001979827880859375,1.33514404296875e-05,0.24715423583984375
330587147960,666,23744499478,1205000000,1208000000,9.5367431640625e-07,0.0002384185791015625,0.005026817321777344
374911141136,812,3121457426,1205000000,1211000000,0.003429412841796875,0.0005741119384765625,0.576507568359375
374998193417,139,1579462372,1205000000,1211000000,0.0012760162353515625,0.0009784698486328125,0.6492919921875
128381343012,40,21284284,1205000000,1211000000,0.03515625,0.00432586669921875,4.264068603515625
300125081705,1,250619353318,1205000000,1211000000,0.016326904296875,0.0010471343994140625,5.00372314453125
362996470488,550,71978865294,1205000000,1211000000,0.00034618377685546875,9.5367431640625e-07,0.0624847412109375
374996725713,118,20143082984,1205000000,1208000000,0.001659393310546875,1.33514404296875e-05,0.06523704528808594
375003902059,149,81726456171,1205000000,1211000000,0.022369384765625,0.0010471343994140625,0.9834938049316406
374998193417,141,1579711803,1205000000,1211000000,0.00128936767578125,0.0010204315185546875,0.20788192749023438
374911141136,20,1579858930,1205000000,1211000000,0.0042572021484375,0.000537872314453125,0.8343429565429688
374996725397,61,1130929307,1205000000,1209000000,0.001956939697265625,1.52587890625e-05,0.25244140625
359282970888,0,102983445708,1205000000,1211000000,0.003803253173828125,0.00099945068359375,1.0662002563476562
374996732860,49,20141943935,1205000000,1209000000,0.001483917236328125,7.82012939453125e-05,0.24369049072265625
374911141136,1427,35973968030,1205000000,1211000000,0.0045318603515625,0.0004062652587890625,0.05925750732421875
374997804969,148,20737079,1205000000,1211000000,0.00315093994140625,0.0010833740234375,0.660552978515625
160232503528,2452,20146578421,1205000000,1211000000,0.0007085800170898438,0.00013446807861328125,0.222564697265625
67405686884,2,102893546858,1205000000,1211000000,0.00334930419921875,0.00029087066650390625,0.6333904266357422
374996732860,31,23621187008,1205000000,1211000000,0.0015048980712890625,0.0011157989501953125,0.7547607421875
374909856633,1095,23859461309,1205000000,1211000000,0.008880615234375,0.0008220672607421875,1.7464828491210938
128381343012,47,1579752624,1205000000,1211000000,0.03778076171875,0.00421142578125,4.787109375
374911141136,1289,24270899482,1205000000,1211000000,0.000843048095703125,0.0004405975341796875,0.22335433959960938
374911141136,395,102894346371,1205000000,1211000000,0.00336456298828125,0.0005283355712890625,0.186859130859375
330587262052,332,2448159272,1205000000,1211000000,0.0005273818969726562,0.0006256103515625,0.12452316284179688
375002852140,0,92129223519,1205000000,1208000000,0.0004177093505859375,1.430511474609375e-05,0.042769432067871094
374996725713,136,939000732,1205000000,1211000000,0.0013484954833984375,1.430511474609375e-05,0.29436492919921875
330587155467,455,373215911542,1205000000,1211000000,0.0814208984375,0.0125274658203125,10.14642333984375
374996738144,147,104792326077,1205000000,1207000000,0.0019054412841796875,1.9073486328125e-05,0.06158447265625
374996738144,33,20142978127,1205000000,1208000000,0.001018524169921875,1.33514404296875e-05,0.055721282958984375
330587108283,8,1579704367,1205000000,1211000000,0.010101318359375,0.00331878662109375,4.026031494140625
330587217906,131,33150718567,1205000000,1211000000,0.014251708984375,0.0006389617919921875,1.7868804931640625
374998193417,124,72041994914,1205000000,1211000000,0.00167083740234375,0.00124359130859375,0.157379150390625
374998193417,134,71877219577,1205000000,1211000000,0.0012302398681640625,0.001102447509765625,0.6438217163085938
374909862629,125,104792148945,1205000000,1211000000,0.00778961181640625,0.0009212493896484375,2.090606689453125
374911141136,928,86313235708,1205000000,1211000000,0.0008697509765625,0.000537872314453125,0.033782958984375
374805961790,0,55050647026,1205000000,1208000000,0.000431060791015625,0.00019073486328125,0.07088470458984375
330587204926,394,20736910,1205000000,1211000000,0.0009555816650390625,0.0006351470947265625,0.35314178466796875
360940137080,314,92175878259,1205000000,1211000000,0.003208160400390625,0.0007991790771484375,0.04808807373046875
374996725713,38,1579686835,1205000000,1209000000,0.0016956329345703125,1.049041748046875e-05,0.054595947265625
350411056900,14,23744544363,1205000000,1211000000,0.0098419189453125,0.001987457275390625,2.1292877197265625
375003899256,149,49465849229,1205000000,1211000000,0.00775909423828125,0.0014209747314453125,1.5422515869140625
330587160469,212,104807890621,1205000000,1211000000,0.01019287109375,0.000972747802734375,0.4019622802734375
374911141136,1283,3121336828,1205000000,1209000000,0.00020694732666015625,2.574920654296875e-05,0.03350830078125
374996754868,128,2958224402,1205000000,1208000000,0.0011844635009765625,1.33514404296875e-05,0.071868896484375
128381343012,44,373217088338,1205000000,1211000000,0.03070068359375,0.00440216064453125,1.6849365234375
374996754868,127,23206574,1205000000,1211000000,0.002498626708984375,1.52587890625e-05,0.16591644287109375
330587167972,507,71845735449,1205000000,1211000000,0.084716796875,0.0095672607421875,26.02239990234375
374996725713,60,116753502736,1205000000,1207000000,0.00287628173828125,1.621246337890625e-05,0.2661094665527344
374997804969,80,1573344782,1205000000,1208000000,0.001495361328125,1.049041748046875e-05,0.17166709899902344
374998193417,132,71877219577,1205000000,1211000000,0.000797271728515625,0.0011310577392578125,0.0462799072265625
374911141136,1342,92178504966,1205000000,1208000000,0.00027179718017578125,0.00014495849609375,0.005001068115234375
374997804969,101,20143082984,1205000000,1210000000,0.0017337799072265625,1.33514404296875e-05,0.37563323974609375
374911141136,51,53767290353,1205000000,1211000000,0.0135955810546875,0.0004911422729492188,1.6904067993164062
375003899256,142,1145793787,1205000000,1211000000,0.0133209228515625,0.00189208984375,4.472625732421875
358887942275,291,105744010255,1205000000,1211000000,0.05194091796875,0.001796722412109375,9.672775268554688
375007013324,0,92035061455,1205000000,1211000000,0.212158203125,0.001819610595703125,25.677337646484375
374998570241,100,91961107551,1205000000,1211000000,0.005950927734375,0.001056671142578125,0.9670486450195312
374996754868,39,2060898946,1205000000,1209000000,0.001251220703125,1.1444091796875e-05,0.080810546875
374998193417,154,22671475,1205000000,1211000000,0.0011425018310546875,0.001018524169921875,0.28525543212890625
374996738144,154,86313235708,1205000000,1208000000,0.002071380615234375,1.811981201171875e-05,0.2758140563964844
374998193417,140,44591936371,1205000000,1211000000,0.0008983612060546875,0.0010585784912109375,0.27005767822265625
374996754868,124,21428752,1205000000,1211000000,0.00360870361328125,1.430511474609375e-05,0.15216636657714844
374998193417,131,71971093996,1205000000,1211000000,0.001178741455078125,0.0010662078857421875,0.3367424011230469
39516997747,1778,20146578421,1205000000,1211000000,0.0005092620849609375,0.00011539459228515625,0.1386737823486328
330587238433,666,72694764023,1205000000,1211000000,0.002471923828125,0.0007581710815429688,0.8721256256103516
330587128389,424,494920932,1205000000,1211000000,0.09130859375,0.0216064453125,0.677490234375
330587165471,176,22477068,1205000000,1211000000,0.04364013671875,0.0119781494140625,16.01806640625
330587135936,509,102893323407,1205000000,1211000000,0.198486328125,0.016204833984375,19.32220458984375
330587133435,113,102983369402,1205000000,1211000000,0.177978515625,0.02423095703125,10.9193115234375
374998193417,129,1579856931,1205000000,1211000000,0.0012378692626953125,0.0009918212890625,0.17391586303710938
374996732860,91,4646401464,1205000000,1208000000,0.0023193359375,1.811981201171875e-05,0.2594575881958008
374996725713,48,74471794818,1205000000,1207000000,0.001377105712890625,2.002716064453125e-05,0.08941650390625
374996725713,58,91961899917,1205000000,1208000000,0.003360748291015625,0.0004825592041015625,0.3113079071044922
374996732860,55,939000732,1205000000,1211000000,0.0011768341064453125,1.33514404296875e-05,0.30706787109375
330587138493,540,1579782933,1205000000,1211000000,0.116455078125,0.02008056640625,35.2261962890625
374911141136,952,3092453683,1205000000,1211000000,0.0006799697875976562,0.00035190582275390625,0.006191253662109375
374996754868,72,1638822238,1205000000,1208000000,0.0010814666748046875,1.049041748046875e-05,0.15396595001220703
330587138493,231,24290057413,1205000000,1211000000,0.13232421875,0.01995849609375,3.65478515625
128381343012,46,102894724234,1205000000,1211000000,0.03656005859375,0.00443267822265625,5.6569976806640625
374996738144,139,70516736914,1205000000,1208000000,0.0014801025390625,0.0011539459228515625,0.33979225158691406
375006001056,0,92119685147,1205000000,1211000000,0.00421142578125,0.0015811920166015625,1.4249839782714844
372382526837,635,1715005860,1205000000,1211000000,0.0443115234375,0.00970458984375,11.66748046875
374911141136,353,102892828004,1205000000,1211000000,0.0071563720703125,0.00040531158447265625,1.7240638732910156
375004984122,0,92156929311,1205000000,1211000000,0.003665924072265625,0.001956939697265625,1.4506988525390625
330587147960,34,55049858260,1205000000,1211000000,0.2099609375,0.019744873046875,24.8082275390625
374998193417,153,21400965,1205000000,1211000000,0.000988006591796875,0.001007080078125,0.239410400390625
375003899256,143,1377154500,1205000000,1211000000,0.028289794921875,0.0013332366943359375,1.9551200866699219
290472883208,0,92130754153,1205000000,1211000000,0.0123138427734375,0.0005540847778320312,3.628755569458008
374996754868,11,92119685147,1205000000,1208000000,0.00264739990234375,1.9073486328125e-05,0.30397796630859375
374911141136,558,346991211285,1205000000,1211000000,0.00534820556640625,0.00047397613525390625,0.6986618041992188
374471402991,44,70523220102,1205000000,1211000000,0.0036163330078125,0.0007257461547851562,0.44289207458496094
374996725713,84,159596203493,1205000000,1209000000,0.002117156982421875,0.00018310546875,0.2116241455078125
374998193417,144,1580323926,1205000000,1211000000,0.001026153564453125,0.00104522705078125,0.397705078125
128381343012,42,2448204176,1205000000,1211000000,0.034912109375,0.00429534912109375,10.586013793945312
374961162243,0,103266747233,1205000000,1211000000,0.02386474609375,0.017059326171875,7.3663330078125
374996738144,37,21210061,1205000000,1208000000,0.0018558502197265625,1.430511474609375e-05,0.2693023681640625
374911141136,1428,2960691745,1205000000,1211000000,0.003398895263671875,0.0004749298095703125,0.4416160583496094
374996725713,121,1579462370,1205000000,1209000000,0.0013370513916015625,1.049041748046875e-05,0.18865585327148438
375004995660,0,21378237,1205000000,1207000000,0.00036907196044921875,9.1552734375e-05,0.0368499755859375
330587162970,230,1376476535,1205000000,1211000000,0.080810546875,0.010833740234375,20.8948974609375
374471491589,150,92105032489,1205000000,1211000000,0.00417327880859375,0.000835418701171875,1.5026092529296875
374996725397,82,2059487368,1205000000,1209000000,0.00152587890625,1.1444091796875e-05,0.02459716796875
374996754868,102,373220226718,1205000000,1209000000,0.001995086669921875,1.71661376953125e-05,0.3380584716796875
374909859791,524,20736712,1205000000,1211000000,0.00461578369140625,0.0005130767822265625,0.4615974426269531
375003899256,154,78241758724,1205000000,1211000000,0.0120697021484375,0.0015544891357421875,0.08174514770507812
374998193417,149,2059748353,1205000000,1211000000,0.0009603500366210938,0.0010128021240234375,0.24861717224121094
375007013549,0,86748798365,1205000000,1211000000,0.0088653564453125,0.001369476318359375,0.9211349487304688
374996734241,122,1579686831,1205000000,1208000000,0.0009107589721679688,1.1444091796875e-05,0.033199310302734375
330587138493,625,55047370285,1205000000,1211000000,0.145751953125,0.022796630859375,43.48553466796875
330587238433,490,92126961381,1205000000,1211000000,0.0477294921875,0.00909423828125,9.54638671875
330587160469,490,92126961381,1205000000,1211000000,0.0477294921875,0.0092010498046875,10.9306640625
374471438640,506,23744833664,1205000000,1211000000,0.008880615234375,0.0005903244018554688,0.17047691345214844
374909856633,848,35891970183,1205000000,1211000000,0.00662994384765625,0.0008487701416015625,1.0320625305175781
375003936574,0,70609032639,1205000000,1208000000,0.0004062652587890625,0.000156402587890625,0.05908012390136719
374909845199,1,104791499784,1205000000,1211000000,0.00455474853515625,0.00033283233642578125,0.4105567932128906
128381343012,51,70521532667,1205000000,1211000000,0.04656982421875,0.00438690185546875,15.287017822265625
330587267055,476,35881892188,1205000000,1208000000,0.0004749298095703125,9.5367431640625e-07,0.03854656219482422
330587135936,487,23744418408,1205000000,1211000000,0.057373046875,0.0103912353515625,5.69219970703125
330587147960,340,2958557752,1205000000,1211000000,0.0097503662109375,0.0009603500366210938,2.506307601928711
374911141136,1205,2059576883,1205000000,1211000000,0.0009107589721679688,0.0005855560302734375,0.12569046020507812
374996725397,137,1579830512,1205000000,1210000000,0.0005826950073242188,9.5367431640625e-06,0.094757080078125
358887942275,393,1130931108,1205000000,1211000000,0.0361328125,0.0017681121826171875,8.414005279541016
374996725713,131,23749019462,1205000000,1210000000,0.0024566650390625,1.71661376953125e-05,0.2721214294433594
374675861423,1693,1579782933,1205000000,1211000000,0.0007944107055664062,0.0041656494140625,0.7142486572265625
374996738144,76,32973999783,1205000000,1210000000,0.001628875732421875,1.33514404296875e-05,0.15601158142089844
374996732860,120,159277706323,1205000000,1208000000,0.00333404541015625,2.002716064453125e-05,0.3622398376464844
102944072177,0,1579760836,1205000000,1207000000,0.00026416778564453125,7.62939453125e-05,0.0061283111572265625
330587138493,665,92152625154,1205000000,1207000000,9.5367431640625e-07,0.00030422210693359375,0.0091552734375
330587207427,162,102979795647,1205000000,1211000000,0.0102386474609375,0.000675201416015625,3.2741546630859375
374911141136,1228,23749050987,1205000000,1211000000,0.000835418701171875,0.0004987716674804688,0.37624168395996094
374996754868,32,74471794818,1205000000,1207000000,0.00290679931640625,2.002716064453125e-05,0.07024383544921875
330587113342,74,55049858260,1205000000,1211000000,0.10595703125,0.020477294921875,32.62005615234375
330587167972,204,33686787380,1205000000,1211000000,0.0572509765625,0.019073486328125,16.94403076171875
374996732860,3,91998085489,1205000000,1207000000,0.00318145751953125,2.002716064453125e-05,0.12165641784667969
374911141136,867,23744500208,1205000000,1208000000,0.001270294189453125,7.05718994140625e-05,0.12872314453125
330587115883,627,21833514,1205000000,1208000000,9.5367431640625e-07,0.00010204315185546875,0.0086517333984375
128381343012,45,348038065007,1205000000,1211000000,0.1148681640625,0.00428009033203125,31.45513916015625
374996732860,45,2060898946,1205000000,1209000000,0.0009622573852539062,1.049041748046875e-05,0.1361846923828125
39516992187,613,70608934122,1205000000,1211000000,0.0037078857421875,0.00013446807861328125,0.27664947509765625
374996738144,51,1376524343,1205000000,1209000000,0.001926422119140625,1.430511474609375e-05,0.11644363403320312
330587217906,225,358242739310,1205000000,1209000000,0.00020503997802734375,9.5367431640625e-07,0.0362548828125
374997804969,103,198551431046,1205000000,1209000000,0.0010528564453125,1.33514404296875e-05,0.0938262939453125
128381343012,53,35872480906,1205000000,1211000000,0.0355224609375,0.00432586669921875,8.846328735351562
358887942275,250,5609483118,1205000000,1211000000,0.027130126953125,0.0017795562744140625,1.7345809936523438
330587207427,266,53772490175,1205000000,1211000000,0.057861328125,0.020751953125,18.3955078125
330587207427,508,348736002402,1205000000,1210000000,0.00023174285888671875,9.5367431640625e-07,0.0139617919921875
374996734241,57,20737067,1205000000,1208000000,0.0010356903076171875,1.621246337890625e-05,0.059958457946777344
374998193417,142,1579533842,1205000000,1211000000,0.0010318756103515625,0.0010242462158203125,0.5058059692382812
374996725397,135,21399568,1205000000,1207000000,0.0007982254028320312,1.1444091796875e-05,0.021051406860351562
67405686884,0,74468363743,1205000000,1211000000,0.00676727294921875,0.00028133392333984375,1.3956241607666016
330587290520,247,103563708139,1205000000,1211000000,0.003322601318359375,0.0008869171142578125,0.6819419860839844
128381343012,48,74467050738,1205000000,1211000000,0.0736083984375,0.00408935546875,12.5870361328125
374996732860,46,2059411609,1205000000,1210000000,0.001415252685546875,1.33514404296875e-05,0.12857437133789062
374780821309,2170,102984342597,1205000000,1211000000,0.2353515625,0.016021728515625,36.19775390625
374996725713,140,2958224402,1205000000,1208000000,0.00142669677734375,1.33514404296875e-05,0.1036834716796875
374996734241,140,143873990781,1205000000,1207000000,0.002437591552734375,5.435943603515625e-05,0.1445331573486328
375004995736,0,92046587157,1205000000,1211000000,0.05621337890625,0.0017604827880859375,1.7392158508300781
374996732860,131,373220226718,1205000000,1209000000,0.001922607421875,1.9073486328125e-05,0.3106689453125
374996725397,0,70609645474,1205000000,1206000000,0.002166748046875,1.71661376953125e-05,0.09827613830566406
330587110827,628,111229336482,1205000000,1211000000,0.1160888671875,0.020355224609375,34.3839111328125
330587204926,325,1578498780,1205000000,1211000000,0.0780029296875,0.0128936767578125,3.27227783203125
374996725397,148,71879251517,1206000000,1210000000,0.00036334991455078125,1.52587890625e-05,0.037860870361328125
374997804969,56,1579780249,1206000000,1210000000,0.0017871856689453125,1.1444091796875e-05,0.05755615234375
39516997747,2177,92175606071,1206000000,1208000000,0.001071929931640625,1.049041748046875e-05,0.08226394653320312
330587123387,538,44167324224,1206000000,1211000000,0.0753173828125,0.020538330078125,15.816192626953125
374909856633,705,92059622005,1206000000,1209000000,0.002262115478515625,0.00047397613525390625,0.07387447357177734
330587120885,410,374225132147,1206000000,1211000000,0.06036376953125,0.02081298828125,4.058837890625
374996725713,2,92098251997,1206000000,1208000000,0.00237274169921875,1.9073486328125e-05,0.06218719482421875
374909862629,192,250621934472,1206000000,1211000000,0.003482818603515625,0.0008449554443359375,1.0603046417236328
375003899256,147,9579681995,1206000000,1211000000,0.009490966796875,0.00125885009765625,1.7737197875976562
375007013587,0,92073763944,1206000000,1211000000,0.127197265625,0.0012416839599609375,16.054868698120117
374996725397,94,1579554679,1206000000,1211000000,0.001979827880859375,1.430511474609375e-05,0.4087972640991211
374997804969,129,12746515759,1206000000,1209000000,0.001983642578125,1.430511474609375e-05,0.04195690155029297
374996725397,8,92028193745,1206000000,1207000000,0.0040740966796875,2.193450927734375e-05,0.03276824951171875
374996754868,143,96915406618,1206000000,1208000000,0.00726318359375,2.002716064453125e-05,0.4224262237548828
374780797776,655,149373394973,1206000000,1211000000,0.019775390625,0.014068603515625,5.75347900390625
374996725713,114,1579644126,1206000000,1209000000,0.001708984375,1.33514404296875e-05,0.07233810424804688
374909856633,1162,36050557376,1206000000,1211000000,0.002941131591796875,0.0008411407470703125,0.18911361694335938
374996738144,80,104791550370,1206000000,1209000000,0.0017948150634765625,1.811981201171875e-05,0.23930740356445312
374996734241,44,72046213533,1206000000,1209000000,0.002643585205078125,1.71661376953125e-05,0.2474498748779297
375004993204,0,92115188122,1206000000,1211000000,0.00408172607421875,0.0016307830810546875,0.14281272888183594
374996754868,42,198551309382,1206000000,1209000000,0.001556396484375,8.392333984375e-05,0.23128509521484375
373398242855,687,1129983321,1206000000,1211000000,0.067138671875,0.004974365234375,4.3267822265625
374996732860,7,92110985551,1206000000,1211000000,0.0016632080078125,1.621246337890625e-05,0.3694725036621094
374996725397,1,70609513474,1206000000,1209000000,0.002384185791015625,1.71661376953125e-05,0.3602027893066406
374996754868,37,1715005860,1206000000,1208000000,0.001434326171875,3.719329833984375e-05,0.10889244079589844
330587150465,271,102983106586,1206000000,1211000000,0.215087890625,0.0126800537109375,17.082595825195312
374996725397,123,2791077613,1206000000,1209000000,0.0006694793701171875,8.58306884765625e-06,0.012205123901367188
374996734241,127,4915064369,1206000000,1208000000,0.0030975341796875,1.430511474609375e-05,0.037342071533203125
374675956470,4054,940008687,1206000000,1211000000,0.0011234283447265625,0.001384735107421875,0.06270408630371094
330587113342,210,92173921616,1206000000,1211000000,0.0849609375,0.016998291015625,10.705718994140625
374860215787,71,104792130853,1206000000,1211000000,0.00191497802734375,0.001434326171875,0.1004791259765625
374998193417,151,20096366812,1206000000,1211000000,0.0010890960693359375,0.001003265380859375,0.2196979522705078
375004995696,0,92139692575,1206000000,1210000000,0.002918243408203125,0.0017757415771484375,0.01877593994140625
374998193417,152,20142086597,1206000000,1211000000,0.001331329345703125,0.00102996826171875,0.5430984497070312
67405686884,1,70773916889,1206000000,1211000000,0.002040863037109375,0.00030040740966796875,0.4331350326538086
375004991367,0,92044093260,1206000000,1209000000,0.00385284423828125,0.0016937255859375,0.0332794189453125
358887942275,258,91995443574,1206000000,1211000000,0.185791015625,0.0016613006591796875,32.804155349731445
374996725713,113,92177202134,1206000000,1209000000,0.0019435882568359375,4.673004150390625e-05,0.04179668426513672
374996738144,61,1375614258,1206000000,1208000000,0.00202178955078125,1.621246337890625e-05,0.07336807250976562
374676027572,2273,71846591561,1206000000,1211000000,0.003559112548828125,0.0016078948974609375,0.6200408935546875
374996732860,140,104791355578,1206000000,1208000000,0.0017719268798828125,1.52587890625e-05,0.17514419555664062
330587209928,372,93515847729,1206000000,1211000000,0.0005283355712890625,0.0006732940673828125,0.09613037109375
212047477406,1467,74472327133,1206000000,1211000000,0.0044708251953125,0.0008068084716796875,0.2638816833496094
374911141136,948,70529546307,1206000000,1211000000,0.00685882568359375,0.000530242919921875,1.3300323486328125
374996738144,18,74470258284,1206000000,1209000000,0.002002716064453125,1.9073486328125e-05,0.1576995849609375
374996734241,101,2058547054,1206000000,1210000000,0.002910614013671875,1.239776611328125e-05,0.4092216491699219
374996738144,73,2058869591,1206000000,1209000000,0.001888275146484375,1.430511474609375e-05,0.10844707489013672
374996732860,84,20736722,1206000000,1209000000,0.002079010009765625,1.239776611328125e-05,0.04391956329345703
374997804969,16,92095460233,1206000000,1209000000,0.003269195556640625,2.09808349609375e-05,0.2368927001953125
374996754868,75,373215977000,1206000000,1208000000,0.002685546875,1.430511474609375e-05,0.016199111938476562
374998193417,125,74468753701,1206000000,1211000000,0.0014133453369140625,0.0010242462158203125,0.31688690185546875
374996725397,151,36050802267,1206000000,1208000000,0.002231597900390625,1.52587890625e-05,0.01348114013671875
374996732860,104,334584381456,1206000000,1211000000,0.0044708251953125,1.71661376953125e-05,0.15707969665527344
374996734241,95,2058869591,1206000000,1210000000,0.001617431640625,1.52587890625e-05,0.25469970703125
374996738144,116,151932046,1206000000,1210000000,0.002391815185546875,1.33514404296875e-05,0.39444732666015625
374997804969,130,289057911343,1206000000,1210000000,0.002368927001953125,1.33514404296875e-05,0.20011138916015625
374996734241,30,74471366170,1206000000,1210000000,0.0050048828125,2.193450927734375e-05,1.0053634643554688
375007003478,0,91998518921,1206000000,1210000000,0.00388336181640625,0.0010356903076171875,0.4328765869140625
330587141000,679,55049858260,1206000000,1211000000,0.067626953125,0.02001953125,13.14697265625
374997804969,40,358258071961,1206000000,1209000000,0.0045013427734375,1.9073486328125e-05,0.21697998046875
374996734241,147,72694764023,1206000000,1209000000,0.003337860107421875,1.811981201171875e-05,0.35237789154052734
374996725713,88,23621262905,1206000000,1209000000,0.00193023681640625,1.430511474609375e-05,0.04083538055419922
374909856633,1156,21578408,1206000000,1211000000,0.00482177734375,0.0008106231689453125,0.9293460845947266
374996725713,24,1145931598,1206000000,1209000000,0.00197601318359375,1.52587890625e-05,0.25687408447265625
374996738144,66,151918148,1206000000,1209000000,0.0019512176513671875,1.52587890625e-05,0.25957489013671875
374996725713,7,86200754201,1206000000,1211000000,0.003063201904296875,2.09808349609375e-05,0.6168365478515625
374996725713,4,92124158620,1206000000,1209000000,0.002960205078125,2.288818359375e-05,0.00894927978515625
330587128389,7,102979870459,1206000000,1211000000,0.12939453125,0.022796630859375,4.56573486328125
374997804969,84,124330977828,1206000000,1211000000,0.0014972686767578125,1.430511474609375e-05,0.241851806640625
374996734241,87,12751564606,1206000000,1209000000,0.0013713836669921875,0.0007648468017578125,0.1153564453125
374996734241,63,1375613543,1206000000,1209000000,0.002841949462890625,1.621246337890625e-05,0.2915325164794922
374675853022,1574,149373394973,1206000000,1211000000,0.00921630859375,0.003398895263671875,1.7661285400390625
374996754868,44,20142079057,1206000000,1209000000,0.0015277862548828125,1.049041748046875e-05,0.12460041046142578
374996738144,77,138179916426,1206000000,1209000000,0.001468658447265625,1.430511474609375e-05,0.053386688232421875
374996732860,83,4458912558,1206000000,1208000000,0.0016880035400390625,1.71661376953125e-05,0.13300323486328125
374675879196,293,938980718,1206000000,1211000000,0.01611328125,0.001148223876953125,0.690460205078125
374996732860,81,1375590690,1206000000,1210000000,0.00330352783203125,1.430511474609375e-05,0.22561264038085938
330587110827,430,24272711885,1206000000,1211000000,0.0701904296875,0.0169677734375,16.56005859375
374996738144,27,1713301981,1206000000,1209000000,0.001468658447265625,1.1444091796875e-05,0.14208984375
374996738144,108,143921553401,1206000000,1209000000,0.003116607666015625,1.71661376953125e-05,0.24443435668945312
358887942275,211,91995443574,1206000000,1211000000,0.0836181640625,0.0016155242919921875,16.194400787353516
330587204926,430,358225508588,1206000000,1211000000,0.00043582916259765625,9.5367431640625e-07,0.0873565673828125
375004991149,0,92102530350,1206000000,1211000000,0.00383758544921875,0.002056121826171875,0.05893707275390625
375004993836,0,70609095181,1206000000,1210000000,0.003452301025390625,0.00162506103515625,0.446807861328125
374675861423,5732,24272669406,1206000000,1211000000,0.0011157989501953125,0.001239776611328125,0.4593372344970703
374996754868,138,104792344439,1206000000,1211000000,0.00110626220703125,1.71661376953125e-05,0.2303028106689453
375007012435,0,92043519501,1206000000,1211000000,0.439453125,0.0023651123046875,50.80909729003906
358887942275,150,72042104472,1206000000,1211000000,0.038330078125,0.001735687255859375,10.016441345214844
330587303641,250,103267158440,1206000000,1209000000,0.00028324127197265625,9.5367431640625e-07,0.016199111938476562
374996738144,97,93512891688,1206000000,1210000000,0.003787994384765625,2.288818359375e-05,0.243896484375
374996738144,32,297677568481,1206000000,1209000000,0.00273895263671875,1.430511474609375e-05,0.27257251739501953
128381343012,274,104791294516,1206000000,1211000000,0.04522705078125,0.00431060791015625,9.164466857910156
374996754868,110,574694809,1206000000,1209000000,0.00246429443359375,1.430511474609375e-05,0.029743194580078125
374996754868,131,111579255150,1206000000,1211000000,0.001949310302734375,1.1444091796875e-05,0.48038482666015625
374911141136,1259,24273569706,1206000000,1211000000,0.0006513595581054688,0.00045680999755859375,0.19392967224121094
374996738144,9,86168946013,1206000000,1208000000,0.0012149810791015625,2.002716064453125e-05,0.03211021423339844
330587123387,478,24273579550,1206000000,1211000000,0.05828857421875,0.02081298828125,9.4921875
128381343012,52,2457882573,1206000000,1211000000,0.046875,0.00354766845703125,0.5042266845703125
374996725397,152,35892611545,1206000000,1209000000,0.001071929931640625,1.239776611328125e-05,0.0032529830932617188
374996725397,6,86290083761,1206000000,1208000000,0.001979827880859375,1.71661376953125e-05,0.16774749755859375
346018572754,93,361848743539,1206000000,1211000000,0.0152130126953125,0.001697540283203125,1.0991859436035156
374996734241,74,4451168919,1206000000,1211000000,0.002864837646484375,1.71661376953125e-05,0.3026103973388672
330587167972,167,23624519542,1206000000,1211000000,0.114990234375,0.016387939453125,1.31378173828125
374996754868,134,92154595352,1206000000,1208000000,0.0016918182373046875,1.430511474609375e-05,0.034122467041015625
374996725397,96,1130924864,1206000000,1211000000,0.0016918182373046875,0.0010623931884765625,0.1927947998046875
374996732860,95,21561852,1206000000,1210000000,0.0013885498046875,1.1444091796875e-05,0.190399169921875
330587238433,94,104829755120,1206000000,1211000000,0.0024261474609375,0.0007658004760742188,0.3191947937011719
374996734241,141,104792155194,1206000000,1208000000,0.00252532958984375,1.9073486328125e-05,0.142486572265625
375004993772,0,92027971126,1206000000,1211000000,0.003570556640625,0.0013408660888671875,0.5156993865966797
374997804969,92,169514171208,1206000000,1209000000,0.00414276123046875,4.1961669921875e-05,0.20086669921875
330587123387,510,102894346371,1206000000,1211000000,0.1005859375,0.021453857421875,6.712188720703125
330587160469,236,24272669406,1206000000,1211000000,0.064697265625,0.022796630859375,0.87493896484375
374996754868,100,250618235904,1206000000,1209000000,0.0016307830810546875,1.71661376953125e-05,0.09393310546875
374996734241,64,1377352809,1206000000,1211000000,0.00289154052734375,2.384185791015625e-05,0.5247688293457031
374997804969,67,92057078873,1206000000,1209000000,0.0042572021484375,2.09808349609375e-05,0.5518856048583984
374997804969,123,35891841298,1206000000,1209000000,0.0011463165283203125,1.430511474609375e-05,0.11838340759277344
374996754868,89,105214824143,1206000000,1209000000,0.002208709716796875,1.811981201171875e-05,0.15365123748779297
374996732860,63,86854668688,1206000000,1210000000,0.0021209716796875,1.430511474609375e-05,0.4185142517089844
374996738144,81,92098251996,1206000000,1209000000,0.00380706787109375,2.002716064453125e-05,0.06888771057128906
374996725397,72,92088246233,1206000000,1209000000,0.002410888671875,1.71661376953125e-05,0.3350715637207031
374996734241,0,92110985551,1206000000,1211000000,0.0024566650390625,1.9073486328125e-05,0.5199050903320312
374997804969,140,1377129934,1206000000,1210000000,0.001415252685546875,1.1444091796875e-05,0.188323974609375
374996738144,17,92049383622,1206000000,1208000000,0.002330780029296875,1.71661376953125e-05,0.10800552368164062
98263155157,5,1129249519,1206000000,1211000000,0.00588226318359375,0.001514434814453125,1.1095046997070312
374996754868,107,73751257933,1206000000,1209000000,0.001934051513671875,1.621246337890625e-05,0.1345682144165039
374996725397,11,92130545438,1206000000,1210000000,0.004974365234375,2.002716064453125e-05,0.8390579223632812
330587272057,364,104792148944,1206000000,1209000000,0.0003108978271484375,9.5367431640625e-07,0.0009355545043945312
374996725397,134,21833523,1206000000,1209000000,0.003570556640625,1.239776611328125e-05,0.31171703338623047
374996754868,129,1187328751,1206000000,1209000000,0.0017242431640625,1.52587890625e-05,0.046966552734375
374996732860,106,4451168919,1206000000,1211000000,0.002162933349609375,1.621246337890625e-05,0.043582916259765625
374996754868,117,21204376,1206000000,1209000000,0.0015659332275390625,1.52587890625e-05,0.15179443359375
374996738144,115,151932046,1206000000,1210000000,0.002193450927734375,1.430511474609375e-05,0.3797340393066406
374996738144,8,86286350848,1206000000,1209000000,0.00406646728515625,2.193450927734375e-05,0.42928218841552734
330587262052,358,938885773,1206000000,1209000000,1.9073486328125e-06,9.5367431640625e-07,3.4332275390625e-05
374996754868,41,1579579754,1206000000,1209000000,0.00081634521484375,1.1444091796875e-05,0.09685134887695312
374909856633,1252,4878296977,1206000000,1211000000,0.00041484832763671875,0.0001678466796875,0.049529075622558594
374996734241,92,1573259479,1206000000,1209000000,0.001483917236328125,1.430511474609375e-05,0.02247333526611328
374471438640,545,4468904643,1206000000,1211000000,0.001010894775390625,0.0005559921264648438,0.06267547607421875
374996738144,28,1712912144,1206000000,1210000000,0.003482818603515625,1.430511474609375e-05,0.47560882568359375
358267046643,11,940008687,1206000000,1211000000,0.02490234375,0.0050811767578125,2.99835205078125
374996725713,152,77442774614,1206000000,1210000000,0.004241943359375,1.71661376953125e-05,0.749603271484375
374996734241,130,250621484238,1206000000,1208000000,0.0017337799072265625,6.866455078125e-05,0.11175155639648438
374996738144,29,2791077613,1206000000,1209000000,0.00101470947265625,1.049041748046875e-05,0.1260995864868164
160232503528,504,104792809485,1206000000,1209000000,0.0007343292236328125,1.239776611328125e-05,0.060484886169433594
374996734241,34,21210060,1206000000,1210000000,0.001735687255859375,1.1444091796875e-05,0.216644287109375
330587150465,487,20736704,1206000000,1211000000,0.04541015625,0.0118255615234375,1.4308929443359375
358887942275,206,259065338485,1206000000,1211000000,0.0848388671875,0.001842498779296875,3.0338478088378906
374996738144,30,2058414508,1206000000,1209000000,0.0013942718505859375,1.239776611328125e-05,0.15614032745361328
330587130890,342,24270511401,1206000000,1211000000,0.018096923828125,0.0009708404541015625,0.6673717498779297
374996725713,103,159281463528,1206000000,1209000000,0.00322723388671875,2.002716064453125e-05,0.038967132568359375
374996732860,33,91960537867,1206000000,1209000000,0.0019054412841796875,1.811981201171875e-05,0.05193614959716797
330587259428,576,22353919,1206000000,1211000000,0.0099029541015625,0.000614166259765625,1.8404960632324219
374996725397,25,92049877702,1206000000,1208000000,0.002613067626953125,1.9073486328125e-05,0.115814208984375
374996734241,70,494897527,1206000000,1210000000,0.00328826904296875,1.621246337890625e-05,0.23792266845703125
374471438640,642,4468904643,1206000000,1211000000,0.000713348388671875,0.0004949569702148438,0.21749496459960938
330587130890,668,55049858260,1206000000,1211000000,0.18212890625,0.02020263671875,25.29144287109375
374996754868,148,222541538605,1206000000,1209000000,0.003818511962890625,1.71661376953125e-05,0.11507034301757812
374996738144,78,20146416392,1206000000,1210000000,0.0009431838989257812,1.239776611328125e-05,0.0229339599609375
374996732860,152,104829755120,1206000000,1207000000,0.0009975433349609375,2.193450927734375e-05,0.004077911376953125
374996738144,138,105123839113,1206000000,1209000000,0.002910614013671875,1.811981201171875e-05,0.10543441772460938
374996725397,39,141683383408,1206000000,1209000000,0.002658843994140625,2.193450927734375e-05,0.04825401306152344
374471436665,2,4468904643,1206000000,1211000000,0.0034332275390625,0.002773284912109375,0.4034233093261719
128381343012,43,21242889,1206000000,1211000000,0.0284423828125,0.0042877197265625,1.96380615234375
374590278205,20,20736894,1206000000,1211000000,0.03369140625,0.0034942626953125,9.296417236328125
330587118384,348,71969879210,1206000000,1211000000,0.051513671875,0.015472412109375,16.74652099609375
374996754868,19,80678690089,1206000000,1208000000,0.002689361572265625,1.811981201171875e-05,0.16244888305664062
374996734241,58,20736722,1206000000,1209000000,0.00211334228515625,1.430511474609375e-05,0.17872238159179688
374996725397,145,105231187869,1206000000,1209000000,0.00604248046875,1.621246337890625e-05,0.708867073059082
374996734241,42,217943702998,1206000000,1210000000,0.0014858245849609375,1.430511474609375e-05,0.08400726318359375
98263155157,1,1131261033,1206000000,1211000000,0.0130157470703125,0.0015430450439453125,3.1301403045654297
330587170473,188,24271263722,1206000000,1211000000,0.011016845703125,0.005828857421875,2.105712890625
374996734241,56,1377961506,1206000000,1210000000,0.000926971435546875,1.52587890625e-05,0.0565338134765625
330587207427,286,373578887564,1206000000,1211000000,0.003116607666015625,0.0008974075317382812,0.16056060791015625
374996738144,95,92131703324,1206000000,1209000000,0.0013580322265625,1.71661376953125e-05,0.07426071166992188
374911141136,1393,104792041702,1206000000,1211000000,0.00559234619140625,0.00061798095703125,0.6520843505859375
374996754868,135,91986151568,1206000000,1209000000,0.0012722015380859375,1.239776611328125e-05,0.08478355407714844
335464189934,256,92074916337,1206000000,1211000000,0.05926513671875,0.0019054412841796875,10.093145370483398
374996738144,105,70526346099,1206000000,1207000000,0.003200531005859375,1.811981201171875e-05,0.08368492126464844
374996732860,94,260488888673,1206000000,1209000000,0.00557708740234375,1.71661376953125e-05,0.6377449035644531
330587125888,678,24270511401,1206000000,1211000000,0.0552978515625,0.009124755859375,7.408599853515625
128142282100,205,24323210388,1206000000,1210000000,0.0174560546875,9.918212890625e-05,0.491546630859375
374996725713,120,100217274,1206000000,1209000000,0.001544952392578125,1.52587890625e-05,0.20126724243164062
374996725713,99,358565367934,1206000000,1209000000,0.001750946044921875,1.239776611328125e-05,0.17986106872558594
374996734241,19,151849089,1206000000,1209000000,0.0047454833984375,1.621246337890625e-05,0.6856842041015625
374996725713,142,72041631261,1206000000,1209000000,0.0015850067138671875,2.193450927734375e-05,0.10123729705810547
374996725713,128,23744554038,1206000000,1210000000,0.002105712890625,1.52587890625e-05,0.21209716796875
374996754868,15,92143002573,1206000000,1208000000,0.00244903564453125,2.002716064453125e-05,0.049381256103515625
374996725713,126,21242890,1206000000,1209000000,0.0013942718505859375,1.239776611328125e-05,0.07596015930175781
374997804969,136,2450257440,1206000000,1209000000,0.003597259521484375,1.33514404296875e-05,0.4441051483154297
374998193417,135,1573887327,1206000000,1211000000,0.00147247314453125,0.0009899139404296875,0.6032848358154297
374996738144,131,12746515759,1206000000,1209000000,0.003574371337890625,1.621246337890625e-05,0.39855480194091797
374996738144,149,104792155194,1206000000,1208000000,0.002231597900390625,1.9073486328125e-05,0.171051025390625
374996725397,33,92088246233,1206000000,1209000000,0.00441741943359375,2.002716064453125e-05,0.29287147521972656
374997804969,24,25543141361,1206000000,1211000000,0.00351715087890625,0.0011119842529296875,0.9026813507080078
374911141136,1397,104792809481,1206000000,1211000000,0.0041961669921875,0.00044536590576171875,0.9515142440795898
374997804969,46,92155369893,1206000000,1208000000,0.0014667510986328125,1.430511474609375e-05,0.053318023681640625
374996738144,26,23624556258,1206000000,1209000000,0.0019054412841796875,1.621246337890625e-05,0.184478759765625
374996725397,87,92098251997,1206000000,1208000000,0.002956390380859375,1.811981201171875e-05,0.095184326171875
374996738144,92,373216050542,1206000000,1209000000,0.002288818359375,6.771087646484375e-05,0.07776546478271484
374996754868,47,297677568481,1206000000,1209000000,0.0006237030029296875,9.5367431640625e-06,0.03989410400390625
374996725397,124,20143082984,1206000000,1210000000,0.0004558563232421875,1.1444091796875e-05,0.0934600830078125
374590278205,19,1375591284,1206000000,1211000000,0.04132080078125,0.003376007080078125,8.492393493652344
374996734241,86,22458761487,1206000000,1209000000,0.00313568115234375,1.52587890625e-05,0.34975433349609375
374996725713,86,23624319709,1206000000,1209000000,0.0039825439453125,0.00014400482177734375,0.3218708038330078
374996725397,99,72026908264,1206000000,1209000000,0.003452301025390625,1.9073486328125e-05,0.30200958251953125
374996738144,110,92083616766,1206000000,1210000000,0.00390625,2.002716064453125e-05,0.6124992370605469
95641592955,37,86191572719,1206000000,1209000000,0.0004329681396484375,2.956390380859375e-05,0.04856586456298828
330587113342,667,24270455916,1206000000,1211000000,0.3349609375,0.015625,71.8701171875
374996725713,137,71882336078,1206000000,1209000000,0.0013675689697265625,1.239776611328125e-05,0.19043540954589844
374996725713,44,70609716983,1206000000,1209000000,0.002197265625,1.52587890625e-05,0.013275146484375
374996725713,147,320014305089,1206000000,1209000000,0.00211334228515625,1.52587890625e-05,0.0894012451171875
374996732860,87,2961068393,1206000000,1210000000,0.0017719268798828125,1.430511474609375e-05,0.17862319946289062
374996732860,68,20736998,1206000000,1209000000,0.0013256072998046875,1.239776611328125e-05,0.17260265350341797
374997804969,122,62159008,1206000000,1210000000,0.0017757415771484375,1.33514404296875e-05,0.02862548828125
374997804969,20,92006921650,1206000000,1209000000,0.0012722015380859375,4.673004150390625e-05,0.17409896850585938
330587147960,50,105127068497,1206000000,1211000000,0.126220703125,0.0213623046875,2.2137451171875
374996738144,134,104792344439,1206000000,1208000000,0.0022430419921875,1.811981201171875e-05,0.20802688598632812
374996725713,97,74470258284,1206000000,1211000000,0.00186920166015625,8.869171142578125e-05,0.2936840057373047
374996754868,45,20141943935,1206000000,1211000000,0.001544952392578125,1.1444091796875e-05,0.20233154296875
374996738144,114,2456061636,1206000000,1210000000,0.002094268798828125,1.621246337890625e-05,0.32079315185546875
374996754868,93,96915364773,1206000000,1209000000,0.003841400146484375,1.71661376953125e-05,0.13890838623046875
374997804969,65,250619320203,1206000000,1209000000,0.0013027191162109375,1.621246337890625e-05,0.0751791000366211
374996734241,38,128500100314,1206000000,1209000000,0.002193450927734375,2.09808349609375e-05,0.31223487854003906
39516997747,1634,10879133021,1206000000,1211000000,0.002742767333984375,0.00010967254638671875,0.48491477966308594
375004988922,0,96914881883,1206000000,1211000000,0.002960205078125,0.0021514892578125,0.51116943359375
374996725713,27,1935707293,1206000000,1209000000,0.0016307830810546875,9.5367431640625e-06,0.177154541015625
374996738144,47,939000732,1206000000,1211000000,0.0016918182373046875,1.52587890625e-05,0.03414154052734375
374996738144,125,105123816784,1206000000,1211000000,0.00287628173828125,0.00014495849609375,0.438079833984375
374996738144,38,217943702998,1206000000,1210000000,0.002475738525390625,1.33514404296875e-05,0.0597381591796875
374996734241,71,77441368785,1206000000,1209000000,0.00604248046875,0.00110626220703125,0.36458587646484375
374996754868,114,25950842002,1206000000,1210000000,0.0017223358154296875,1.239776611328125e-05,0.12490081787109375
374996754868,94,105215206229,1206000000,1209000000,0.001613616943359375,1.52587890625e-05,0.10750579833984375
374996734241,104,250621934470,1206000000,1210000000,0.0016002655029296875,1.430511474609375e-05,0.07104110717773438
374996738144,25,159613131356,1206000000,1211000000,0.0019168853759765625,1.71661376953125e-05,0.3577995300292969
330587135936,501,71964801263,1206000000,1211000000,0.0850830078125,0.0208740234375,11.12548828125
374996754868,88,96915528656,1206000000,1209000000,0.0017032623291015625,1.71661376953125e-05,0.08774185180664062
374996754868,80,143874086014,1206000000,1210000000,0.002262115478515625,1.52587890625e-05,0.2641754150390625
374996754868,73,1579704118,1206000000,1209000000,0.000934600830078125,8.58306884765625e-06,0.0028295516967773438
374997804969,72,70609095181,1206000000,1211000000,0.002338409423828125,0.00010585784912109375,0.12221336364746094
374996725397,71,92083616766,1206000000,1210000000,0.00328826904296875,1.811981201171875e-05,0.3835411071777344
374997804969,50,1130931108,1206000000,1209000000,0.002140045166015625,1.621246337890625e-05,0.07762527465820312
374996754868,82,70526346099,1206000000,1209000000,0.002124786376953125,1.71661376953125e-05,0.1542205810546875
374996725713,119,20142086597,1206000000,1209000000,0.002353668212890625,2.47955322265625e-05,0.22833251953125
374996732860,119,104794994577,1206000000,1209000000,0.00262451171875,2.09808349609375e-05,0.1825389862060547
330587170473,191,24272669406,1206000000,1211000000,0.0809326171875,0.01983642578125,10.076904296875
128381343012,367,24272669406,1206000000,1211000000,0.0643310546875,0.00433349609375,9.613037109375
374996725397,107,159281463528,1206000000,1209000000,0.0013065338134765625,1.811981201171875e-05,0.15895843505859375
374996754868,123,23749178782,1206000000,1210000000,0.0020599365234375,1.33514404296875e-05,0.099517822265625
374997804969,100,20096366812,1206000000,1210000000,0.0014476776123046875,1.049041748046875e-05,0.2566375732421875
374996725397,50,1638742871,1206000000,1209000000,0.001239776611328125,1.1444091796875e-05,0.08258056640625
374996754868,84,70538611012,1206000000,1209000000,0.0018253326416015625,1.621246337890625e-05,0.2707071304321289
374996725397,110,199649547176,1206000000,1208000000,0.0020751953125,0.000244140625,0.00927734375
374996738144,75,1579750609,1206000000,1208000000,0.001857757568359375,1.239776611328125e-05,0.05610466003417969
374996754868,51,1376620150,1206000000,1210000000,0.00524139404296875,1.52587890625e-05,0.168212890625
374996738144,104,96915528656,1206000000,1209000000,0.0015506744384765625,1.9073486328125e-05,0.047092437744140625
375007011438,0,92051612156,1206000000,1211000000,0.00266265869140625,6.103515625e-05,0.25875091552734375
374996734241,82,22458761489,1206000000,1209000000,0.00156402587890625,1.52587890625e-05,0.15634918212890625
374996732860,123,96915528656,1206000000,1209000000,0.00141143798828125,1.9073486328125e-05,0.1373291015625
375007003072,0,1715124709,1206000000,1211000000,0.129638671875,0.002429962158203125,23.772354125976562
374911141136,1433,21307910,1206000000,1211000000,0.00624847412109375,0.000568389892578125,1.0225296020507812
375007003474,0,92035093729,1206000000,1211000000,0.01812744140625,0.0014495849609375,3.328094482421875
374996754868,70,151864009,1206000000,1210000000,0.00293731689453125,1.239776611328125e-05,0.4601554870605469
374996754868,38,1713028497,1206000000,1208000000,0.0015316009521484375,9.5367431640625e-06,0.123291015625
344392491144,0,70609174490,1206000000,1211000000,0.0069580078125,0.0006532669067382812,0.8752965927124023
374997804969,87,71877219577,1206000000,1209000000,0.003475189208984375,1.71661376953125e-05,0.14667892456054688
374996725713,111,25543141361,1206000000,1211000000,0.002468109130859375,0.001102447509765625,0.74981689453125
374996725397,12,86171282524,1206000000,1208000000,0.00412750244140625,2.002716064453125e-05,0.07465553283691406
374471438640,286,35882139265,1206000000,1209000000,0.0015277862548828125,0.00010395050048828125,0.08321857452392578
374996734241,33,1713028497,1206000000,1208000000,0.002227783203125,1.71661376953125e-05,0.058368682861328125
330587160469,490,105124143932,1206000000,1211000000,0.01116943359375,0.0009784698486328125,1.3362693786621094
374996754868,58,23859771370,1206000000,1209000000,0.0016002655029296875,1.430511474609375e-05,0.10171794891357422
374996734241,68,1376277003,1206000000,1211000000,0.00335693359375,1.621246337890625e-05,0.7420921325683594
375007005798,0,91994197735,1206000000,1211000000,0.01129150390625,0.0010967254638671875,1.3007640838623047
374996732860,92,23744674486,1206000000,1210000000,0.002712249755859375,1.9073486328125e-05,0.5025634765625
374996754868,30,92177202134,1206000000,1209000000,0.002414703369140625,1.430511474609375e-05,0.1311664581298828
374997804969,73,81674243246,1206000000,1208000000,0.0008258819580078125,1.811981201171875e-05,0.0016880035400390625
374471438640,238,92074916337,1206000000,1211000000,0.00634765625,0.0010128021240234375,0.9200572967529297
374996732860,76,23206574,1206000000,1211000000,0.00225067138671875,1.33514404296875e-05,0.05660057067871094
375003899256,140,80224148298,1206000000,1211000000,0.02349853515625,0.00102996826171875,4.537773132324219
374911141136,1410,104791581600,1206000000,1211000000,0.0010929107666015625,0.0004405975341796875,0.1380157470703125
374997804969,147,1376080095,1206000000,1211000000,0.00164031982421875,1.1444091796875e-05,0.07432937622070312
374996725397,113,92049383622,1206000000,1209000000,0.001949310302734375,1.71661376953125e-05,0.08259201049804688
374996734241,123,25600640519,1206000000,1208000000,0.0008344650268554688,1.52587890625e-05,0.03568840026855469
330587230524,414,173842721192,1206000000,1209000000,0.00026988983154296875,9.5367431640625e-07,0.01787567138671875
102474706605,356,35891793169,1206000000,1211000000,0.0013904571533203125,0.0005130767822265625,0.3902244567871094
374996754868,125,2449579098,1206000000,1209000000,0.00200653076171875,1.71661376953125e-05,0.08499526977539062
39516997747,500,4878296977,1206000000,1211000000,0.0008478164672851562,0.0001354217529296875,0.24580955505371094
374996732860,144,96914196941,1207000000,1208000000,0.00284576416015625,1.9073486328125e-05,0.042972564697265625
374997804969,42,92172598637,1207000000,1208000000,0.0007028579711914062,1.52587890625e-05,0.006463050842285156
374996725713,47,92051612156,1207000000,1211000000,0.0018939971923828125,2.002716064453125e-05,0.13015365600585938
374996732860,125,172745445492,1207000000,1210000000,0.002025604248046875,1.239776611328125e-05,0.18342018127441406
374996725713,123,20142079057,1207000000,1209000000,0.0040740966796875,1.049041748046875e-05,0.14704513549804688
374997804969,12,86191572719,1207000000,1211000000,0.002513885498046875,1.811981201171875e-05,0.10128021240234375
374996732860,78,125950523290,1207000000,1211000000,0.00202178955078125,1.239776611328125e-05,0.2522392272949219
374996754868,137,104791450681,1207000000,1210000000,0.002716064453125,4.00543212890625e-05,0.29766082763671875
374996732860,146,70550045285,1207000000,1210000000,0.0017528533935546875,1.811981201171875e-05,0.10625839233398438
374996754868,141,96914756158,1207000000,1209000000,0.002262115478515625,1.430511474609375e-05,0.10471534729003906
374996754868,99,104791466877,1207000000,1209000000,0.0013523101806640625,1.430511474609375e-05,0.07379722595214844
374996754868,101,373219144059,1207000000,1210000000,0.0017337799072265625,1.33514404296875e-05,0.0524139404296875
375002830139,0,104792275449,1207000000,1210000000,0.00025081634521484375,2.002716064453125e-05,0.017063140869140625
374996725397,125,20142086597,1207000000,1209000000,0.0018901824951171875,2.574920654296875e-05,0.12261962890625
330587290520,11,1712846976,1207000000,1211000000,0.0156097412109375,0.000644683837890625,0.130035400390625
374997804969,143,311551501280,1207000000,1211000000,0.0012798309326171875,1.430511474609375e-05,0.25882720947265625
374996738144,153,104792164038,1207000000,1210000000,0.00562286376953125,1.9073486328125e-05,0.81243896484375
374996732860,54,1579686810,1207000000,1209000000,0.00234222412109375,1.52587890625e-05,0.1131591796875
374996725397,97,574465775,1207000000,1211000000,0.00109100341796875,1.430511474609375e-05,0.022106170654296875
374996734241,20,74468677922,1207000000,1209000000,0.0048370361328125,2.002716064453125e-05,0.3302803039550781
374996725397,132,198551024656,1207000000,1210000000,0.00209808349609375,1.239776611328125e-05,0.16461753845214844
374997804969,19,92035012406,1207000000,1210000000,0.0010852813720703125,0.001171112060546875,0.1827678680419922
374996725713,149,23860253894,1207000000,1211000000,0.0048675537109375,1.71661376953125e-05,0.7620162963867188
374996725397,64,92028166426,1207000000,1210000000,0.0007877349853515625,1.52587890625e-05,0.06022453308105469
374996734241,69,494813084,1207000000,1211000000,0.001384735107421875,1.621246337890625e-05,0.19052886962890625
374997804969,96,1713317442,1207000000,1210000000,0.00146484375,1.33514404296875e-05,0.070953369140625
374996725397,101,1579815411,1207000000,1210000000,0.002559661865234375,1.1444091796875e-05,0.34709930419921875
374996732860,133,70521532667,1207000000,1210000000,0.001735687255859375,1.9073486328125e-05,0.06317138671875
374996725713,107,71977783414,1207000000,1210000000,0.00173187255859375,1.71661376953125e-05,0.03672981262207031
374996734241,41,21247155,1207000000,1209000000,0.002391815185546875,1.33514404296875e-05,0.13949966430664062
374996754868,83,250619266269,1207000000,1209000000,0.002178192138671875,1.811981201171875e-05,0.11420822143554688
374996732860,118,70522175353,1207000000,1210000000,0.0019474029541015625,1.621246337890625e-05,0.08247184753417969
375007004986,0,92088589666,1207000000,1211000000,0.2802734375,0.00225067138671875,16.951446533203125
374996734241,59,111579255150,1207000000,1211000000,0.0005655288696289062,1.52587890625e-05,0.03717041015625
374996725397,105,12748770831,1207000000,1210000000,0.002231597900390625,1.33514404296875e-05,0.15490150451660156
374996754868,62,939000732,1207000000,1211000000,0.00054931640625,1.049041748046875e-05,0.08285140991210938
374997804969,44,86198029017,1207000000,1210000000,0.0013980865478515625,2.002716064453125e-05,0.0893411636352539
374996732860,132,373579035479,1207000000,1208000000,0.002468109130859375,1.9073486328125e-05,0.114410400390625
374996754868,126,35970848854,1207000000,1211000000,0.002033233642578125,0.0011386871337890625,0.558258056640625
374996732860,103,4771116158,1207000000,1210000000,0.00287628173828125,1.239776611328125e-05,0.19931888580322266
330587125888,681,102984342597,1207000000,1211000000,0.0938720703125,0.0159912109375,16.69921875
374996754868,152,96916825329,1207000000,1211000000,0.002376556396484375,8.0108642578125e-05,0.26531982421875
374996732860,61,1376264664,1207000000,1210000000,0.002277374267578125,1.33514404296875e-05,0.1305713653564453
374675861423,627,24273669841,1207000000,1211000000,0.001369476318359375,0.00146484375,0.40814208984375
374996754868,7,92047703086,1207000000,1209000000,0.0018291473388671875,1.52587890625e-05,0.040576934814453125
374996738144,122,169233926904,1207000000,1209000000,0.002269744873046875,1.430511474609375e-05,0.22383689880371094
374996725397,30,92088662319,1207000000,1209000000,0.00315093994140625,1.9073486328125e-05,0.00634002685546875
374996725397,58,82402206366,1207000000,1211000000,0.00183868408203125,1.430511474609375e-05,0.10376739501953125
374997804969,33,92130657104,1207000000,1210000000,0.00301361083984375,2.002716064453125e-05,0.018201828002929688
374911141136,5,1579830518,1207000000,1210000000,0.000217437744140625,8.58306884765625e-06,0.03390312194824219
374675861423,2924,71969689680,1207000000,1211000000,0.0016765594482421875,0.001495361328125,0.050750732421875
371808627837,124,104792326080,1207000000,1211000000,0.0041961669921875,3.814697265625e-05,0.626678466796875
374996754868,34,23621183236,1207000000,1210000000,0.002223968505859375,2.574920654296875e-05,0.33070850372314453
330587138493,200,259473609968,1207000000,1211000000,0.05120849609375,0.0196533203125,7.9365234375
374996738144,56,2960875736,1207000000,1211000000,0.0026397705078125,1.621246337890625e-05,0.3930854797363281
374996725713,73,574395255,1207000000,1211000000,0.0041961669921875,1.71661376953125e-05,0.3033599853515625
374996732860,126,105214824143,1207000000,1211000000,0.0008487701416015625,1.811981201171875e-05,0.052013397216796875
374996734241,35,2060299575,1207000000,1210000000,0.0009260177612304688,1.1444091796875e-05,0.09562110900878906
374996732860,72,494839132,1207000000,1210000000,0.002033233642578125,1.33514404296875e-05,0.1473541259765625
374996725713,132,33151898630,1207000000,1211000000,0.0014858245849609375,1.33514404296875e-05,0.2458648681640625
374996734241,136,70519939253,1207000000,1211000000,0.002094268798828125,1.52587890625e-05,0.354400634765625
374996732860,135,373578576840,1207000000,1209000000,0.0014209747314453125,5.7220458984375e-05,0.10347366333007812
374996734241,24,92089306115,1207000000,1209000000,0.00495147705078125,2.002716064453125e-05,0.2386322021484375
374997804969,4,91995401453,1207000000,1208000000,0.002674102783203125,1.71661376953125e-05,0.09688568115234375
374996738144,135,143873990782,1207000000,1210000000,0.0003795623779296875,1.33514404296875e-05,0.0377197265625
374996754868,105,143876333882,1207000000,1210000000,0.001922607421875,7.43865966796875e-05,0.1437835693359375
374996732860,147,104791355579,1207000000,1209000000,0.0019207000732421875,1.71661376953125e-05,0.011627197265625
374911141136,919,3093309876,1207000000,1210000000,0.00022125244140625,6.67572021484375e-06,0.007521629333496094
374996734241,26,159613131356,1207000000,1211000000,0.0008821487426757812,0.001132965087890625,0.08866500854492188
374996734241,94,32296205383,1207000000,1210000000,0.00171661376953125,3.24249267578125e-05,0.026235580444335938
374996734241,149,70525334167,1207000000,1209000000,0.0024261474609375,2.002716064453125e-05,0.17612457275390625
374996725713,1,92051643810,1207000000,1209000000,0.002666473388671875,6.866455078125e-05,0.240692138671875
374996725713,90,574480415,1207000000,1210000000,0.001129150390625,1.811981201171875e-05,0.03441810607910156
374996738144,79,250621934470,1207000000,1210000000,0.00299835205078125,1.811981201171875e-05,0.33482837677001953
330587113342,389,23742030445,1207000000,1211000000,0.0941162109375,0.01708984375,20.4619140625
374996734241,52,2960767116,1207000000,1210000000,0.002094268798828125,1.52587890625e-05,0.2847862243652344
374996734241,135,68665908129,1207000000,1211000000,0.0059661865234375,2.193450927734375e-05,1.14971923828125
358146539252,588,71970761936,1207000000,1211000000,0.0509033203125,0.0099639892578125,8.2779541015625
374996725713,70,77443392402,1207000000,1210000000,0.001628875732421875,1.1444091796875e-05,0.1476287841796875
374997804969,119,104792344442,1207000000,1208000000,0.00450897216796875,7.724761962890625e-05,0.20637989044189453
374996725397,43,44490099814,1207000000,1210000000,0.00036144256591796875,1.33514404296875e-05,0.048348426818847656
374996738144,12,92040069683,1207000000,1211000000,0.0032501220703125,2.09808349609375e-05,0.3401947021484375
374996725397,41,23624287941,1207000000,1211000000,0.00209808349609375,1.621246337890625e-05,0.025371551513671875
374996725397,77,1129221339,1207000000,1209000000,0.0022430419921875,1.621246337890625e-05,0.0045185089111328125
374997804969,15,92098993927,1207000000,1209000000,0.00226593017578125,1.71661376953125e-05,0.21917724609375
374996725397,117,23624779534,1207000000,1211000000,0.001804351806640625,0.0008058547973632812,0.50115966796875
374996738144,133,1579805380,1207000000,1209000000,0.001270294189453125,1.33514404296875e-05,0.09755706787109375
374996732860,124,96915364773,1207000000,1209000000,0.002147674560546875,1.430511474609375e-05,0.11674690246582031
374996754868,77,92058698343,1207000000,1209000000,0.002105712890625,1.621246337890625e-05,0.01697540283203125
374996725713,41,1129496892,1207000000,1209000000,0.000980377197265625,7.82012939453125e-05,0.03810882568359375
374675861423,2640,71969689680,1207000000,1211000000,0.001834869384765625,0.0014133453369140625,0.09095001220703125
374996725713,148,23859281028,1207000000,1210000000,0.0030059814453125,1.9073486328125e-05,0.19965362548828125
375006001479,0,92768602789,1207000000,1211000000,0.2890625,0.00212860107421875,8.153350830078125
374675861423,1783,71969689680,1207000000,1211000000,0.0014400482177734375,0.001495361328125,0.08219146728515625
360229374112,10,23744454675,1207000000,1211000000,0.003040313720703125,0.000118255615234375,0.3284912109375
374996734241,138,73751326872,1207000000,1209000000,0.0018634796142578125,1.621246337890625e-05,0.17669105529785156
374997804969,29,92137234838,1207000000,1210000000,0.0012340545654296875,1.9073486328125e-05,0.15413475036621094
374996732860,79,2960942021,1207000000,1210000000,0.0014324188232421875,1.33514404296875e-05,0.13011932373046875
374996754868,95,104794994577,1207000000,1209000000,0.002544403076171875,1.71661376953125e-05,0.035861968994140625
375004987913,0,126640476149,1207000000,1211000000,0.005401611328125,0.00197601318359375,0.76727294921875
374590278205,13,73747258778,1207000000,1210000000,0.00655364990234375,4.00543212890625e-05,0.19781112670898438
374997804969,18,86197119569,1207000000,1209000000,0.002086639404296875,1.811981201171875e-05,0.08839988708496094
374997804969,133,1375475629,1207000000,1211000000,0.001697540283203125,1.1444091796875e-05,0.095703125
374997804969,6,86168582252,1207000000,1210000000,0.005645751953125,2.002716064453125e-05,0.05099201202392578
374997804969,102,20143010143,1207000000,1208000000,0.000614166259765625,1.239776611328125e-05,0.020050048828125
374996732860,138,92162049833,1207000000,1209000000,0.002056121826171875,1.811981201171875e-05,0.07052421569824219
374911141136,1014,102893323408,1207000000,1211000000,0.0003337860107421875,3.528594970703125e-05,0.00885772705078125
374471438640,664,104792102080,1207000000,1211000000,0.003513336181640625,0.0009288787841796875,0.5152969360351562
330587115883,69,102893244770,1207000000,1211000000,0.0965576171875,0.01654052734375,22.167236328125
374996732860,77,4450985240,1207000000,1210000000,0.0039520263671875,1.71661376953125e-05,0.5477485656738281
330587138493,51,55049858260,1207000000,1211000000,0.1474609375,0.009857177734375,18.2489013671875
374996738144,36,20143714865,1207000000,1210000000,0.0019397735595703125,1.1444091796875e-05,0.11121940612792969
374590278205,18,20744606,1207000000,1211000000,0.0592041015625,0.003215789794921875,3.7451934814453125
374996734241,65,1376524358,1207000000,1209000000,0.0010700225830078125,2.47955322265625e-05,0.09415435791015625
374996738144,91,250621754046,1207000000,1209000000,0.001758575439453125,1.9073486328125e-05,0.0817718505859375
374996725397,81,159596203493,1207000000,1211000000,0.00202178955078125,0.000335693359375,0.424346923828125
374996732860,153,73750506893,1207000000,1209000000,0.002567291259765625,1.9073486328125e-05,0.0155181884765625
374997804969,104,21205046,1207000000,1210000000,0.0006427764892578125,1.049041748046875e-05,0.08427143096923828
374997804969,144,938925039,1207000000,1210000000,0.001972198486328125,1.430511474609375e-05,0.15494728088378906
374998233207,58,23621187008,1207000000,1211000000,0.0009632110595703125,0.0009317398071289062,0.20465469360351562
374996725397,47,288999767594,1207000000,1210000000,0.0014495849609375,1.811981201171875e-05,0.008806228637695312
374996732860,41,74471366170,1207000000,1210000000,0.003387451171875,2.193450927734375e-05,0.051140785217285156
374675956470,4820,23624518913,1207000000,1211000000,0.0008935928344726562,0.000972747802734375,0.3508720397949219
374996734241,62,573733494,1207000000,1211000000,0.003864288330078125,1.621246337890625e-05,0.3259620666503906
330587160469,381,53769216839,1207000000,1211000000,0.111572265625,0.020263671875,23.203125
330587152966,308,24274983508,1207000000,1211000000,0.0556640625,0.0106048583984375,4.50628662109375
374996734241,6,92053946727,1207000000,1209000000,0.0032958984375,1.811981201171875e-05,0.2982616424560547
374996734241,89,1639348187,1207000000,1209000000,0.0011501312255859375,1.239776611328125e-05,0.03487586975097656
330587128389,675,21393414,1207000000,1211000000,0.0850830078125,0.020965576171875,4.241943359375
128381343012,6,23744554039,1207000000,1211000000,0.06591796875,0.00424957275390625,5.6134033203125
374471491589,103,92089306115,1207000000,1211000000,0.017913818359375,0.00098419189453125,3.3260498046875
374996732860,13,86174076727,1207000000,1210000000,0.0043792724609375,1.71661376953125e-05,0.5671405792236328
374860215787,43,348128035855,1207000000,1211000000,0.0201416015625,0.0015926361083984375,0.5216217041015625
374996725713,130,25537214171,1207000000,1208000000,0.00135040283203125,1.430511474609375e-05,0.034117698669433594
374996754868,136,104792809485,1207000000,1208000000,0.0018329620361328125,1.33514404296875e-05,0.03692626953125
374997804969,146,23744499479,1207000000,1209000000,0.0022430419921875,1.71661376953125e-05,0.08136749267578125
374996738144,59,1429604516,1207000000,1211000000,0.003414154052734375,1.52587890625e-05,0.1097412109375
374996734241,4,1945023355,1207000000,1209000000,0.005584716796875,1.52587890625e-05,0.279998779296875
374996732860,22,86198029017,1207000000,1210000000,0.0009069442749023438,8.296966552734375e-05,0.03860664367675781
374996725713,94,1578053733,1207000000,1208000000,0.003208160400390625,1.430511474609375e-05,0.13212108612060547
374996734241,93,1638822238,1207000000,1210000000,0.0017604827880859375,1.239776611328125e-05,0.19678974151611328
374996732860,137,104791499778,1207000000,1209000000,0.0016498565673828125,1.71661376953125e-05,0.08001708984375
374997804969,125,62172053666,1207000000,1210000000,0.001171112060546875,1.430511474609375e-05,0.014225006103515625
374997804969,1,92058010956,1207000000,1211000000,0.00276947021484375,1.52587890625e-05,0.122528076171875
374996738144,14,92147865285,1207000000,1210000000,0.00244903564453125,8.0108642578125e-05,0.007587432861328125
374675861423,4106,23624518913,1207000000,1211000000,0.004791259765625,0.0042266845703125,0.144287109375
374996725713,72,151927863,1207000000,1211000000,0.002017974853515625,1.33514404296875e-05,0.162506103515625
374996725397,67,92137234838,1207000000,1210000000,0.001277923583984375,2.09808349609375e-05,0.15976524353027344
374675907533,3441,160131865529,1207000000,1211000000,0.0011768341064453125,0.001056671142578125,0.11614227294921875
374996725713,116,2061602530,1207000000,1210000000,0.0019359588623046875,2.002716064453125e-05,0.10562324523925781
374996725713,133,71882314328,1207000000,1209000000,0.00508880615234375,1.9073486328125e-05,0.4903564453125
374996732860,130,70549825537,1207000000,1210000000,0.003368377685546875,1.9073486328125e-05,0.06097412109375
374996754868,150,104792148936,1207000000,1210000000,0.0014591217041015625,1.430511474609375e-05,0.048623085021972656
374911141136,996,23621180056,1207000000,1211000000,0.0001964569091796875,0.0001316070556640625,0.048553466796875
374996732860,57,1375477843,1207000000,1209000000,0.001739501953125,4.291534423828125e-05,0.04277801513671875
128381343012,27,71969689680,1207000000,1211000000,0.0712890625,0.00440216064453125,2.422119140625
330587115883,229,71969689680,1207000000,1211000000,0.223388671875,0.01611328125,30.65625
374996754868,108,363946106375,1207000000,1209000000,0.001873016357421875,3.0517578125e-05,0.13324737548828125
330587167972,83,23624518913,1207000000,1211000000,0.0811767578125,0.01837158203125,0.398193359375
374996734241,46,939000732,1207000000,1211000000,0.0015811920166015625,1.52587890625e-05,0.025543212890625
374996732860,52,1579722660,1207000000,1209000000,0.0008668899536132812,9.5367431640625e-06,0.029798507690429688
374996738144,98,250685806234,1207000000,1210000000,0.002071380615234375,1.811981201171875e-05,0.018805503845214844
374996732860,127,143872877814,1207000000,1209000000,0.0012340545654296875,1.430511474609375e-05,0.07240486145019531
374996725397,23,246782308990,1207000000,1210000000,0.003070831298828125,2.002716064453125e-05,0.09272575378417969
374996732860,74,4878320890,1207000000,1209000000,0.001979827880859375,1.33514404296875e-05,0.03986358642578125
374996754868,17,86186845567,1207000000,1209000000,0.00257110595703125,4.00543212890625e-05,0.208892822265625
374997804969,110,1945132499,1207000000,1210000000,0.000629425048828125,1.52587890625e-05,0.0541534423828125
375006001059,0,91961575929,1207000000,1211000000,0.1845703125,0.001514434814453125,0.7443389892578125
374996738144,137,68665908129,1207000000,1211000000,0.0059051513671875,2.09808349609375e-05,0.6400222778320312
374996725713,6,86169889318,1207000000,1208000000,0.002410888671875,2.193450927734375e-05,0.10461139678955078
374996754868,28,74465719510,1207000000,1210000000,0.0024261474609375,1.33514404296875e-05,0.0073184967041015625
374997804969,82,1579459503,1207000000,1211000000,0.00119781494140625,9.5367431640625e-06,0.057952880859375
374997804969,75,44338242866,1207000000,1209000000,0.0015964508056640625,1.239776611328125e-05,0.13514328002929688
374996738144,111,92052138931,1207000000,1209000000,0.002788543701171875,0.0005044937133789062,0.16465187072753906
374996738144,52,939067339,1207000000,1210000000,0.001270294189453125,1.71661376953125e-05,0.11200904846191406
374996738144,118,1129983120,1207000000,1211000000,0.0008554458618164062,1.239776611328125e-05,0.0208282470703125
319945206208,70,1145770527,1207000000,1211000000,0.0120849609375,0.00479888916015625,1.958526611328125
374909854107,1,21392417,1207000000,1211000000,0.0043792724609375,0.000518798828125,0.80328369140625
374997804969,69,86186845567,1207000000,1209000000,0.001995086669921875,1.9073486328125e-05,0.136962890625
374996725397,74,91961757599,1207000000,1210000000,0.00311279296875,1.71661376953125e-05,0.028169631958007812
374996738144,22,159613131356,1207000000,1211000000,0.0016613006591796875,1.811981201171875e-05,0.3291664123535156
374909865141,5,20738128,1207000000,1211000000,0.0889892578125,0.0104217529296875,19.48455810546875
374996738144,54,2960890395,1207000000,1209000000,0.00658416748046875,1.52587890625e-05,0.633544921875
374996732860,39,92058504869,1207000000,1209000000,0.002063751220703125,1.33514404296875e-05,0.037387847900390625
374997804969,85,74464363474,1207000000,1210000000,0.00278472900390625,2.193450927734375e-05,0.2778596878051758
374996754868,118,70609320142,1207000000,1209000000,0.0015411376953125,2.09808349609375e-05,0.15308761596679688
374996754868,111,92097109549,1207000000,1208000000,0.0007762908935546875,0.0004968643188476562,0.02673625946044922
374996738144,24,23624556258,1207000000,1211000000,0.00225067138671875,1.9073486328125e-05,0.2451324462890625
375007004527,0,92093226894,1207000000,1211000000,0.23779296875,0.0018558502197265625,44.09538269042969
374997804969,62,92036502051,1207000000,1208000000,0.002162933349609375,1.430511474609375e-05,0.05225372314453125
374996725713,129,23744670417,1207000000,1211000000,0.0022430419921875,1.621246337890625e-05,0.3162956237792969
330587133435,105,23624518913,1207000000,1211000000,0.0626220703125,0.02191162109375,10.8203125
374996754868,71,1639348187,1207000000,1209000000,0.002628326416015625,1.049041748046875e-05,0.02111053466796875
374997804969,3,86190159536,1207000000,1209000000,0.00115966796875,1.430511474609375e-05,0.11504936218261719
374996754868,36,1579686831,1207000000,1210000000,0.000934600830078125,9.5367431640625e-06,0.005664825439453125
374996738144,127,36293180717,1207000000,1211000000,0.0012912750244140625,0.0010967254638671875,0.410736083984375
374996738144,85,141683383406,1207000000,1210000000,0.00426483154296875,1.621246337890625e-05,0.2568626403808594
374590352015,6,80680574965,1207000000,1211000000,0.017608642578125,0.008331298828125,4.254150390625
374996734241,106,104800883155,1207000000,1208000000,0.0016765594482421875,1.811981201171875e-05,0.07626056671142578
374996725397,78,219468848326,1207000000,1210000000,0.002651214599609375,2.002716064453125e-05,0.3526039123535156
374996725713,69,71885708674,1207000000,1211000000,0.00499725341796875,0.001125335693359375,0.6612396240234375
330587160469,382,143872877814,1207000000,1211000000,0.025299072265625,0.00350189208984375,2.99530029296875
374996725713,141,23859751539,1207000000,1210000000,0.00183868408203125,1.52587890625e-05,0.00556182861328125
374996734241,151,70550358198,1207000000,1210000000,0.0007572174072265625,1.621246337890625e-05,0.09977245330810547
375004992460,0,92051335979,1207000000,1211000000,0.012054443359375,0.0017452239990234375,0.44158935546875
374996725713,125,1579722660,1207000000,1209000000,0.0015354156494140625,1.33514404296875e-05,0.080535888671875
374996725397,130,21400965,1207000000,1209000000,0.0018157958984375,1.049041748046875e-05,0.03287315368652344
374996732860,107,1187365219,1207000000,1209000000,0.0018558502197265625,1.33514404296875e-05,0.1233673095703125
374996725713,138,1375477843,1207000000,1209000000,0.002048492431640625,3.910064697265625e-05,0.025051116943359375
374675861423,1805,71969689680,1207000000,1211000000,0.00201416015625,0.001461029052734375,0.50042724609375
374997804969,117,311531269090,1207000000,1209000000,0.001422882080078125,1.049041748046875e-05,0.040134429931640625
374675861423,5893,24273669841,1207000000,1211000000,0.0011463165283203125,0.00144195556640625,0.23812103271484375
374996734241,79,151829021,1207000000,1209000000,0.001964569091796875,1.621246337890625e-05,0.15053939819335938
375007005511,0,92061275294,1207000000,1211000000,0.0245361328125,0.001216888427734375,1.23614501953125
330587155467,103,260487408243,1207000000,1211000000,2.288818359375e-05,0.000171661376953125,0.020233154296875
374996725713,39,1644702886,1207000000,1209000000,0.00211334228515625,1.430511474609375e-05,0.2085094451904297
374996734241,125,23749081529,1207000000,1210000000,0.002353668212890625,1.430511474609375e-05,0.10655879974365234
374996754868,43,3092500485,1207000000,1210000000,0.0018711090087890625,1.33514404296875e-05,0.07349395751953125
374996725713,76,4915064368,1207000000,1211000000,0.0051116943359375,1.621246337890625e-05,0.5333023071289062
374997804969,55,92031251261,1207000000,1208000000,0.0007762908935546875,0.00033092498779296875,0.013286590576171875
374996734241,88,22459002724,1207000000,1209000000,0.002254486083984375,1.71661376953125e-05,0.19081878662109375
374996738144,121,92088246233,1207000000,1211000000,0.0054779052734375,2.09808349609375e-05,0.8358306884765625
374996732860,116,250621754046,1207000000,1209000000,0.0013408660888671875,1.71661376953125e-05,0.10321044921875
374996725397,51,32972985189,1207000000,1209000000,0.002422332763671875,1.1444091796875e-05,0.243377685546875
374890450369,8,23621187008,1207000000,1211000000,0.0015659332275390625,0.00290679931640625,0.214691162109375
374996734241,29,259183003145,1207000000,1210000000,0.002349853515625,1.71661376953125e-05,0.24143600463867188
374997804969,45,62184082151,1207000000,1209000000,0.002773284912109375,1.52587890625e-05,0.0334625244140625
374996725713,56,92124283460,1207000000,1210000000,0.00318145751953125,2.09808349609375e-05,0.42272186279296875
374996738144,41,35896980457,1207000000,1211000000,0.005340576171875,1.811981201171875e-05,0.9860000610351562
374997804969,17,92130891872,1207000000,1209000000,0.00269317626953125,1.9073486328125e-05,0.07051849365234375
374996732860,58,23744501419,1207000000,1210000000,0.00063323974609375,1.1444091796875e-05,0.025142669677734375
374997804969,134,35907526787,1207000000,1210000000,0.00203704833984375,1.52587890625e-05,0.12929534912109375
374996725397,116,159613131356,1207000000,1211000000,0.002262115478515625,1.430511474609375e-05,0.05463409423828125
374996754868,130,21575988,1207000000,1209000000,0.002513885498046875,1.239776611328125e-05,0.09094619750976562
320180842771,2,23744501419,1207000000,1210000000,0.00030517578125,6.4849853515625e-05,0.052173614501953125
374996732860,36,159613131356,1207000000,1211000000,0.002071380615234375,1.52587890625e-05,0.417327880859375
374997804969,66,74470258284,1207000000,1211000000,0.0007276535034179688,1.52587890625e-05,0.11589431762695312
374996754868,66,1375623812,1207000000,1209000000,0.00356292724609375,1.811981201171875e-05,0.35094261169433594
374675861423,5667,24273463182,1207000000,1211000000,0.0009679794311523438,0.0013065338134765625,0.363922119140625
374996725713,83,75057146000,1207000000,1208000000,0.00060272216796875,1.71661376953125e-05,0.027894973754882812
374997804969,151,20747499,1207000000,1210000000,0.002239227294921875,1.52587890625e-05,0.12174224853515625
374997804969,118,151931036,1207000000,1211000000,0.001251220703125,1.239776611328125e-05,0.10614395141601562
374996725713,19,92035012406,1207000000,1210000000,0.002063751220703125,0.0007925033569335938,0.16280651092529297
374996732860,114,32973545973,1207000000,1210000000,0.002780914306640625,1.33514404296875e-05,0.3520774841308594
374675907533,6020,23624518913,1207000000,1211000000,0.001415252685546875,0.0014629364013671875,0.09210205078125
374996725397,20,86197119569,1207000000,1211000000,0.002613067626953125,2.002716064453125e-05,0.2949066162109375
374996734241,31,23624779534,1207000000,1211000000,0.002079010009765625,6.4849853515625e-05,0.180084228515625
374996732860,148,104791499777,1207000000,1210000000,0.004058837890625,1.71661376953125e-05,0.5135765075683594
374996754868,2,86197119569,1207000000,1209000000,0.0013885498046875,1.621246337890625e-05,0.10676193237304688
330587213089,39,24270899482,1207000000,1211000000,0.20458984375,0.0211181640625,13.54248046875
374996734241,47,1377128632,1207000000,1211000000,0.0018634796142578125,1.52587890625e-05,0.1052093505859375
375007002502,0,92118792691,1207000000,1211000000,0.0017337799072265625,0.0013637542724609375,0.30975341796875
330587123387,400,21840480,1207000000,1211000000,0.118408203125,0.02288818359375,17.520751953125
374997804969,121,23744451423,1207000000,1211000000,0.0018825531005859375,1.33514404296875e-05,0.2502593994140625
374996725397,70,44596986441,1207000000,1210000000,0.0006532669067382812,1.52587890625e-05,0.05415058135986328
374996732860,99,21246715,1207000000,1209000000,0.0039520263671875,1.811981201171875e-05,0.14292526245117188
374997804969,13,92128033071,1207000000,1209000000,0.0029296875,1.9073486328125e-05,0.1769256591796875
374675956470,3892,23624518913,1207000000,1211000000,0.0009450912475585938,0.001453399658203125,0.18228530883789062
374909856633,889,1377412698,1207000000,1210000000,0.0016078948974609375,9.441375732421875e-05,0.17363548278808594
374996734241,76,2449477710,1207000000,1210000000,0.002567291259765625,1.52587890625e-05,0.17044830322265625
330587209928,172,70525860597,1207000000,1210000000,0.00032711029052734375,9.5367431640625e-07,0.01476287841796875
330587125888,92,24272672978,1207000000,1211000000,0.1376953125,0.01654052734375,24.677734375
374996738144,60,1377129859,1207000000,1210000000,0.0068359375,1.811981201171875e-05,0.925297737121582
374996734241,36,2060706639,1207000000,1209000000,0.0006008148193359375,6.389617919921875e-05,0.055835723876953125
374996725713,65,72609247679,1207000000,1210000000,0.0016078948974609375,1.1444091796875e-05,0.21375274658203125
374996734241,152,373578848227,1207000000,1210000000,0.002300262451171875,2.09808349609375e-05,0.32729530334472656
374997804969,49,350700555147,1207000000,1209000000,0.002269744873046875,1.811981201171875e-05,0.2150592803955078
374996734241,83,82400871295,1207000000,1210000000,0.0015010833740234375,1.621246337890625e-05,0.22304248809814453
375003902059,145,141686770094,1207000000,1211000000,0.0150909423828125,0.0010471343994140625,1.3555984497070312
330587152966,693,104792783629,1207000000,1211000000,0.0374755859375,0.0119476318359375,6.52386474609375
374996754868,139,70519939253,1207000000,1211000000,0.0018291473388671875,1.430511474609375e-05,0.051616668701171875
374996754868,91,70522126030,1207000000,1211000000,0.00574493408203125,0.0011806488037109375,1.10809326171875
374996732860,38,23624407602,1207000000,1210000000,0.0021820068359375,3.0517578125e-05,0.1659393310546875
374996738144,150,92128025963,1207000000,1210000000,0.002429962158203125,1.71661376953125e-05,0.2422657012939453
374996754868,52,33151898630,1207000000,1211000000,0.0005540847778320312,1.33514404296875e-05,0.024967193603515625
374675861423,6284,71969689680,1207000000,1211000000,0.0012359619140625,0.00147247314453125,0.28167724609375
374805846557,0,102979252769,1207000000,1211000000,0.016143798828125,0.016082763671875,2.19140625
374996738144,128,23749081529,1207000000,1210000000,0.004730224609375,1.811981201171875e-05,0.31339073181152344
374675956470,4856,24273463182,1207000000,1211000000,0.0012760162353515625,0.0014858245849609375,0.2872314453125
374996734241,119,92111218746,1207000000,1210000000,0.0025787353515625,2.002716064453125e-05,0.17151832580566406
374997804969,152,20737867,1207000000,1211000000,0.0017948150634765625,1.1444091796875e-05,0.1589508056640625
374996732860,14,92256006982,1207000000,1209000000,0.003814697265625,1.9073486328125e-05,0.03833770751953125
358887942275,192,92255492230,1207000000,1209000000,0.0005702972412109375,2.09808349609375e-05,0.0118255615234375
375007002719,0,86748798365,1207000000,1211000000,0.0097808837890625,0.0014553070068359375,2.2022933959960938
374996725397,44,574465775,1207000000,1211000000,0.001018524169921875,1.049041748046875e-05,0.09055328369140625
374996738144,20,92044301503,1207000000,1210000000,0.00533294677734375,2.193450927734375e-05,0.7068443298339844
375003929494,272,72045702658,1207000000,1211000000,0.00537109375,0.001033782958984375,1.2041168212890625
374996725397,18,86168643760,1207000000,1209000000,0.0025482177734375,1.52587890625e-05,0.158935546875
374996738144,72,1638822236,1207000000,1210000000,0.001811981201171875,1.33514404296875e-05,0.2135639190673828
374996738144,57,1375614260,1207000000,1208000000,0.00470733642578125,1.52587890625e-05,0.1605682373046875
330587217906,207,53765762718,1207000000,1211000000,0.0792236328125,0.014617919921875,6.756591796875
374997804969,154,23206574,1207000000,1210000000,0.0008211135864257812,1.239776611328125e-05,0.0600128173828125
374590352015,8,92177202134,1207000000,1211000000,0.03155517578125,0.0047149658203125,5.94830322265625
374997804969,74,573273822,1207000000,1209000000,0.0007066726684570312,1.430511474609375e-05,0.00720977783203125
374996725713,150,1377323905,1207000000,1210000000,0.0016345977783203125,1.430511474609375e-05,0.24238872528076172
374997804969,142,1377994084,1207000000,1211000000,0.001445770263671875,1.1444091796875e-05,0.227325439453125
362996470488,485,4512111771,1207000000,1211000000,0.0125579833984375,0.0006198883056640625,1.054229736328125
374997804969,11,86169889318,1207000000,1208000000,0.002506256103515625,1.9073486328125e-05,0.01767730712890625
374996725397,136,21284873,1207000000,1209000000,0.0008869171142578125,1.049041748046875e-05,0.012563705444335938
374996725713,64,23624543364,1207000000,1209000000,0.0052642822265625,1.621246337890625e-05,0.168975830078125
374996754868,106,373579035479,1207000000,1208000000,0.001026153564453125,1.52587890625e-05,0.028118133544921875
360940137080,737,574008944,1207000000,1210000000,0.00106048583984375,9.5367431640625e-07,0.08916091918945312
374996725397,22,92031812655,1207000000,1211000000,0.0009098052978515625,1.71661376953125e-05,0.1371917724609375
374996734241,124,2448132787,1207000000,1209000000,0.00261688232421875,1.430511474609375e-05,0.02104949951171875
374590278205,21,91998518921,1207000000,1211000000,0.024566650390625,0.00394439697265625,5.70220947265625
374996732860,150,96941018532,1207000000,1210000000,0.0006952285766601562,1.430511474609375e-05,0.059600830078125
374996725397,7,92131698171,1207000000,1210000000,0.00360870361328125,0.00011348724365234375,0.044666290283203125
374996738144,123,1579686831,1207000000,1210000000,0.001220703125,1.33514404296875e-05,0.04442596435546875
374996725713,10,86197119569,1207000000,1209000000,0.002277374267578125,2.002716064453125e-05,0.21136093139648438
374471491412,447,22459121406,1207000000,1211000000,0.00447845458984375,0.0005064010620117188,0.17945480346679688
374996734241,120,74465719510,1207000000,1210000000,0.001194000244140625,2.47955322265625e-05,0.06215858459472656
128381343012,39,21549937,1207000000,1211000000,0.0633544921875,0.0042877197265625,7.84649658203125
374471438640,742,20736987,1207000000,1211000000,0.0070037841796875,0.0007839202880859375,0.996826171875
374996734241,109,73748549452,1207000000,1211000000,0.0029449462890625,1.811981201171875e-05,0.3674201965332031
374996732860,117,373216050542,1207000000,1209000000,0.0011959075927734375,5.53131103515625e-05,0.080078125
374996754868,81,143873943768,1207000000,1209000000,0.0011768341064453125,1.621246337890625e-05,0.114532470703125
374996754868,55,23859281028,1207000000,1210000000,0.00272369384765625,1.621246337890625e-05,0.17261409759521484
374675956470,4867,24273463182,1207000000,1211000000,0.001110076904296875,0.0013332366943359375,0.32251739501953125
374996725713,82,92078259984,1207000000,1209000000,0.00213623046875,2.193450927734375e-05,0.21581649780273438
374996732860,6,92035061456,1207000000,1209000000,0.00274658203125,1.71661376953125e-05,0.005527496337890625
330587118384,585,24273454568,1207000000,1211000000,0.06243896484375,0.016357421875,15.444091796875
374996754868,65,151829027,1207000000,1209000000,0.001888275146484375,1.33514404296875e-05,0.18635940551757812
374996725397,133,20146578421,1207000000,1210000000,0.004150390625,1.33514404296875e-05,0.6245613098144531
374996738144,152,104792119625,1207000000,1210000000,0.001903533935546875,2.09808349609375e-05,0.06928253173828125
374996738144,136,373220251195,1207000000,1209000000,0.002956390380859375,2.002716064453125e-05,0.26787757873535156
374996725397,15,86199861492,1207000000,1210000000,0.00553131103515625,2.002716064453125e-05,0.03330802917480469
374996734241,78,151920006,1207000000,1210000000,0.002685546875,3.147125244140625e-05,0.36679744720458984
374996738144,132,1579707648,1207000000,1210000000,0.001323699951171875,1.430511474609375e-05,0.15654659271240234
350411056900,13,35970950920,1207000000,1211000000,0.136962890625,0.003448486328125,11.23291015625
374996754868,104,70537164267,1207000000,1210000000,0.0017108917236328125,1.621246337890625e-05,0.12435150146484375
330587303641,581,373215977000,1207000000,1211000000,0.000213623046875,9.5367431640625e-07,0.00858306884765625
374996754868,60,940010175,1207000000,1211000000,0.00406646728515625,1.33514404296875e-05,0.8159637451171875
375004994908,0,70609462184,1207000000,1211000000,0.0112152099609375,0.0018215179443359375,0.9907913208007812
374996734241,53,23859188838,1207000000,1211000000,0.001804351806640625,1.33514404296875e-05,0.34172821044921875
374996725713,151,1375623189,1207000000,1211000000,0.002410888671875,1.1444091796875e-05,0.3972625732421875
330587125888,37,102983317675,1207000000,1211000000,0.129150390625,0.017578125,1.7607421875
374996754868,76,250685806234,1207000000,1210000000,0.0015392303466796875,1.33514404296875e-05,0.1676788330078125
374996732860,30,199649547176,1207000000,1209000000,0.00215911865234375,0.0002593994140625,0.203155517578125
374996732860,151,373220226720,1207000000,1210000000,0.002178192138671875,1.9073486328125e-05,0.22412109375
374911141136,1009,68670212936,1207000000,1211000000,0.0011844635009765625,0.0003986358642578125,0.0063323974609375
375006001435,0,249755291209,1207000000,1211000000,0.003696441650390625,0.0016021728515625,0.381500244140625
374996732860,48,297677568481,1207000000,1211000000,0.0008792877197265625,1.049041748046875e-05,0.15304183959960938
374996738144,100,158883532549,1207000000,1209000000,0.003719329833984375,1.811981201171875e-05,0.2840461730957031
374997804969,51,1579780249,1207000000,1211000000,0.004241943359375,1.52587890625e-05,0.1021728515625
374996754868,10,92058010956,1207000000,1211000000,0.00252532958984375,4.100799560546875e-05,0.3695526123046875
374996738144,145,96915341329,1207000000,1209000000,0.0016880035400390625,2.002716064453125e-05,0.04099273681640625
374996732860,129,70609645474,1207000000,1209000000,0.0007495880126953125,1.71661376953125e-05,0.0245361328125
374997804969,68,250621954180,1207000000,1211000000,0.00194549560546875,1.52587890625e-05,0.188232421875
374996725713,95,32337597,1207000000,1209000000,0.002117156982421875,1.33514404296875e-05,0.07243728637695312
330587133435,470,23624518913,1207000000,1208000000,1.9073486328125e-06,1.1444091796875e-05,0.000614166259765625
374997804969,83,1578780845,1207000000,1211000000,0.0017414093017578125,1.430511474609375e-05,0.04213714599609375
374675907533,6237,260487408243,1207000000,1211000000,0.0017719268798828125,0.00098419189453125,0.44097900390625
259837768607,1,9589944935,1208000000,1211000000,0.025726318359375,0.002288818359375,4.0341796875
374780805995,943,75502084101,1208000000,1211000000,0.05535888671875,0.015716552734375,6.39678955078125
374996725713,106,92054148389,1208000000,1211000000,0.002838134765625,2.002716064453125e-05,0.2658090591430664
374996725713,91,573288319,1208000000,1211000000,0.00273895263671875,1.71661376953125e-05,0.36380767822265625
374780821309,714,102893299823,1208000000,1211000000,0.1015625,0.01727294921875,1.426025390625
374996732860,141,70549806284,1208000000,1211000000,0.001605987548828125,1.52587890625e-05,0.19941329956054688
374997804969,31,105776513971,1208000000,1210000000,0.00171661376953125,1.9073486328125e-05,0.12844085693359375
374996738144,45,35872198647,1208000000,1211000000,0.002574920654296875,1.9073486328125e-05,0.178985595703125
374996734241,144,104792005918,1208000000,1210000000,0.00142669677734375,1.811981201171875e-05,0.12136459350585938
374996754868,23,32971657055,1208000000,1210000000,0.0007076263427734375,1.1444091796875e-05,0.0632781982421875
358887942275,155,72033721783,1208000000,1211000000,0.104248046875,0.0014438629150390625,7.6098175048828125
374996738144,86,70549859030,1208000000,1211000000,0.0007963180541992188,1.811981201171875e-05,0.034206390380859375
374996732860,98,20736910,1208000000,1211000000,0.0017871856689453125,1.1444091796875e-05,0.1295013427734375
374996732860,25,80222931586,1208000000,1210000000,0.002498626708984375,2.002716064453125e-05,0.025186538696289062
374780805995,918,24173348413,1208000000,1211000000,0.0833740234375,0.0169677734375,0.903076171875
374996732860,82,574462343,1208000000,1210000000,0.0019207000732421875,1.430511474609375e-05,0.054180145263671875
374996734241,16,92160134653,1208000000,1211000000,0.002559661865234375,1.9073486328125e-05,0.1934051513671875
374996725397,37,86184044118,1208000000,1211000000,0.003032684326171875,2.002716064453125e-05,0.10989761352539062
330587113342,349,2808166856,1208000000,1211000000,0.0296630859375,0.0033721923828125,3.0722808837890625
374996732860,73,938799750,1208000000,1211000000,0.00141143798828125,0.0009136199951171875,0.3417835235595703
374996734241,61,1376330391,1208000000,1211000000,0.002445220947265625,1.52587890625e-05,0.3247833251953125
374996725713,122,198552471369,1208000000,1210000000,0.0014495849609375,9.5367431640625e-06,0.12256622314453125
374780805995,779,21372307,1208000000,1211000000,0.088134765625,0.015655517578125,2.802337646484375
330587152966,708,21214319,1208000000,1211000000,0.0423583984375,0.0124664306640625,1.97369384765625
375007003472,0,151828878,1208000000,1211000000,0.15869140625,0.00263214111328125,3.87176513671875
374996754868,151,104791011322,1208000000,1210000000,0.002300262451171875,1.811981201171875e-05,0.14837646484375
374996754868,119,35872214734,1208000000,1211000000,0.0015239715576171875,1.049041748046875e-05,0.20254898071289062
375002806143,16,67412257583,1208000000,1211000000,0.00774383544921875,0.0003833770751953125,0.46325111389160156
375007005376,0,92161725798,1208000000,1211000000,0.133544921875,0.002620697021484375,15.931377410888672
374996738144,39,373268487282,1208000000,1210000000,0.003238677978515625,2.002716064453125e-05,0.104278564453125
374997804969,107,104791550368,1208000000,1210000000,0.001735687255859375,1.621246337890625e-05,0.09810638427734375
374997804969,91,92028193745,1208000000,1210000000,0.001857757568359375,1.621246337890625e-05,0.04497528076171875
374780805995,688,1375591102,1208000000,1211000000,0.04229736328125,0.0157470703125,4.5274658203125
374780805995,752,33151752931,1208000000,1211000000,0.082275390625,0.016021728515625,11.20587158203125
374997804969,99,1573344742,1208000000,1210000000,0.0009260177612304688,1.049041748046875e-05,0.04120635986328125
330587167972,10,71979436994,1208000000,1211000000,0.05438232421875,0.0172119140625,9.450439453125
375007004836,0,92072773455,1208000000,1211000000,0.00310516357421875,0.0010471343994140625,0.3612499237060547
374996734241,73,4649860784,1208000000,1211000000,0.002162933349609375,1.621246337890625e-05,0.209197998046875
374996725397,98,71877064807,1208000000,1211000000,0.001323699951171875,0.0004787445068359375,0.010814666748046875
374780805995,717,4451240253,1208000000,1211000000,0.0821533203125,0.0154266357421875,8.782196044921875
374996732860,62,4451012314,1208000000,1211000000,0.001819610595703125,1.52587890625e-05,0.09357833862304688
374996725397,131,33686616494,1208000000,1210000000,0.00179290771484375,1.430511474609375e-05,0.11566162109375
374471436665,4,70516471622,1208000000,1211000000,0.0015659332275390625,0.0061798095703125,0.7668285369873047
374780805995,706,102893142406,1208000000,1211000000,0.0836181640625,0.015777587890625,8.3492431640625
330587138493,133,71969689680,1208000000,1211000000,1.9073486328125e-06,0.00010204315185546875,0.00031185150146484375
374996725713,50,92044093260,1208000000,1211000000,0.0019989013671875,1.52587890625e-05,0.11480712890625
330587152966,59,96915364773,1208000000,1211000000,0.05889892578125,0.01251220703125,10.283203125
358887942275,400,1638948222,1208000000,1211000000,0.046875,0.001750946044921875,0.4376335144042969
374996738144,34,21430422,1208000000,1210000000,0.0006475448608398438,1.33514404296875e-05,0.019826889038085938
374996754868,29,92089306115,1208000000,1209000000,0.002590179443359375,1.811981201171875e-05,0.10172367095947266
374675861423,423,102893299823,1208000000,1211000000,0.001064300537109375,0.00142669677734375,0.08220291137695312
330587115883,37,92004492241,1208000000,1211000000,0.068115234375,0.019317626953125,11.278839111328125
374996725397,104,1377220964,1208000000,1210000000,0.0007295608520507812,1.1444091796875e-05,0.071136474609375
374996732860,134,92035624695,1208000000,1211000000,0.003139495849609375,1.9073486328125e-05,0.1610870361328125
374996734241,37,198552450164,1208000000,1210000000,0.0013103485107421875,1.239776611328125e-05,0.10846519470214844
374996734241,21,80223523049,1208000000,1210000000,0.00130462646484375,1.71661376953125e-05,0.018505096435546875
374996732860,40,289070946527,1208000000,1210000000,0.002323150634765625,5.53131103515625e-05,0.004756927490234375
374996725397,149,36221284627,1208000000,1210000000,0.0011463165283203125,1.33514404296875e-05,0.078857421875
374996725713,25,91993698747,1208000000,1210000000,0.003459930419921875,2.384185791015625e-05,0.2020587921142578
374996734241,28,289070946527,1208000000,1210000000,0.00196075439453125,5.817413330078125e-05,0.16555213928222656
374996734241,111,92077596739,1208000000,1210000000,0.0010662078857421875,1.811981201171875e-05,0.0021686553955078125
330587141000,28,21575989,1208000000,1211000000,0.097900390625,0.022125244140625,16.203460693359375
374996734241,8,86191343322,1208000000,1210000000,0.0009031295776367188,2.288818359375e-05,0.07037734985351562
375006001382,0,92256006982,1208000000,1211000000,0.4521484375,0.0027923583984375,27.29644775390625
374996734241,66,10681677741,1208000000,1211000000,0.0029296875,1.52587890625e-05,0.0618438720703125
375002806143,1,92068621765,1208000000,1211000000,0.0085296630859375,0.00042819976806640625,0.7793340682983398
374996732860,47,198552450164,1208000000,1210000000,0.001056671142578125,1.239776611328125e-05,0.038486480712890625
374996725397,144,105127107489,1208000000,1211000000,0.0016956329345703125,2.956390380859375e-05,0.17079448699951172
330587152966,567,105124502731,1208000000,1211000000,0.074951171875,0.01214599609375,4.44195556640625
374996734241,14,124763536091,1208000000,1210000000,0.001758575439453125,1.52587890625e-05,0.113525390625
128381343012,1018,104792326080,1208000000,1211000000,0.0546875,0.00434112548828125,2.8333740234375
375007014384,0,92119685147,1208000000,1211000000,0.2197265625,0.00270843505859375,21.353759765625
374996725713,81,92083039002,1208000000,1210000000,0.0017528533935546875,2.47955322265625e-05,0.1031036376953125
374996734241,148,104790859129,1208000000,1211000000,0.0009508132934570312,8.106231689453125e-05,0.0247650146484375
374911141136,1396,104792458302,1208000000,1211000000,0.00363922119140625,0.000461578369140625,0.4059791564941406
374780805995,781,77437468868,1208000000,1211000000,0.008056640625,0.0137939453125,1.966552734375
374996732860,149,96932671587,1208000000,1210000000,0.00080108642578125,1.71661376953125e-05,0.07527923583984375
330587274558,302,24323490520,1208000000,1210000000,0.00018787384033203125,9.5367431640625e-07,0.015106201171875
374996725713,124,21218149,1208000000,1211000000,0.00458526611328125,4.1961669921875e-05,0.6524391174316406
374996738144,96,289043680133,1208000000,1211000000,0.00255584716796875,1.71661376953125e-05,0.21613311767578125
374911141136,370,26190928,1208000000,1211000000,0.0001926422119140625,0.000125885009765625,0.03726768493652344
374675956470,4363,102893299823,1208000000,1211000000,0.0009021759033203125,0.00152587890625,0.08740997314453125
374996725397,128,27031792,1208000000,1211000000,0.001079559326171875,1.049041748046875e-05,0.04905223846435547
374780805995,766,1377790208,1208000000,1211000000,0.0787353515625,0.0164794921875,6.56982421875
374996738144,71,1580068658,1208000000,1210000000,0.0015964508056640625,1.33514404296875e-05,0.0869293212890625
374996734241,91,32290453373,1208000000,1210000000,0.002803802490234375,1.1444091796875e-05,0.2646331787109375
374996732860,85,2960948652,1208000000,1211000000,0.001010894775390625,1.52587890625e-05,0.12621688842773438
374675956470,4355,102893299823,1208000000,1211000000,0.0010280609130859375,0.0015850067138671875,0.3684425354003906
330587303641,273,53770403292,1208000000,1211000000,0.2041015625,0.01568603515625,9.2310791015625
374996734241,96,25950693733,1208000000,1211000000,0.001789093017578125,1.430511474609375e-05,0.15148544311523438
374996754868,24,21338724,1208000000,1211000000,0.001033782958984375,9.5367431640625e-06,0.15649795532226562
374996734241,90,92049761701,1208000000,1211000000,0.0009012222290039062,2.002716064453125e-05,0.008291244506835938
374780805995,709,250621784755,1208000000,1211000000,0.05609130859375,0.0164794921875,9.579345703125
374996734241,22,23624491139,1208000000,1211000000,0.000911712646484375,1.621246337890625e-05,0.08072948455810547
374471491589,343,91996945546,1208000000,1211000000,0.00411224365234375,0.0008716583251953125,0.5831165313720703
374471491412,328,105124110673,1208000000,1211000000,0.003841400146484375,0.0005893707275390625,0.07975387573242188
374780805995,961,21211872,1208000000,1211000000,0.07861328125,0.016021728515625,8.233245849609375
374996754868,147,70514931690,1208000000,1211000000,0.0018711090087890625,1.71661376953125e-05,0.039653778076171875
374780805995,753,4450957821,1208000000,1211000000,0.089111328125,0.0164794921875,14.8883056640625
374996725397,142,72029465956,1208000000,1209000000,0.001117706298828125,1.621246337890625e-05,0.013607025146484375
330587204926,413,1579856930,1208000000,1211000000,0.0002498626708984375,9.5367431640625e-07,0.011286735534667969
375007005314,0,92000208792,1208000000,1211000000,0.0538330078125,0.00179290771484375,8.177009582519531
374997804969,138,20737092,1208000000,1211000000,0.002567291259765625,1.430511474609375e-05,0.10068225860595703
374911141136,1244,360425813443,1208000000,1211000000,0.003833770751953125,0.00048732757568359375,0.31111907958984375
374997804969,113,1422517152,1208000000,1211000000,0.002147674560546875,1.430511474609375e-05,0.16214847564697266
330587108283,57,71842977648,1208000000,1211000000,0.083251953125,0.017059326171875,11.736419677734375
374780805995,793,360096475768,1208000000,1211000000,0.1060791015625,0.01641845703125,1.10247802734375
330587125888,29,71969879210,1208000000,1211000000,0.0810546875,0.01812744140625,10.711669921875
374996725397,139,62157273,1208000000,1211000000,0.0018863677978515625,1.33514404296875e-05,0.00569915771484375
374780805995,749,346047080151,1208000000,1211000000,0.11474609375,0.016357421875,11.406005859375
374996738144,83,92075383881,1208000000,1210000000,0.0013027191162109375,1.52587890625e-05,0.063262939453125
374780805995,875,1375999038,1208000000,1211000000,0.06396484375,0.0149993896484375,4.264068603515625
358146539252,634,26514947,1208000000,1211000000,0.0303955078125,0.0098114013671875,1.5680694580078125
374780805995,914,21116067,1208000000,1211000000,0.069091796875,0.01617431640625,11.51092529296875
374997804969,41,92083616766,1208000000,1210000000,0.0019989013671875,1.430511474609375e-05,0.008052825927734375
374996732860,60,374290145779,1208000000,1210000000,0.002079010009765625,1.430511474609375e-05,0.15909194946289062
374996725713,87,1377154500,1208000000,1210000000,0.0050048828125,0.0002803802490234375,0.44396209716796875
374997804969,9,86175389668,1208000000,1211000000,0.002208709716796875,1.52587890625e-05,0.0800628662109375
350411056900,15,35872595645,1208000000,1211000000,0.009796142578125,0.00201416015625,1.20465087890625
330587110827,667,251825475996,1208000000,1211000000,0.05938720703125,0.016815185546875,8.001251220703125
374997804969,128,35882381152,1208000000,1211000000,0.0020599365234375,1.33514404296875e-05,0.2612342834472656
374996734241,45,2448270473,1208000000,1211000000,0.0014972686767578125,1.52587890625e-05,0.20872879028320312
374780805995,676,345111144299,1208000000,1211000000,0.0130767822265625,0.0135498046875,3.1951904296875
374996725397,95,87859091491,1208000000,1210000000,0.0011386871337890625,0.000492095947265625,0.029354095458984375
374996734241,103,92154595352,1208000000,1209000000,0.0016727447509765625,1.9073486328125e-05,0.06259727478027344
374996738144,130,21378221,1208000000,1211000000,0.0012722015380859375,1.33514404296875e-05,0.06556320190429688
374996732860,27,2457458962,1208000000,1210000000,0.001220703125,1.71661376953125e-05,0.0297088623046875
374780805995,1838,259594139712,1208000000,1211000000,0.0777587890625,0.0154876708984375,12.868011474609375
374996754868,68,151848235,1208000000,1211000000,0.00189971923828125,1.430511474609375e-05,0.20671463012695312
374996754868,122,303686405885,1208000000,1211000000,0.0016994476318359375,1.1444091796875e-05,0.2053070068359375
375002806143,3,86170054392,1208000000,1211000000,0.008056640625,0.00043487548828125,0.1528472900390625
374996732860,109,151934082,1208000000,1210000000,0.001430511474609375,1.430511474609375e-05,0.026006698608398438
374909856633,928,86184821568,1208000000,1209000000,0.0005865097045898438,9.632110595703125e-05,0.026630401611328125
374780805995,27,21400971,1208000000,1211000000,0.03912353515625,0.01593017578125,3.9638671875
374780805995,660,1375388647,1208000000,1211000000,0.0576171875,0.01641845703125,4.66424560546875
374996734241,97,1579579737,1208000000,1210000000,0.0016994476318359375,1.430511474609375e-05,0.05141258239746094
374998525200,5,104792260013,1208000000,1211000000,0.0286865234375,0.001422882080078125,3.0711593627929688
374997804969,10,92051643810,1208000000,1211000000,0.0019512176513671875,1.71661376953125e-05,0.2066802978515625
374996734241,117,1131207249,1208000000,1211000000,0.0008172988891601562,1.811981201171875e-05,0.12030029296875
375002806143,12,289070946527,1208000000,1211000000,0.00669097900390625,0.0005397796630859375,0.21692276000976562
374996754868,78,250621484238,1208000000,1211000000,0.0015964508056640625,1.9073486328125e-05,0.18416976928710938
330587222908,683,96915541337,1208000000,1211000000,0.0002899169921875,9.5367431640625e-07,0.008726119995117188
374996738144,40,23744670417,1208000000,1211000000,0.002094268798828125,1.621246337890625e-05,0.07597732543945312
374996725713,85,23624491139,1208000000,1211000000,0.000885009765625,1.811981201171875e-05,0.07586288452148438
374996738144,107,172745445492,1208000000,1210000000,0.0051116943359375,1.52587890625e-05,0.205078125
374996725713,93,20741529,1208000000,1211000000,0.0010967254638671875,1.9073486328125e-05,0.023431777954101562
374780805995,927,21109326,1208000000,1211000000,0.05145263671875,0.015472412109375,8.8341064453125
375007005260,0,86171103178,1208000000,1211000000,0.25732421875,0.002002716064453125,10.891731262207031
374996754868,120,23749111792,1208000000,1211000000,0.00113677978515625,1.1444091796875e-05,0.07578277587890625
374997804969,81,1642183842,1208000000,1210000000,0.000873565673828125,8.58306884765625e-06,0.015878677368164062
374996725397,146,373578848224,1208000000,1211000000,0.001514434814453125,2.002716064453125e-05,0.055240631103515625
374996725397,114,92035395754,1208000000,1209000000,0.002223968505859375,1.71661376953125e-05,0.031375885009765625
374996732860,86,1375591285,1208000000,1211000000,0.00420379638671875,1.430511474609375e-05,0.21512317657470703
374997804969,25,82402582976,1208000000,1211000000,0.001003265380859375,1.621246337890625e-05,0.08563613891601562
374780805995,758,27208683,1208000000,1211000000,0.09375,0.016510009765625,6.6156005859375
375007005200,0,94965111094,1208000000,1211000000,0.159912109375,0.0018825531005859375,21.356895446777344
374780805995,920,2448159271,1208000000,1211000000,0.1298828125,0.016265869140625,16.66094970703125
330587220407,601,36053696342,1208000000,1211000000,0.0997314453125,0.01910400390625,12.1212158203125
374996734241,18,92160134653,1208000000,1211000000,0.00211334228515625,1.811981201171875e-05,0.14707088470458984
374911141136,381,26514947,1208000000,1211000000,0.0008182525634765625,0.0005245208740234375,0.1007080078125
374996738144,142,70522126030,1208000000,1211000000,0.00432586669921875,1.71661376953125e-05,0.35178565979003906
374996754868,79,141683383406,1208000000,1211000000,0.0018978118896484375,1.239776611328125e-05,0.2865314483642578
374996754868,13,86184524894,1208000000,1211000000,0.002147674560546875,1.33514404296875e-05,0.311187744140625
374996732860,66,4459219574,1208000000,1211000000,0.00122833251953125,0.001041412353515625,0.17704010009765625
375007002441,0,92139446954,1208000000,1211000000,0.02197265625,0.0019016265869140625,1.4324569702148438
374996734241,10,86286350848,1208000000,1211000000,0.00262451171875,1.9073486328125e-05,0.18240737915039062
374996732860,121,250618186609,1208000000,1209000000,0.0016021728515625,1.811981201171875e-05,0.019443511962890625
330587118384,657,23624518913,1208000000,1211000000,0.01971435546875,0.00553131103515625,0.908843994140625
330587167972,160,242799596190,1208000000,1211000000,0.103271484375,0.01885986328125,6.5950927734375
374996732860,128,250619294095,1208000000,1211000000,0.001094818115234375,1.9073486328125e-05,0.0802001953125
374911141136,125,53772267846,1208000000,1211000000,0.00670623779296875,0.000461578369140625,0.12902069091796875
374997804969,120,373578848224,1208000000,1211000000,0.0019054412841796875,2.002716064453125e-05,0.0924224853515625
374780805995,666,251657508471,1208000000,1211000000,0.0517578125,0.01458740234375,3.38360595703125
374996754868,8,320100089444,1208000000,1211000000,0.00322723388671875,1.9073486328125e-05,0.1947784423828125
330587110827,659,23624518913,1208000000,1211000000,0.04046630859375,0.0125274658203125,2.3847198486328125
330587135936,97,35872193881,1208000000,1211000000,0.086669921875,0.016357421875,9.2724609375
374911141136,193,53772267846,1208000000,1211000000,0.0078887939453125,0.0005407333374023438,0.5563488006591797
374996734241,23,80678690089,1208000000,1210000000,0.00264739990234375,1.9073486328125e-05,0.234649658203125
374997804969,14,91961433083,1208000000,1210000000,0.002124786376953125,1.71661376953125e-05,0.1370849609375
374996734241,139,92153226727,1208000000,1210000000,0.00330352783203125,4.673004150390625e-05,0.2613201141357422
374911141136,1099,21833514,1208000000,1211000000,0.00333404541015625,0.0005464553833007812,0.30267906188964844
374998525200,7,373220204174,1208000000,1211000000,0.0291748046875,0.0015163421630859375,1.7493953704833984
374996725397,91,574490257,1208000000,1209000000,0.00292205810546875,8.392333984375e-05,0.054107666015625
375002806143,13,44621483784,1208000000,1211000000,0.011138916015625,0.000377655029296875,1.1055908203125
374996738144,3,124763536091,1208000000,1210000000,0.002223968505859375,1.71661376953125e-05,0.17480850219726562
374996725713,71,9579681994,1208000000,1211000000,0.0008602142333984375,1.621246337890625e-05,0.03680992126464844
374860215787,73,74469690294,1208000000,1211000000,0.025146484375,0.0014019012451171875,1.274322509765625
374996734241,129,1580068658,1208000000,1211000000,0.001316070556640625,1.239776611328125e-05,0.1076059341430664
374996738144,43,35907526787,1208000000,1210000000,0.0016536712646484375,2.002716064453125e-05,0.10376930236816406
374996734241,154,104792555327,1208000000,1210000000,0.0008344650268554688,1.71661376953125e-05,0.044284820556640625
374996734241,49,938906598,1208000000,1211000000,0.002288818359375,2.288818359375e-05,0.27046966552734375
374780805995,721,4647095985,1208000000,1211000000,0.0501708984375,0.01568603515625,5.33441162109375
374996732860,10,86201657751,1208000000,1210000000,0.001522064208984375,1.52587890625e-05,0.061492919921875
374996738144,69,25950892533,1208000000,1210000000,0.00559234619140625,1.33514404296875e-05,0.5045127868652344
374780805995,884,24343004869,1208000000,1211000000,0.05963134765625,0.0151214599609375,6.0549774169921875
374780805995,679,20142088869,1208000000,1211000000,0.0731201171875,0.0156097412109375,8.251876831054688
375007008773,0,70597943467,1208000000,1211000000,0.00026035308837890625,0.0001392364501953125,0.03236675262451172
374997804969,108,297121831121,1208000000,1210000000,0.001155853271484375,1.33514404296875e-05,0.03273773193359375
375007002504,0,92051335979,1208000000,1211000000,0.011688232421875,0.0014743804931640625,0.3553905487060547
374996725397,29,92035012406,1208000000,1211000000,0.003116607666015625,1.9073486328125e-05,0.4703521728515625
374780805995,817,23744464590,1208000000,1211000000,0.1201171875,0.0162353515625,11.45361328125
374996732860,112,25950892533,1208000000,1211000000,0.00225067138671875,1.239776611328125e-05,0.18330860137939453
374996734241,60,2448088341,1208000000,1211000000,0.00380706787109375,1.52587890625e-05,0.30960845947265625
330587262052,111,104792041700,1208000000,1211000000,0.00362396240234375,0.000797271728515625,0.11937332153320312
374996738144,63,151857496,1208000000,1211000000,0.00170135498046875,1.52587890625e-05,0.1750946044921875
374996725713,28,86171282524,1208000000,1211000000,0.0005216598510742188,1.430511474609375e-05,0.025726318359375
374996738144,90,70519939253,1208000000,1211000000,0.00766754150390625,2.002716064453125e-05,0.3228778839111328
375002806143,10,80675948227,1208000000,1211000000,0.007293701171875,0.0003871917724609375,0.2073841094970703
375002806143,17,78241758724,1208000000,1211000000,0.00778961181640625,0.00042247772216796875,0.3449077606201172
374780805995,708,104792275448,1208000000,1211000000,0.105712890625,0.018218994140625,6.69232177734375
374996738144,53,1375388633,1208000000,1211000000,0.001972198486328125,1.621246337890625e-05,0.03579139709472656
374997804969,76,72086036549,1208000000,1210000000,0.0019016265869140625,1.52587890625e-05,0.05367279052734375
374996725397,76,4983713564,1208000000,1211000000,0.001598358154296875,1.049041748046875e-05,0.19788837432861328
330587267055,95,104791871219,1208000000,1211000000,0.0002841949462890625,9.5367431640625e-07,0.03678417205810547
374996732860,65,92160134653,1208000000,1211000000,0.002956390380859375,1.52587890625e-05,0.16046905517578125
374996732860,24,86184044118,1208000000,1211000000,0.0032806396484375,1.9073486328125e-05,0.10889053344726562
374996725713,127,105127107489,1208000000,1211000000,0.002288818359375,3.814697265625e-05,0.3211212158203125
374996754868,153,96914646982,1208000000,1210000000,0.0030975341796875,1.430511474609375e-05,0.2489471435546875
375004990619,0,82403557446,1208000000,1211000000,0.012176513671875,0.00189208984375,0.717498779296875
330587272057,521,53772021680,1208000000,1211000000,0.085205078125,0.0206298828125,0.9525146484375
330587230524,625,102983351937,1208000000,1211000000,0.080322265625,0.015625,2.302734375
362996470488,250,23624487589,1208000000,1211000000,0.036376953125,0.010406494140625,3.9298095703125
374996738144,44,2960527509,1208000000,1211000000,0.0019989013671875,1.239776611328125e-05,0.17498302459716797
374996754868,12,92035395754,1208000000,1209000000,0.001773834228515625,1.33514404296875e-05,0.04825401306152344
374780805995,775,1375591102,1208000000,1211000000,0.033447265625,0.0145416259765625,5.0388336181640625
374996732860,70,1461322453,1208000000,1211000000,0.00237274169921875,1.239776611328125e-05,0.08586502075195312
360940137080,758,1377075998,1208000000,1211000000,0.005767822265625,9.5367431640625e-07,0.2769012451171875
374996754868,92,250619294095,1208000000,1211000000,0.0014781951904296875,1.71661376953125e-05,0.035888671875
374996754868,67,140960535176,1208000000,1211000000,0.0011692047119140625,9.5367431640625e-06,0.003536224365234375
374909856633,1103,35872301883,1208000000,1211000000,0.03912353515625,0.0009670257568359375,5.171682357788086
374996754868,133,25950693733,1208000000,1211000000,0.0011920928955078125,1.049041748046875e-05,0.1479177474975586
330587259428,653,334632915891,1208000000,1209000000,0.00026035308837890625,9.5367431640625e-07,0.001567840576171875
374996738144,143,104792344437,1208000000,1211000000,0.00310516357421875,0.00011348724365234375,0.308990478515625
374996732860,67,72034374017,1208000000,1211000000,0.0015716552734375,1.811981201171875e-05,0.10015583038330078
374996732860,89,1145851252,1208000000,1209000000,0.00662994384765625,1.9073486328125e-05,0.16622543334960938
374780805995,840,104791499787,1208000000,1211000000,0.1007080078125,0.0153350830078125,2.088775634765625
374996732860,97,1376277003,1208000000,1211000000,0.0008306503295898438,1.239776611328125e-05,0.0809326171875
374996738144,13,92040069683,1208000000,1211000000,0.0030059814453125,2.09808349609375e-05,0.2088603973388672
374996732860,105,4451012317,1208000000,1210000000,0.0019092559814453125,1.239776611328125e-05,0.09608268737792969
374996725713,153,62185579,1208000000,1210000000,0.000682830810546875,1.52587890625e-05,0.0474700927734375
374996725713,89,124763536091,1208000000,1210000000,0.002288818359375,1.71661376953125e-05,0.17986679077148438
374996738144,16,23624246197,1208000000,1211000000,0.000926971435546875,1.9073486328125e-05,0.031219482421875
374996732860,35,92083039002,1208000000,1210000000,0.0016574859619140625,2.288818359375e-05,0.04705047607421875
374996725397,109,92083616766,1208000000,1210000000,0.0023040771484375,1.52587890625e-05,0.19482421875
375000702446,3,86171103178,1208000000,1211000000,0.00428009033203125,0.0008296966552734375,0.015329360961914062
374996734241,13,124763536091,1208000000,1210000000,0.00182342529296875,1.621246337890625e-05,0.1434917449951172
374996734241,55,2960868331,1208000000,1211000000,0.00185394287109375,1.52587890625e-05,0.0112152099609375
374997804969,2,92105032489,1208000000,1210000000,0.0014247894287109375,1.430511474609375e-05,0.05756378173828125
374996738144,4,80225754083,1208000000,1211000000,0.002410888671875,0.00046634674072265625,0.025895118713378906
374996725713,117,2059748353,1208000000,1211000000,0.001068115234375,2.47955322265625e-05,0.1311492919921875
374911141136,199,71842977648,1208000000,1211000000,0.0012950897216796875,0.00037288665771484375,0.045035362243652344
330587259428,339,358225508588,1208000000,1211000000,0.0767822265625,0.0150604248046875,12.12322998046875
374996754868,85,373220251195,1208000000,1211000000,0.003406524658203125,1.621246337890625e-05,0.3696556091308594
374780805995,727,32975210838,1208000000,1211000000,0.087890625,0.016204833984375,14.36517333984375
374996732860,122,104800852490,1208000000,1210000000,0.0014495849609375,1.430511474609375e-05,0.020494461059570312
374780805995,869,96915528644,1208000000,1211000000,0.0848388671875,0.01617431640625,4.2425537109375
374997804969,37,92131698171,1208000000,1210000000,0.00269317626953125,1.9073486328125e-05,0.05966949462890625
374996734241,75,151828873,1208000000,1210000000,0.0015087127685546875,1.621246337890625e-05,0.10674476623535156
374996732860,101,23744670416,1208000000,1211000000,0.0016460418701171875,1.811981201171875e-05,0.06490230560302734
374996725713,51,92003311000,1208000000,1209000000,0.00222015380859375,2.09808349609375e-05,0.040340423583984375
374675907533,5877,102893299823,1208000000,1211000000,0.0010814666748046875,0.0014019012451171875,0.18625259399414062
374996738144,21,259183003145,1208000000,1210000000,0.002368927001953125,1.9073486328125e-05,0.1480560302734375
374997804969,86,1377154500,1208000000,1210000000,0.00582122802734375,1.52587890625e-05,0.2451324462890625
374996732860,102,20737090,1208000000,1211000000,0.002437591552734375,1.621246337890625e-05,0.08833694458007812
374996738144,48,4914985907,1208000000,1211000000,0.002593994140625,1.430511474609375e-05,0.2582216262817383
374996754868,48,21408533,1208000000,1210000000,0.00228118896484375,1.33514404296875e-05,0.041301727294921875
374996725397,115,92085637829,1208000000,1211000000,0.0025177001953125,2.002716064453125e-05,0.015226364135742188
374996734241,15,92040069683,1208000000,1211000000,0.002277374267578125,2.002716064453125e-05,0.3101491928100586
330587125888,203,21247439,1208000000,1211000000,0.00836181640625,0.003154754638671875,1.6929359436035156
374780805995,667,70523220102,1208000000,1211000000,0.05181884765625,0.016387939453125,0.204620361328125
375007005725,0,92072773455,1208000000,1211000000,0.2578125,0.00231170654296875,24.191551208496094
374996738144,99,70522175353,1208000000,1211000000,0.0018863677978515625,1.811981201171875e-05,0.21711158752441406
375007002507,0,92055185975,1208000000,1211000000,0.1357421875,0.00279998779296875,10.390663146972656
374996734241,150,373578944034,1208000000,1210000000,0.002559661865234375,1.71661376953125e-05,0.13399505615234375
330587133435,471,71969689680,1208000000,1211000000,0.16748046875,0.0169677734375,18.2603759765625
374996725397,143,940077798,1208000000,1210000000,0.0006351470947265625,1.1444091796875e-05,0.05431365966796875
374996734241,27,23624246197,1208000000,1211000000,0.0007352828979492188,1.811981201171875e-05,0.058765411376953125
330587290520,236,182860483662,1208000000,1211000000,0.00039386749267578125,1.9073486328125e-06,0.02849578857421875
374996725713,74,151932044,1208000000,1211000000,0.0016841888427734375,1.621246337890625e-05,0.18364334106445312
374780805995,748,250621666392,1208000000,1211000000,0.11376953125,0.016754150390625,18.79541015625
374780805995,934,92036099915,1208000000,1211000000,0.1318359375,0.016815185546875,9.365020751953125
374996734241,146,104791526308,1208000000,1210000000,0.00379180908203125,1.71661376953125e-05,0.31995391845703125
374996734241,133,250621484236,1208000000,1211000000,0.00152587890625,1.71661376953125e-05,0.1990528106689453
374996732860,75,23749065317,1208000000,1210000000,0.00072479248046875,1.52587890625e-05,0.0370025634765625
374996738144,11,92160134653,1208000000,1211000000,0.002178192138671875,2.002716064453125e-05,0.0725412368774414
372382526837,563,24271057513,1208000000,1211000000,0.0014514923095703125,7.05718994140625e-05,0.21917724609375
375004990621,0,91991758468,1208000000,1211000000,0.00286865234375,0.0015659332275390625,0.07982254028320312
374996738144,84,374840503971,1208000000,1210000000,0.0014438629150390625,1.621246337890625e-05,0.040882110595703125
374780805995,843,494811204,1208000000,1211000000,0.05853271484375,0.015869140625,1.56243896484375
330587165471,264,21372310,1208000000,1211000000,0.03753662109375,0.0115966796875,1.32659912109375
374996725713,146,360371777767,1208000000,1210000000,0.00267791748046875,1.430511474609375e-05,0.0053844451904296875
358741519657,290,26514947,1208000000,1211000000,0.024932861328125,0.009429931640625,2.6802978515625
374780805995,768,71969708572,1208000000,1211000000,0.163818359375,0.01483154296875,10.18304443359375
374780805995,906,1377940832,1208000000,1211000000,0.04949951171875,0.018218994140625,8.329376220703125
330587230524,195,24272613793,1208000000,1211000000,0.002475738525390625,1.9073486328125e-06,0.08176231384277344
372908653693,2,70773916889,1208000000,1211000000,0.0018482208251953125,0.002582550048828125,0.5051078796386719
374996734241,25,159595175731,1208000000,1210000000,0.002048492431640625,1.71661376953125e-05,0.07023239135742188
374996754868,53,33154507670,1208000000,1210000000,0.0019207000732421875,1.811981201171875e-05,0.0310211181640625
374996738144,42,35970652773,1208000000,1210000000,0.002605438232421875,1.71661376953125e-05,0.11014938354492188
374996754868,149,104791355582,1208000000,1210000000,0.002574920654296875,1.52587890625e-05,0.103607177734375
374996734241,85,151848235,1208000000,1211000000,0.0013980865478515625,1.33514404296875e-05,0.01270294189453125
374997804969,153,4459282051,1208000000,1211000000,0.002300262451171875,1.52587890625e-05,0.18061065673828125
358146539252,137,373220226720,1208000000,1211000000,0.00472259521484375,0.0009374618530273438,0.6961870193481445
374996725713,101,83315114233,1208000000,1210000000,0.002857208251953125,1.9073486328125e-05,0.092041015625
374996754868,109,86185126112,1208000000,1211000000,0.00325775146484375,2.002716064453125e-05,0.4916667938232422
374780813300,835,35875930456,1208000000,1211000000,0.0055389404296875,0.0008077621459960938,0.26656150817871094
374996738144,148,197665067829,1208000000,1211000000,0.0023956298828125,2.002716064453125e-05,0.15218639373779297
374780805995,741,4915275826,1208000000,1211000000,0.024505615234375,0.015655517578125,1.686767578125
330587272057,153,24273463184,1208000000,1211000000,0.0034637451171875,0.0008983612060546875,0.3795032501220703
374911141136,1223,1579921700,1208000000,1211000000,0.00533294677734375,0.0006494522094726562,0.03589439392089844
375007015186,0,92147865285,1208000000,1211000000,0.1689453125,0.001689910888671875,6.1428680419921875
374996754868,74,1574977989,1208000000,1211000000,0.000888824462890625,1.33514404296875e-05,0.05413055419921875
374996732860,8,92093226894,1208000000,1211000000,0.00241851806640625,1.52587890625e-05,0.09491729736328125
330587290520,628,23627582096,1208000000,1211000000,0.08984375,0.0153350830078125,0.3155364990234375
374996738144,10,1377264861,1208000000,1210000000,0.001983642578125,1.811981201171875e-05,0.12410926818847656
374996734241,32,1715050054,1208000000,1210000000,0.00171661376953125,1.33514404296875e-05,0.10379791259765625
374996738144,23,250274876624,1208000000,1211000000,0.001262664794921875,1.71661376953125e-05,0.08062934875488281
374780805995,834,25676982,1208000000,1211000000,0.0902099609375,0.016693115234375,6.093475341796875
374996738144,88,73748549452,1208000000,1211000000,0.00251007080078125,1.9073486328125e-05,0.23521041870117188
374996725397,122,1715050054,1208000000,1210000000,0.0008840560913085938,7.62939453125e-06,0.053501129150390625
374996732860,26,124763536091,1208000000,1210000000,0.002437591552734375,1.621246337890625e-05,0.19139671325683594
374780805995,707,68669535924,1208000000,1211000000,0.02459716796875,0.01727294921875,6.1549072265625
374780805995,861,92089095684,1208000000,1211000000,0.0110626220703125,0.0146331787109375,1.541748046875
374996734241,126,1131206529,1208000000,1211000000,0.0017852783203125,1.621246337890625e-05,0.172943115234375
374996754868,31,23624246197,1208000000,1211000000,0.00176239013671875,1.430511474609375e-05,0.06396102905273438
374997804969,47,92136995832,1208000000,1209000000,0.003704071044921875,6.961822509765625e-05,0.1584949493408203
374996738144,15,92047377875,1208000000,1211000000,0.001102447509765625,2.09808349609375e-05,0.047183990478515625
374996734241,11,86185126112,1208000000,1211000000,0.002899169921875,2.002716064453125e-05,0.21018218994140625
374997804969,21,86286350848,1208000000,1211000000,0.00237274169921875,1.9073486328125e-05,0.3228950500488281
374780805995,877,1375999038,1208000000,1211000000,0.182861328125,0.015289306640625,3.56671142578125
374780805995,792,4451240253,1208000000,1211000000,0.06121826171875,0.0146484375,4.32440185546875
374998193417,128,70609539804,1208000000,1211000000,0.0010662078857421875,0.001094818115234375,0.12966156005859375
374996725713,67,91998838601,1208000000,1210000000,0.002124786376953125,0.00012111663818359375,0.18416404724121094
374997804969,7,92050216969,1208000000,1210000000,0.00295257568359375,2.574920654296875e-05,0.059566497802734375
374780805995,821,23744454674,1209000000,1211000000,0.05975341796875,0.016998291015625,5.2191162109375
374996725713,34,32973033737,1209000000,1211000000,0.0016193389892578125,1.430511474609375e-05,0.08494949340820312
374780805995,675,4914985907,1209000000,1211000000,0.1031494140625,0.016265869140625,7.1649169921875
374780805995,907,1377328837,1209000000,1211000000,0.08056640625,0.01605224609375,1.159423828125
374780805995,803,2448146537,1209000000,1211000000,0.0909423828125,0.016021728515625,10.05462646484375
374780805995,754,373219144059,1209000000,1211000000,0.0859375,0.01617431640625,4.9013671875
330587217906,188,19878963391,1209000000,1211000000,0.00022792816162109375,9.5367431640625e-07,0.00091552734375
374780805995,856,2866679699,1209000000,1211000000,0.0960693359375,0.0162353515625,1.796875
374780805995,756,360234023750,1209000000,1211000000,0.039306640625,0.014404296875,0.64453125
375002806143,11,92057637848,1209000000,1211000000,0.008087158203125,0.00044727325439453125,0.23896408081054688
374780805995,786,104792148942,1209000000,1211000000,0.100341796875,0.016021728515625,10.239990234375
374780805995,942,20732905,1209000000,1211000000,0.0726318359375,0.0152587890625,2.8125
374780805995,929,4879353198,1209000000,1211000000,0.0888671875,0.016510009765625,2.1075439453125
374911141136,1057,21214392,1209000000,1211000000,0.0029144287109375,0.0005159378051757812,0.041164398193359375
358887942275,215,22805992,1209000000,1211000000,0.04315185546875,0.0017414093017578125,4.30975341796875
374780805995,809,116772323445,1209000000,1211000000,0.072265625,0.0155792236328125,1.229827880859375
374780805995,901,86190604906,1209000000,1211000000,0.130126953125,0.018218994140625,8.01068115234375
374780821309,275,23621055529,1209000000,1211000000,0.014129638671875,0.00656890869140625,1.2833099365234375
374780805995,941,21292439,1209000000,1211000000,0.09521484375,0.015716552734375,5.99029541015625
374780805995,669,68789130103,1209000000,1211000000,0.0775146484375,0.016143798828125,1.1239013671875
374996754868,54,938679573,1209000000,1211000000,0.001651763916015625,1.239776611328125e-05,0.053253173828125
374780805995,837,1185551539,1209000000,1211000000,0.040771484375,0.0152435302734375,4.145111083984375
375007002447,0,91998656935,1209000000,1211000000,0.029693603515625,0.0017719268798828125,2.706035614013672
375004987910,0,92005139218,1209000000,1211000000,0.003749847412109375,0.0020294189453125,0.2542877197265625
374780805995,818,4914985907,1209000000,1211000000,0.09521484375,0.0142059326171875,1.969573974609375
374780805995,726,1420325778,1209000000,1211000000,0.0904541015625,0.016815185546875,7.93792724609375
374780805995,900,20736940,1209000000,1211000000,0.00885009765625,0.014678955078125,0.37646484375
374780805995,788,104793279469,1209000000,1211000000,0.126708984375,0.01690673828125,6.0318603515625
374780805995,750,2449007136,1209000000,1211000000,0.01715087890625,0.0136260986328125,2.462158203125
330587115883,26,71969689680,1209000000,1211000000,0.25830078125,0.01763916015625,23.178955078125
374780805995,897,2447800690,1209000000,1211000000,0.08984375,0.016204833984375,6.3629150390625
374780805995,776,2449580333,1209000000,1211000000,0.0428466796875,0.0169677734375,0.478515625
374780805995,662,70529317479,1209000000,1211000000,0.144287109375,0.0167236328125,5.79638671875
374780805995,774,10879652675,1209000000,1211000000,0.0127105712890625,0.0147552490234375,1.263427734375
374996732860,50,198551327651,1209000000,1211000000,0.00118255615234375,8.58306884765625e-06,0.07385063171386719
375007002721,0,92050489863,1209000000,1211000000,0.1083984375,0.002460479736328125,0.6651535034179688
374911141136,329,23624450747,1209000000,1211000000,0.0009374618530273438,0.00055694580078125,0.13449668884277344
374780805995,962,335406561293,1209000000,1211000000,0.102294921875,0.015899658203125,4.96417236328125
374860215787,12,24272672976,1209000000,1211000000,0.0008821487426757812,0.0015201568603515625,0.1969890594482422
374780805995,881,1130911954,1209000000,1211000000,0.090087890625,0.015899658203125,0.21197509765625
375007008792,0,20967742,1209000000,1211000000,0.0002422332763671875,0.000141143798828125,0.011501312255859375
374780805995,725,20736912,1209000000,1211000000,0.1435546875,0.0155487060546875,11.773651123046875
374780805995,782,25609200,1209000000,1211000000,0.0750732421875,0.0162353515625,0.5478515625
374998525200,11,71879251517,1209000000,1211000000,0.027374267578125,0.00139617919921875,2.07147216796875
374780805995,823,361046589382,1209000000,1211000000,0.0567626953125,0.01666259765625,7.048828125
374780805995,948,77436735651,1209000000,1211000000,0.0660400390625,0.016357421875,0.164794921875
374780805995,960,72117108949,1209000000,1211000000,0.018341064453125,0.015533447265625,2.3712158203125
374780805995,678,93511452140,1209000000,1211000000,0.06036376953125,0.017120361328125,4.49407958984375
330587135936,467,104792344438,1209000000,1211000000,0.0107421875,0.003376007080078125,1.2988739013671875
374780805995,798,21249459,1209000000,1211000000,0.078857421875,0.015533447265625,1.1326904296875
330587120885,666,92041152478,1209000000,1211000000,0.116455078125,0.02166748046875,13.5360107421875
374780805995,681,494930927,1209000000,1211000000,0.09326171875,0.0155181884765625,6.9619140625
374996725713,17,92034724116,1209000000,1211000000,0.002765655517578125,1.9073486328125e-05,0.20050048828125
374780805995,724,21373047,1209000000,1211000000,0.05572509765625,0.015960693359375,6.16497802734375
374780805995,855,20737080,1209000000,1211000000,0.158447265625,0.014984130859375,9.712158203125
374780805995,783,250619294095,1209000000,1211000000,0.143798828125,0.0162353515625,5.441162109375
374780805995,755,2448088338,1209000000,1211000000,0.0850830078125,0.016571044921875,5.89593505859375
374780805995,839,20736695,1209000000,1211000000,0.05853271484375,0.01611328125,4.0308837890625
374996725713,135,72045615445,1209000000,1211000000,0.0019207000732421875,1.71661376953125e-05,0.127899169921875
45174106287,0,86180082601,1209000000,1211000000,0.014923095703125,0.0004215240478515625,1.1661911010742188
374780805995,832,252955338,1209000000,1211000000,0.0128326416015625,0.015472412109375,2.4908447265625
375006001487,0,92054980182,1209000000,1211000000,0.223388671875,0.001804351806640625,18.46582794189453
374996732860,113,1579786949,1209000000,1211000000,0.00177764892578125,1.33514404296875e-05,0.17551803588867188
375007017482,0,92061703983,1209000000,1211000000,0.154052734375,0.00226593017578125,10.00439453125
374780805995,659,104792112133,1209000000,1211000000,0.114013671875,0.0162353515625,8.075439453125
374780805995,711,1638888273,1209000000,1211000000,0.098388671875,0.016754150390625,5.0662841796875
374780805995,780,20736940,1209000000,1211000000,0.0626220703125,0.0152130126953125,7.316497802734375
375002806143,15,330201994568,1209000000,1211000000,0.013336181640625,0.0004329681396484375,0.8812255859375
245891704446,105,1715418355,1209000000,1211000000,0.000629425048828125,1.52587890625e-05,0.03223419189453125
374996725713,92,9578845638,1209000000,1211000000,0.0001354217529296875,1.621246337890625e-05,0.00121307373046875
375003974836,1,92064780685,1209000000,1211000000,0.0369873046875,0.0008144378662109375,1.3608627319335938
374780805995,814,359825715933,1209000000,1211000000,0.068115234375,0.01678466796875,1.018798828125
330587213089,226,23860253894,1209000000,1211000000,0.00637054443359375,0.0008182525634765625,0.115020751953125
374780805995,806,1378098704,1209000000,1211000000,0.081787109375,0.015625,9.3515625
330587150465,674,24270900725,1209000000,1211000000,0.037109375,0.0124053955078125,0.099029541015625
374780805995,846,21408527,1209000000,1211000000,0.147216796875,0.01593017578125,2.2840576171875
375004990178,0,1713861506,1209000000,1211000000,0.001346588134765625,0.0016269683837890625,0.07731246948242188
374780805995,904,20737057,1209000000,1211000000,0.0595703125,0.016845703125,7.18310546875
374996754868,90,172745445492,1209000000,1211000000,0.002292633056640625,1.430511474609375e-05,0.05536651611328125
374780805995,805,1377075979,1209000000,1211000000,0.05694580078125,0.014068603515625,1.27825927734375
375002806143,0,92049295572,1209000000,1211000000,0.0128326416015625,0.0004634857177734375,0.638214111328125
374780805995,670,68670241816,1209000000,1211000000,0.139892578125,0.01617431640625,0.3121337890625
374780805995,958,4646810360,1209000000,1211000000,0.0548095703125,0.015869140625,4.664794921875
188381573222,1768,21332333,1209000000,1211000000,0.06195068359375,0.004913330078125,6.01776123046875
374860215787,18,92106802972,1209000000,1211000000,0.0203857421875,0.0013713836669921875,1.5229988098144531
374996738144,103,104791499786,1209000000,1211000000,0.0009441375732421875,3.528594970703125e-05,0.027423858642578125
374780805995,791,4451020992,1209000000,1211000000,0.056884765625,0.0166015625,1.17578125
374780805995,785,104790966044,1209000000,1211000000,0.0863037109375,0.0155029296875,2.0361328125
374675861423,2342,71969689680,1209000000,1211000000,0.0014324188232421875,0.0014286041259765625,0.274658203125
374780805995,712,1375637386,1209000000,1211000000,0.0838623046875,0.0166015625,6.228759765625
374780805995,228,74517823433,1209000000,1211000000,0.136474609375,0.0153656005859375,11.236175537109375
375007004715,0,1576142850,1209000000,1211000000,0.114501953125,0.00206756591796875,3.730224609375
374909859791,280,1131207248,1209000000,1211000000,0.001323699951171875,0.00046825408935546875,0.057342529296875
330587157968,288,1185493605,1209000000,1211000000,0.0723876953125,0.0122528076171875,2.877777099609375
374780805995,692,96915615613,1209000000,1211000000,0.1229248046875,0.01568603515625,12.19775390625
374780805995,771,20736650,1209000000,1211000000,0.0592041015625,0.0146484375,3.84033203125
375007017568,0,92115188122,1209000000,1211000000,0.107177734375,0.0016803741455078125,6.313770294189453
374780805995,715,571862320,1209000000,1211000000,0.08447265625,0.015960693359375,5.82513427734375
374780805995,730,4878249706,1209000000,1211000000,0.1083984375,0.015655517578125,12.15728759765625
375002806143,14,71970277442,1209000000,1211000000,0.0075531005859375,0.000446319580078125,0.5599594116210938
330587141000,234,53771268213,1209000000,1211000000,0.2216796875,0.01702880859375,12.412841796875
374780805995,655,939080344,1209000000,1211000000,0.0650634765625,0.015960693359375,1.45843505859375
375007005839,0,92047355638,1209000000,1211000000,0.095703125,0.0016994476318359375,1.9480514526367188
374780805995,696,71877066776,1209000000,1211000000,0.117919921875,0.01531982421875,3.9971923828125
374780805995,937,170582266165,1209000000,1211000000,0.093505859375,0.015869140625,5.25
374911141136,303,4914924057,1209000000,1211000000,0.0010547637939453125,0.00048828125,0.0370330810546875
374780805995,831,20737546,1209000000,1211000000,0.007965087890625,0.0145111083984375,0.854095458984375
374780805995,894,4674015494,1209000000,1211000000,0.05657958984375,0.01568603515625,3.61328125
374780805995,876,1375999038,1209000000,1211000000,0.176025390625,0.016357421875,10.7734375
374780805995,956,2960917254,1209000000,1211000000,0.03997802734375,0.0162353515625,4.721923828125
374780805995,810,4914985907,1209000000,1211000000,0.064453125,0.0146484375,0.158203125
374780815303,635,23624316368,1209000000,1211000000,0.12158203125,0.0140380859375,5.153564453125
374780805995,772,2458103029,1209000000,1211000000,0.072509765625,0.015655517578125,2.115966796875
374780805995,790,2957693547,1209000000,1211000000,0.0980224609375,0.0167236328125,5.2783203125
374780805995,902,36037302255,1209000000,1211000000,0.095947265625,0.015625,0.22314453125
374780805995,965,92146113206,1209000000,1211000000,0.1009521484375,0.0144805908203125,6.92596435546875
374780805995,860,2510236336,1209000000,1211000000,0.04986572265625,0.015869140625,0.52587890625
374780805995,820,574630414,1209000000,1211000000,0.091552734375,0.01678466796875,1.300048828125
374780805995,671,2724973514,1209000000,1211000000,0.05621337890625,0.015167236328125,4.99664306640625
375007004469,0,1713002522,1209000000,1211000000,0.024383544921875,0.0011920928955078125,2.046051025390625
374780805995,751,102892828005,1209000000,1211000000,0.05523681640625,0.0149383544921875,6.596466064453125
374780805995,684,20736650,1209000000,1211000000,0.1004638671875,0.016326904296875,2.56939697265625
374780805995,763,2458245373,1209000000,1211000000,0.0576171875,0.016448974609375,7.1103515625
374996734241,48,938799749,1209000000,1211000000,0.00159454345703125,1.52587890625e-05,0.0869293212890625
374780805995,827,348404947106,1209000000,1211000000,0.09375,0.01605224609375,2.63525390625
374996732860,96,9579250868,1209000000,1211000000,0.0024871826171875,1.621246337890625e-05,0.04506111145019531
375007003880,0,92031092474,1209000000,1211000000,0.1611328125,0.0023193359375,7.518798828125
374780805995,866,10879543346,1209000000,1211000000,0.0521240234375,0.018218994140625,1.82891845703125
374780805995,764,4914985907,1209000000,1211000000,0.059326171875,0.01556396484375,6.7401123046875
374780805995,687,938906598,1209000000,1211000000,0.1396484375,0.015045166015625,10.5191650390625
374780805995,891,21284208,1209000000,1211000000,0.115966796875,0.016265869140625,0.79339599609375
330587220407,261,92040917322,1209000000,1211000000,0.00041961669921875,9.5367431640625e-07,0.001682281494140625
375007005753,0,92131698171,1209000000,1211000000,0.0518798828125,0.0012187957763671875,3.5045127868652344
360229356955,297,70634157682,1209000000,1211000000,0.0006666183471679688,6.67572021484375e-06,0.02962493896484375
374780805995,762,73024841162,1209000000,1211000000,0.044921875,0.0147705078125,3.58154296875
374780805995,879,104792148937,1209000000,1211000000,0.097412109375,0.018218994140625,3.93145751953125
374780805995,883,100217273,1209000000,1211000000,0.096435546875,0.0166015625,6.330078125
330587152966,388,1377324073,1209000000,1211000000,0.060546875,0.01226806640625,5.24267578125
375002806143,4,21430418,1209000000,1211000000,0.0078582763671875,0.00047969818115234375,0.5169544219970703
375004991979,0,92131698171,1209000000,1211000000,0.0653076171875,0.0020294189453125,2.15478515625
360940137080,672,86198784202,1209000000,1211000000,0.000396728515625,9.5367431640625e-07,0.03897285461425781
374780805995,718,4459219575,1209000000,1211000000,0.0726318359375,0.0159912109375,1.59521484375
374780805995,845,4512111771,1209000000,1211000000,0.075439453125,0.016265869140625,4.95208740234375
374780805995,719,4450933045,1209000000,1211000000,0.132568359375,0.0152130126953125,12.709197998046875
374780805995,888,494834135,1209000000,1211000000,0.0791015625,0.0164794921875,6.308349609375
374780805995,685,21284383,1209000000,1211000000,0.06109619140625,0.01641845703125,4.03076171875
374780805995,658,4458933234,1209000000,1211000000,0.128662109375,0.016937255859375,13.10394287109375
330587141000,695,92152625154,1209000000,1211000000,0.064697265625,0.0109100341796875,6.502227783203125
374780805995,865,21296094,1209000000,1211000000,0.0806884765625,0.018218994140625,5.9344482421875
374780805995,701,2060952981,1209000000,1211000000,0.05328369140625,0.01605224609375,0.5546875
374998525200,6,373217088338,1209000000,1211000000,0.0313720703125,0.0013980865478515625,2.4249916076660156
374780805995,946,4458933236,1209000000,1211000000,0.089111328125,0.01678466796875,9.9542236328125
39516997747,1862,574430662,1209000000,1211000000,0.003131866455078125,0.00010585784912109375,0.012950897216796875
374780805995,912,22672367,1209000000,1211000000,0.151611328125,0.0157470703125,14.392822265625
345705270293,1,2458319329,1209000000,1211000000,0.0745849609375,0.003505706787109375,4.6854400634765625
374780805995,759,1378099580,1209000000,1211000000,0.09130859375,0.0159912109375,2.5751953125
374780805995,1099,102894080494,1209000000,1211000000,0.0152435302734375,0.008819580078125,1.876922607421875
330587220407,682,92152625154,1209000000,1211000000,0.027069091796875,0.002117156982421875,1.8095474243164062
374780805995,838,93515412137,1209000000,1211000000,0.064697265625,0.015899658203125,5.4805908203125
374998233207,36,86184821568,1209000000,1211000000,0.0011692047119140625,0.0011425018310546875,0.0369873046875
374780805995,677,21369274,1209000000,1211000000,0.05535888671875,0.015625,5.394775390625
374780805995,885,4450834282,1209000000,1211000000,0.06298828125,0.016571044921875,0.636474609375
374780805995,716,21137987,1209000000,1211000000,0.06134033203125,0.015899658203125,6.64263916015625
374909856633,866,70550344666,1209000000,1211000000,0.03546142578125,0.0010986328125,1.5355224609375
374780805995,332,1377981050,1209000000,1211000000,0.077392578125,0.015869140625,5.96875
374780805995,714,102894080494,1209000000,1211000000,0.04443359375,0.011138916015625,1.22259521484375
374911141136,1438,4451161211,1209000000,1211000000,0.002162933349609375,0.0005960464477539062,0.20968246459960938
360940137080,720,20736734,1209000000,1211000000,0.05377197265625,0.0092010498046875,4.156219482421875
374780805995,694,20738142,1209000000,1211000000,0.0697021484375,0.016845703125,5.19287109375
330587209928,33,92040917322,1209000000,1211000000,0.00034427642822265625,9.5367431640625e-07,0.016571044921875
375007002870,0,92113941700,1209000000,1211000000,0.1246337890625,0.002407073974609375,3.048980712890625
374996754868,59,1375623189,1209000000,1211000000,0.00238037109375,1.430511474609375e-05,0.13410186767578125
374780805995,661,36050205613,1209000000,1211000000,0.0760498046875,0.016998291015625,2.9775390625
374780805995,916,70550223365,1209000000,1211000000,0.07763671875,0.016265869140625,7.32440185546875
374780805995,735,73748549452,1209000000,1211000000,0.0777587890625,0.016448974609375,0.3768310546875
374780805995,924,939928517,1209000000,1211000000,0.060302734375,0.0154266357421875,6.815643310546875
374780805995,773,312160145736,1209000000,1211000000,0.0828857421875,0.015899658203125,2.7659912109375
374780805995,784,20736663,1209000000,1211000000,0.14111328125,0.016265869140625,4.4066162109375
374780805995,812,1376297681,1209000000,1211000000,0.093017578125,0.0153045654296875,2.383087158203125
374909848681,3,36220995373,1209000000,1211000000,0.0345458984375,0.001422882080078125,0.7193756103515625
374780805995,673,2960861699,1209000000,1211000000,0.0628662109375,0.016082763671875,6.15802001953125
375007002471,0,92001015048,1209000000,1211000000,0.146728515625,0.002712249755859375,6.874275207519531
330587303641,23,92027772997,1209000000,1211000000,0.00222015380859375,0.000904083251953125,0.10622406005859375
374780805995,738,573315130,1209000000,1211000000,0.062744140625,0.01544189453125,5.1602783203125
374780805995,802,20736981,1209000000,1211000000,0.0821533203125,0.015869140625,0.196044921875
374837218396,44,68672048438,1209000000,1211000000,0.001621246337890625,0.00142669677734375,0.195068359375
374780805995,813,571862320,1209000000,1211000000,0.10498046875,0.01556396484375,5.303955078125
330587135936,30,21549937,1209000000,1211000000,0.011138916015625,0.00572967529296875,0.3036346435546875
374780805995,816,4914985907,1209000000,1211000000,0.0595703125,0.01641845703125,3.6474609375
374780805995,743,77443609158,1209000000,1211000000,0.0894775390625,0.016998291015625,10.43463134765625
374780813300,452,23621055529,1209000000,1211000000,0.016021728515625,0.00643157958984375,2.065704345703125
374780805995,899,72276477555,1209000000,1211000000,0.05267333984375,0.01611328125,1.65087890625
330587123387,414,173842721192,1209000000,1211000000,1.049041748046875e-05,1.33514404296875e-05,0.002002716064453125
375004992458,0,92029884620,1209000000,1211000000,0.03814697265625,0.0016155242919921875,1.5904998779296875
374780805995,691,169057938022,1209000000,1211000000,0.013580322265625,0.0151214599609375,2.64056396484375
374780805995,686,1376330389,1209000000,1211000000,0.04852294921875,0.01629638671875,2.203857421875
374780805995,950,92098993927,1209000000,1211000000,0.118408203125,0.015533447265625,2.41094970703125
374780805995,819,571862320,1209000000,1211000000,0.090087890625,0.01617431640625,6.80078125
374780805995,909,104829755120,1209000000,1211000000,0.064208984375,0.016357421875,2.255859375
374780805995,657,35871285282,1209000000,1211000000,0.05859375,0.01544189453125,6.9593505859375
375007012708,0,116753502736,1209000000,1211000000,0.0080413818359375,0.0017833709716796875,0.6877326965332031
374780805995,917,86174430814,1209000000,1211000000,0.03680419921875,0.016845703125,2.4678955078125
374780805995,859,358231192935,1209000000,1211000000,0.0828857421875,0.015380859375,1.572265625
374780805995,850,2448094863,1209000000,1211000000,0.0911865234375,0.01495361328125,7.64208984375
374780805995,807,10881337767,1209000000,1211000000,0.148681640625,0.0154266357421875,13.456878662109375
374780805995,842,1146007982,1209000000,1211000000,0.0633544921875,0.013275146484375,0.9195556640625
374780805995,804,23624407600,1209000000,1211000000,0.0733642578125,0.014892578125,6.3544921875
374780805995,778,20738142,1209000000,1211000000,0.06982421875,0.015838623046875,4.797119140625
374996725397,100,2510001925,1209000000,1211000000,0.001811981201171875,1.430511474609375e-05,0.15340805053710938
374780805995,829,2448094863,1209000000,1211000000,0.091796875,0.01568603515625,10.318359375
374780805995,922,1713257708,1209000000,1211000000,0.0634765625,0.0153045654296875,2.048309326171875
374780805995,734,1375999038,1209000000,1211000000,0.14794921875,0.0153350830078125,14.695587158203125
330587209928,142,24272669406,1209000000,1211000000,0.0865478515625,0.020050048828125,10.44659423828125
374780805995,954,4646190048,1209000000,1211000000,0.0986328125,0.01605224609375,0.458740234375
374780805995,911,4647326936,1209000000,1211000000,0.089111328125,0.016571044921875,2.74774169921875
374780805995,825,198195268468,1209000000,1211000000,0.0623779296875,0.016021728515625,1.5679931640625
374780805995,857,2448604790,1209000000,1211000000,0.0836181640625,0.014678955078125,5.30804443359375
374780805995,895,296424030168,1209000000,1211000000,0.089599609375,0.01611328125,6.3427734375
360940137080,722,1579925689,1209000000,1211000000,0.0045318603515625,0.0008020401000976562,0.23469161987304688
374780805995,765,1376297681,1209000000,1211000000,0.0906982421875,0.015228271484375,5.5081787109375
372863533759,17,312247162824,1209000000,1211000000,0.421875,0.0146331787109375,3.4920654296875
374911141136,637,4450933046,1209000000,1211000000,0.00753021240234375,0.0006551742553710938,0.09822463989257812
330587209928,434,102979795647,1209000000,1211000000,0.0986328125,0.01885986328125,4.4647216796875
374780805995,848,20737043,1209000000,1211000000,0.0814208984375,0.0152587890625,5.02734375
375004991630,0,92115188122,1209000000,1211000000,0.018402099609375,0.00165557861328125,1.12322998046875
374780805995,822,27302442,1209000000,1211000000,0.080810546875,0.01666259765625,5.6534423828125
330587217906,180,93509986219,1209000000,1211000000,0.0621337890625,0.008331298828125,3.80511474609375
374911141136,1434,24272435931,1209000000,1211000000,0.00211334228515625,0.00048828125,0.0364227294921875
374780813300,610,86201093334,1209000000,1211000000,0.00667572021484375,0.0017414093017578125,0.134674072265625
375007005042,0,92130754153,1209000000,1211000000,0.160888671875,0.002330780029296875,4.243705749511719
374996754868,121,4451071445,1209000000,1211000000,0.002666473388671875,1.621246337890625e-05,0.18242263793945312
374780805995,683,71877154490,1209000000,1211000000,0.238525390625,0.01666259765625,23.9876708984375
374780805995,873,1185551539,1209000000,1211000000,0.09619140625,0.016693115234375,6.54730224609375
375007005760,0,92027238667,1209000000,1211000000,0.002773284912109375,0.0009527206420898438,0.24591636657714844
374780805995,864,4645999751,1209000000,1211000000,0.065185546875,0.0148773193359375,7.205657958984375
375007004491,0,91995485885,1209000000,1211000000,0.124267578125,0.002338409423828125,10.12847900390625
374780805995,870,2449670537,1209000000,1211000000,0.1126708984375,0.0155181884765625,6.66583251953125
374780805995,944,2725088867,1209000000,1211000000,0.04229736328125,0.0140380859375,4.5068359375
374780805995,1207,102893244767,1209000000,1211000000,0.04412841796875,0.016998291015625,5.6236572265625
374675861423,1896,71969689680,1209000000,1211000000,0.0019359588623046875,0.00147247314453125,0.21132278442382812
375002810750,0,92163329757,1209000000,1211000000,0.0082855224609375,0.00042057037353515625,0.22635841369628906
374780805995,731,20738133,1209000000,1211000000,0.091552734375,0.016021728515625,0.860595703125
374780805995,923,2958298662,1209000000,1211000000,0.052490234375,0.016021728515625,3.15155029296875
374780805995,435,938885809,1209000000,1211000000,0.2509765625,0.016082763671875,13.8870849609375
374780805995,760,358610759622,1209000000,1211000000,0.02593994140625,0.01641845703125,1.6943359375
375002806143,8,92052229391,1209000000,1211000000,0.00830078125,0.00048732757568359375,0.035152435302734375
374780805995,720,21249459,1209000000,1211000000,0.0843505859375,0.016448974609375,5.44317626953125
374780805995,925,102894346375,1209000000,1211000000,0.0977783203125,0.0153656005859375,5.657196044921875
374780805995,645,2958260370,1209000000,1211000000,0.0523681640625,0.0162353515625,4.390625
374780805995,921,250623081695,1209000000,1211000000,0.1109619140625,0.017181396484375,9.99517822265625
374780805995,656,348041113868,1209000000,1211000000,0.01068115234375,0.0123291015625,1.28857421875
362996470488,338,20967728,1209000000,1211000000,0.0002651214599609375,9.5367431640625e-07,0.025011062622070312
374780805995,744,23749067748,1209000000,1211000000,0.05511474609375,0.01605224609375,4.83935546875
374780805995,896,96916825329,1209000000,1211000000,0.062744140625,0.0166015625,1.74560546875
374780805995,815,20747658,1209000000,1211000000,0.14794921875,0.0151214599609375,0.978424072265625
374780805995,702,24272672978,1209000000,1211000000,0.012359619140625,0.014892578125,2.34368896484375
374911141136,40,92159871012,1209000000,1211000000,0.00494384765625,0.0006723403930664062,0.13478851318359375
374780805995,828,1463620528,1209000000,1211000000,0.06494140625,0.016357421875,1.78857421875
375007006779,0,124330977828,1209000000,1211000000,0.00728607177734375,0.0011959075927734375,0.3223152160644531
374780805995,880,1376330389,1209000000,1211000000,0.011932373046875,0.01605224609375,0.50372314453125
374780805995,849,21141564,1209000000,1211000000,0.06005859375,0.0157470703125,0.454833984375
374997804969,131,72045615445,1209000000,1211000000,0.0013065338134765625,1.811981201171875e-05,0.07418060302734375
374780805995,931,151923674,1209000000,1211000000,0.03662109375,0.015167236328125,3.00372314453125
374780805995,690,373215977000,1209000000,1211000000,0.147705078125,0.0156097412109375,13.391815185546875
375007002453,0,126640476149,1209000000,1211000000,0.32470703125,0.00197601318359375,29.401473999023438
374780805995,935,92029421024,1209000000,1211000000,0.1104736328125,0.017242431640625,7.91839599609375
374780805995,663,92039731743,1209000000,1211000000,0.021820068359375,0.016845703125,0.54132080078125
374780805995,886,24271012925,1209000000,1211000000,0.009674072265625,0.0145416259765625,2.32470703125
372382526837,621,55046362728,1209000000,1211000000,0.069091796875,0.0101165771484375,6.65350341796875
375002806143,9,92040069683,1209000000,1211000000,0.0084228515625,0.00045680999755859375,0.08879661560058594
374780805995,740,20736706,1209000000,1211000000,0.04644775390625,0.014678955078125,5.1346435546875
330587108283,520,20967726,1209000000,1211000000,0.0726318359375,0.016204833984375,1.95440673828125
374780805995,949,102894080494,1209000000,1211000000,0.0318603515625,0.009674072265625,2.658203125
374780805995,952,572767334,1209000000,1211000000,0.1337890625,0.015960693359375,13.177978515625
330587155467,55,71969689680,1209000000,1211000000,0.129638671875,0.010650634765625,0.5611572265625
374780805995,703,77443583394,1209000000,1211000000,0.0855712890625,0.01513671875,6.4453125
330587303641,620,222541538605,1209000000,1211000000,0.0047149658203125,0.0009288787841796875,0.2821922302246094
226455519150,197,2058533776,1209000000,1211000000,0.00202178955078125,0.000507354736328125,0.10622406005859375
374780805995,851,1130724039,1209000000,1211000000,0.05419921875,0.01568603515625,0.55908203125
374780805995,878,143921247441,1209000000,1211000000,0.1197509765625,0.018218994140625,9.10601806640625
374997804969,8,92064203604,1209000000,1211000000,0.0028228759765625,2.002716064453125e-05,0.011371612548828125
374780805995,852,252955338,1209000000,1211000000,0.05419921875,0.016082763671875,1.9678955078125
374780805995,867,1375607067,1209000000,1211000000,0.0548095703125,0.014404296875,1.522705078125
374780805995,882,2458103029,1209000000,1211000000,0.021942138671875,0.0149993896484375,1.403778076171875
374780805995,826,373579085651,1209000000,1211000000,0.0987548828125,0.017120361328125,2.08575439453125
330587155467,239,104817938113,1209000000,1211000000,0.070556640625,0.0124664306640625,6.807891845703125
374780805995,959,21578409,1209000000,1211000000,0.0423583984375,0.01580810546875,5.351318359375
374780805995,698,1185551539,1209000000,1211000000,0.092529296875,0.016143798828125,9.78057861328125
374780805995,858,2960766960,1209000000,1211000000,0.04193115234375,0.015838623046875,1.03985595703125
350887197667,21,92073763944,1209000000,1211000000,0.0689697265625,0.002414703369140625,0.42830657958984375
374780805995,668,20736986,1209000000,1211000000,0.0816650390625,0.018218994140625,8.98956298828125
374780805995,898,35872531885,1209000000,1211000000,0.044921875,0.016510009765625,3.80877685546875
374780805995,723,364133488814,1209000000,1211000000,0.0150146484375,0.014129638671875,2.27325439453125
374780805995,957,105023396825,1209000000,1211000000,0.0789794921875,0.0154266357421875,2.2657470703125
374780805995,874,32971764808,1209000000,1211000000,0.05963134765625,0.0144195556640625,2.36962890625
374780805995,729,4459495224,1209000000,1211000000,0.04876708984375,0.016143798828125,1.42803955078125
374780805995,705,250619294095,1209000000,1211000000,0.1058349609375,0.01708984375,11.30908203125
374780805995,947,36049435966,1209000000,1211000000,0.07763671875,0.016357421875,2.81982421875
374780805995,964,104801016767,1209000000,1211000000,0.131591796875,0.018218994140625,8.389404296875
330587262052,52,74472327133,1209000000,1211000000,0.1036376953125,0.02252197265625,7.3172607421875
374780805995,905,82807943588,1209000000,1211000000,0.03167724609375,0.01226806640625,3.515625
374780805995,722,20737108,1209000000,1211000000,0.060302734375,0.01617431640625,0.61181640625
39516997747,1747,1376335586,1209000000,1211000000,0.00043201446533203125,9.5367431640625e-06,0.042388916015625
374780805995,926,20736726,1209000000,1211000000,0.0650634765625,0.015533447265625,6.28656005859375
374780805995,841,23749081523,1209000000,1211000000,0.011077880859375,0.0149383544921875,1.613006591796875
374780805995,693,1579503358,1209000000,1211000000,0.0088958740234375,0.014801025390625,2.037933349609375
374780805995,654,33151209107,1209000000,1211000000,0.08984375,0.015869140625,4.43994140625
374780805995,795,73748533044,1209000000,1211000000,0.1024169921875,0.01605224609375,11.846923828125
374996754868,96,104791450688,1209000000,1211000000,0.002368927001953125,1.71661376953125e-05,0.21952056884765625
374780805995,664,24271005279,1209000000,1211000000,0.0677490234375,0.015594482421875,0.50006103515625
330587165471,292,71978530998,1209000000,1211000000,0.1072998046875,0.012481689453125,0.4791259765625
374780805995,789,571862320,1209000000,1211000000,0.0109100341796875,0.015777587890625,0.160125732421875
374780805995,797,2958186780,1210000000,1211000000,0.05224609375,0.015655517578125,1.08642578125
330587157968,514,24273135570,1210000000,1211000000,0.025848388671875,0.007659912109375,1.1392822265625
374780805995,742,21378224,1210000000,1211000000,0.053466796875,0.016021728515625,2.64056396484375
330587115883,518,103267158440,1210000000,1211000000,0.154052734375,0.022735595703125,8.83941650390625
374780805995,695,4459248957,1210000000,1211000000,0.015594482421875,0.01678466796875,0.1295166015625
374780791765,353,35872161771,1210000000,1211000000,0.133544921875,0.0129547119140625,2.343994140625
374909862587,0,2958224402,1210000000,1211000000,0.0003948211669921875,0.0002918243408203125,0.02197265625
375007003072,1,92027971126,1210000000,1211000000,0.159912109375,0.00241851806640625,6.8178863525390625
372863533759,19,330384008461,1210000000,1211000000,0.44189453125,0.0127410888671875,5.0009918212890625
330587204926,279,102893244769,1210000000,1211000000,0.00042724609375,9.5367431640625e-07,0.014986991882324219
374780805995,761,104792148946,1210000000,1211000000,0.091796875,0.016510009765625,0.541534423828125
374675907533,696,103267158440,1210000000,1211000000,0.0017604827880859375,0.0016078948974609375,0.14484024047851562
330587240934,80,114484378125,1210000000,1211000000,0.00039005279541015625,9.5367431640625e-07,0.0031280517578125
330587113342,677,24272911782,1210000000,1211000000,0.1141357421875,0.02044677734375,3.90289306640625
360229356955,298,35886680928,1210000000,1211000000,0.00041484832763671875,6.67572021484375e-06,0.01854705810546875
360229356955,300,289057911343,1210000000,1211000000,0.000823974609375,7.62939453125e-06,0.0316009521484375
330587155467,103,96914917362,1210000000,1211000000,0.0106353759765625,0.0009765625,0.069671630859375
374780805995,945,4459085932,1210000000,1211000000,0.06591796875,0.0162353515625,2.464599609375
128381343012,989,298960857877,1210000000,1211000000,0.111083984375,0.00444793701171875,1.7329788208007812
330587125888,250,103267158440,1210000000,1211000000,1.9073486328125e-06,0.0001049041748046875,0.0018157958984375
330587135936,699,102892861432,1210000000,1211000000,0.136962890625,0.0208740234375,3.472412109375
330587115883,372,23624080251,1210000000,1211000000,0.151611328125,0.017486572265625,5.580230712890625
374780805995,680,494813084,1210000000,1211000000,0.1123046875,0.01654052734375,1.93267822265625
374780805995,739,40946123053,1210000000,1211000000,0.108154296875,0.01605224609375,2.60833740234375
297846069576,78,35876470136,1210000000,1211000000,0.006195068359375,0.0016956329345703125,0.3156280517578125
330587138493,508,348736002402,1210000000,1211000000,9.5367431640625e-07,9.918212890625e-05,0.0017023086547851562
374780805995,769,10359263092,1210000000,1211000000,0.008209228515625,0.01611328125,0.6810302734375
330587110827,343,21408286,1210000000,1211000000,0.0081939697265625,0.005462646484375,0.1775360107421875
330587108283,653,334632915891,1210000000,1211000000,9.5367431640625e-07,0.00030994415283203125,0.006839752197265625
374780805995,844,20736648,1210000000,1211000000,0.093505859375,0.0155181884765625,3.5977935791015625
374996738144,126,1376335590,1210000000,1211000000,1.9073486328125e-06,1.049041748046875e-05,4.9591064453125e-05
297846069576,76,104791526312,1210000000,1211000000,0.013214111328125,0.0019016265869140625,0.6650924682617188
374471438640,199,2958224402,1210000000,1211000000,0.0340576171875,0.0015926361083984375,0.14260101318359375
374780805995,963,494897527,1210000000,1211000000,0.0758056640625,0.016845703125,3.6134033203125
374780805995,853,104800886835,1210000000,1211000000,0.096435546875,0.015838623046875,0.67364501953125
330587155467,558,70529224994,1210000000,1211000000,0.06103515625,0.0121612548828125,1.024749755859375
375002806143,5,938607467,1210000000,1211000000,0.01141357421875,0.000362396240234375,0.56524658203125
375007017486,0,92027971126,1210000000,1211000000,0.084716796875,0.00152587890625,1.724853515625
374780805995,682,21305992,1210000000,1211000000,0.0654296875,0.015655517578125,3.324493408203125
374780805995,737,573995751,1210000000,1211000000,0.0712890625,0.01611328125,2.796875
374909856633,1107,338768459640,1210000000,1211000000,0.00542449951171875,0.0008144378662109375,0.2869911193847656
358887942275,154,1377193150,1210000000,1211000000,0.02874755859375,0.00174713134765625,0.7623672485351562
330587238433,301,4459508019,1210000000,1211000000,0.001323699951171875,0.0006265640258789062,0.039005279541015625
375007017566,0,92255492230,1210000000,1211000000,0.09619140625,0.0011577606201171875,2.141681671142578
330587162970,737,574008944,1210000000,1211000000,3.814697265625e-06,0.00022125244140625,0.0063018798828125
374911141136,1392,104792344448,1210000000,1211000000,0.003726959228515625,0.0006103515625,0.15180587768554688
374909856633,501,23749080415,1210000000,1211000000,0.0099639892578125,0.0009717941284179688,0.21871566772460938
374998525200,12,572865394,1210000000,1211000000,0.028167724609375,0.00127410888671875,1.0010223388671875
374780805995,403,169990634941,1210000000,1211000000,0.0450439453125,0.01611328125,0.122314453125
374911141136,836,21378237,1210000000,1211000000,0.005767822265625,0.0005435943603515625,0.11991691589355469
358887942275,280,71970795846,1210000000,1211000000,0.062255859375,0.0018978118896484375,2.758607864379883
374675956470,4695,71978865294,1210000000,1211000000,0.0012912750244140625,0.001461029052734375,0.016513824462890625
374780807996,1131,103267158440,1210000000,1211000000,0.01885986328125,0.01617431640625,1.2962646484375
330587113342,697,92058713658,1210000000,1211000000,0.138427734375,0.020782470703125,5.0947265625
360229356955,304,151931037,1210000000,1211000000,0.0005025863647460938,7.62939453125e-06,0.021429061889648438
375007012712,0,21307906,1210000000,1211000000,0.009124755859375,0.0012683868408203125,0.2494354248046875
350887195878,0,25535045122,1210000000,1211000000,0.05352783203125,0.00310516357421875,2.6051177978515625
374780805995,953,938859237,1210000000,1211000000,0.0487060546875,0.01580810546875,2.838623046875
374911141136,1371,938885773,1210000000,1211000000,0.00473785400390625,0.0006971359252929688,0.021739959716796875
330587123387,312,71978865294,1210000000,1211000000,0.13134765625,0.021759033203125,5.971160888671875
375004982291,0,86174076727,1210000000,1211000000,0.0019245147705078125,0.001445770263671875,0.010110855102539062
374911141136,1395,104811049964,1210000000,1211000000,0.003116607666015625,0.0005884170532226562,0.1370859146118164
374780791765,174,92029142608,1210000000,1211000000,0.140380859375,0.016632080078125,6.9085693359375
374675861423,2313,103267158440,1210000000,1211000000,0.0009508132934570312,0.0015411376953125,0.09220218658447266
330587141000,698,23621055528,1210000000,1211000000,0.0926513671875,0.01959228515625,3.47955322265625
330587113342,617,92119791399,1210000000,1211000000,0.100341796875,0.015838623046875,3.601593017578125
374780813300,1273,24273424205,1210000000,1211000000,0.025787353515625,0.00836181640625,0.34149169921875
374780805995,787,1131276720,1210000000,1211000000,0.0936279296875,0.016204833984375,0.549163818359375
374911141136,963,104807775059,1210000000,1211000000,0.00025272369384765625,9.441375732421875e-05,0.006595611572265625
374780805995,672,330585831086,1210000000,1211000000,0.05419921875,0.018218994140625,0.14483642578125
374780805995,732,45440466231,1210000000,1211000000,0.0640869140625,0.0154876708984375,1.0344696044921875
374675956470,4317,358225508588,1210000000,1211000000,0.0015735626220703125,0.001529693603515625,0.08999443054199219
330587217906,201,24270689586,1210000000,1211000000,0.0005512237548828125,0.0001010894775390625,0.025440216064453125
374911141136,1403,374220821115,1210000000,1211000000,0.00316619873046875,0.0004787445068359375,0.051029205322265625
330587138493,128,24271014744,1210000000,1211000000,0.02581787109375,0.00771331787109375,0.5364990234375
374780805995,728,20739362,1210000000,1211000000,0.0906982421875,0.016571044921875,3.539886474609375
374909856633,657,23744712981,1210000000,1211000000,0.00438690185546875,0.001056671142578125,0.038105010986328125
374780805995,836,521017497,1210000000,1211000000,0.0762939453125,0.016998291015625,4.66461181640625
374675956470,4696,71978865294,1210000000,1211000000,0.0010547637939453125,0.0014495849609375,0.08514785766601562
330587128389,683,92152625154,1210000000,1211000000,9.5367431640625e-07,0.0003032684326171875,0.003954887390136719
330587138493,205,24272889102,1210000000,1211000000,0.0703125,0.021240234375,1.0986328125
374675956470,4339,103267158440,1210000000,1211000000,0.0012683868408203125,0.001556396484375,0.12994003295898438
330587150465,382,22305521,1210000000,1211000000,0.0518798828125,0.01202392578125,2.9395751953125
330587147960,132,35892669451,1210000000,1211000000,0.092041015625,0.0205078125,1.688232421875
360229356955,305,22459404134,1210000000,1211000000,0.0007123947143554688,6.67572021484375e-06,0.019414901733398438
374911141136,1408,2059411610,1210000000,1211000000,0.00226593017578125,0.00047397613525390625,0.1369953155517578
375007017484,0,92072773455,1210000000,1211000000,0.045166015625,0.001041412353515625,1.108978271484375
374780805995,933,4469069078,1210000000,1211000000,0.05596923828125,0.0155181884765625,3.0739593505859375
360229356955,309,70523742351,1210000000,1211000000,0.0006990432739257812,1.049041748046875e-05,0.014190673828125
374860215787,76,71843475482,1210000000,1211000000,0.007781982421875,0.001392364501953125,0.3394508361816406
375007012716,0,92028545125,1210000000,1211000000,0.0086212158203125,0.0014801025390625,0.494964599609375
374780791765,251,103267158440,1210000000,1211000000,0.142333984375,0.0166015625,7.152099609375
374780805995,887,104818497049,1210000000,1211000000,0.157958984375,0.016143798828125,4.8748779296875
374590363514,298,573273822,1210000000,1211000000,0.03033447265625,0.00519561767578125,1.7054443359375
335406133459,4,23621176056,1210000000,1211000000,0.024932861328125,0.0010433197021484375,1.246856689453125
330587135936,645,92178504966,1210000000,1211000000,0.016204833984375,0.00341796875,0.5494384765625
330587259428,418,21389242,1210000000,1211000000,0.093017578125,0.022491455078125,4.504852294921875
358887942275,142,92162835965,1210000000,1211000000,0.03314208984375,0.0017070770263671875,0.41819000244140625
374471491589,176,2958224402,1210000000,1211000000,0.000896453857421875,0.0005807876586914062,0.05908966064453125
374780805995,801,4646401463,1210000000,1211000000,0.0311279296875,0.01641845703125,0.71319580078125
374911141136,1442,23624519542,1210000000,1211000000,0.0092315673828125,0.00031185150146484375,0.04771709442138672
358887942275,249,1131207249,1210000000,1211000000,0.028106689453125,0.0017547607421875,0.95556640625
375004993123,0,92176647870,1210000000,1211000000,0.0041351318359375,0.001800537109375,0.0415496826171875
374780809297,1249,23621055529,1210000000,1211000000,0.03704833984375,0.00664520263671875,2.0099029541015625
330587118384,172,70525860597,1210000000,1211000000,4.76837158203125e-06,1.049041748046875e-05,0.0003814697265625
372382526837,550,35970903912,1210000000,1211000000,0.0007181167602539062,0.0006237030029296875,0.0644073486328125
374780805995,938,1376277005,1210000000,1211000000,0.0670166015625,0.01568603515625,1.24053955078125
330587233025,46,80670186999,1210000000,1211000000,0.00041866302490234375,8.96453857421875e-05,0.021348953247070312
374780805995,665,35891806429,1210000000,1211000000,0.0148468017578125,0.0151824951171875,0.210205078125
374911141136,1253,66703270262,1210000000,1211000000,0.00763702392578125,0.0005102157592773438,0.31774234771728516
375007015192,0,92058727906,1210000000,1211000000,0.147216796875,0.002048492431640625,2.2389793395996094
374780805995,745,260337894997,1210000000,1211000000,0.1007080078125,0.01507568359375,4.74713134765625
374996734241,54,20737009,1210000000,1211000000,0.0001354217529296875,1.33514404296875e-05,0.00327301025390625
374997804969,88,9578845638,1210000000,1211000000,8.58306884765625e-06,1.33514404296875e-05,0.0010747909545898438
374911141136,1405,23748874968,1210000000,1211000000,0.0025787353515625,0.000492095947265625,0.122833251953125
330587217906,693,70530557840,1210000000,1211000000,0.0640869140625,0.007568359375,0.7882080078125
374997804969,132,151919104,1210000000,1211000000,8.106231689453125e-05,9.5367431640625e-06,0.0005435943603515625
374471491589,305,102894736220,1210000000,1211000000,0.00506591796875,0.0008449554443359375,0.0472869873046875
374675956470,4313,358225508588,1210000000,1211000000,0.001194000244140625,0.0015354156494140625,0.043670654296875
330587233025,671,573273821,1210000000,1211000000,0.016326904296875,0.0006399154663085938,0.016966819763183594
374780805995,919,224032080418,1210000000,1211000000,0.125244140625,0.0145416259765625,4.752716064453125
374780807996,1102,358225508588,1210000000,1211000000,0.1103515625,0.015838623046875,3.407135009765625
374780805995,689,45435821613,1210000000,1211000000,0.0946044921875,0.015777587890625,5.51910400390625
374911141136,579,23744454675,1210000000,1211000000,0.00458526611328125,0.000568389892578125,0.18037796020507812
374471438640,496,2958224402,1210000000,1211000000,0.000759124755859375,0.000560760498046875,0.04619598388671875
330587274558,340,2958557752,1210000000,1211000000,0.0097503662109375,0.000652313232421875,0.031208038330078125
372961233960,216,80221674978,1210000000,1211000000,0.0087127685546875,0.003429412841796875,0.3764076232910156
374911141136,1406,23744688102,1210000000,1211000000,0.00727081298828125,0.0005674362182617188,0.15676498413085938
374780805995,892,23859337463,1210000000,1211000000,0.083251953125,0.01507568359375,0.88494873046875
330587123387,634,103214837844,1210000000,1211000000,0.016204833984375,0.00579833984375,0.506072998046875
330587135936,413,1579856930,1210000000,1211000000,5.14984130859375e-05,0.00010204315185546875,0.005681037902832031
375004991789,0,92130754153,1210000000,1211000000,0.0167236328125,0.0016841888427734375,0.6258659362792969
360229356955,296,373220226714,1210000000,1211000000,0.0004405975341796875,8.58306884765625e-06,0.012577056884765625
374780805995,699,32977234272,1210000000,1211000000,0.05889892578125,0.016632080078125,1.586151123046875
374780805995,893,24172669190,1210000000,1211000000,0.02203369140625,0.0140228271484375,0.9014129638671875
374780805995,915,96936815458,1210000000,1211000000,0.097412109375,0.016387939453125,5.0072021484375
374780805995,777,45435821613,1210000000,1211000000,0.04656982421875,0.0155792236328125,2.4238128662109375
330587259428,428,96916399650,1210000000,1211000000,0.0003719329833984375,9.5367431640625e-07,0.001491546630859375
330587209928,148,35974134604,1210000000,1211000000,0.04132080078125,0.00722503662109375,0.582550048828125
375004984837,0,92147865285,1210000000,1211000000,0.003726959228515625,0.0020294189453125,0.0690765380859375
374911141136,1425,2960528268,1210000000,1211000000,0.001800537109375,0.0006322860717773438,0.12164115905761719
