collection_id,instance_index,machine_id,start_time,end_time,max_cpus,max_memory,value
39516997747,2247,70609462197,1212000000,1221000000,0.002685546875,0.00010967254638671875,0.5282964706420898
39516997747,3657,82402396498,1212000000,1221000000,0.003147125244140625,0.00011157989501953125,0.11731338500976562
39516997747,4046,151839528,1212000000,1221000000,0.0015869140625,0.0001125335693359375,0.7035713195800781
374996725713,45,70634157681,1212000000,1217000000,0.001964569091796875,1.430511474609375e-05,0.4353523254394531
39516997747,3203,1579830512,1212000000,1221000000,0.00289154052734375,0.0001201629638671875,1.111318588256836
39516997747,3354,21242890,1212000000,1221000000,0.003147125244140625,0.000102996826171875,0.58502197265625
39516997747,2292,96914756158,1212000000,1221000000,0.002429962158203125,0.00012111663818359375,0.5051136016845703
39516997747,2722,1579704367,1212000000,1221000000,0.002399444580078125,0.000118255615234375,1.132965087890625
39516997747,2306,104792148936,1212000000,1221000000,0.003856658935546875,0.00011539459228515625,1.2869453430175781
39516997747,2804,105219973177,1212000000,1221000000,0.003101348876953125,0.00012111663818359375,0.20301532745361328
39516997747,2947,92041026902,1212000000,1221000000,0.002857208251953125,0.00012874603271484375,0.5643453598022461
39516997747,2324,92031533771,1212000000,1221000000,0.002147674560546875,0.0001201629638671875,0.3673896789550781
330587290520,1,289058012673,1212000000,1215000000,0.0003566741943359375,9.5367431640625e-07,0.01823902130126953
372961233960,217,91997182140,1212000000,1218000000,0.00768280029296875,0.0027008056640625,0.24920654296875
39516997747,2334,250621558170,1212000000,1221000000,0.00220489501953125,0.0001087188720703125,0.41645050048828125
39516997747,2878,92040190892,1212000000,1221000000,0.00279998779296875,0.00010776519775390625,0.5233955383300781
39516997747,3652,35872408324,1212000000,1221000000,0.002582550048828125,0.0001220703125,0.4138069152832031
39516997747,2819,104791526312,1212000000,1221000000,0.00333404541015625,0.00011730194091796875,0.962925910949707
39516997747,2482,23744712981,1212000000,1221000000,0.002658843994140625,0.0001049041748046875,1.2436866760253906
39516997747,4098,80824306440,1212000000,1221000000,0.002307891845703125,0.00010967254638671875,0.4134035110473633
39516997747,2522,23858429111,1212000000,1221000000,0.0019683837890625,0.00011348724365234375,0.8244209289550781
39516997747,3345,21814444,1212000000,1221000000,0.00251007080078125,0.00011444091796875,0.44879150390625
39516997747,3371,1578835062,1212000000,1221000000,0.003093719482421875,0.00010967254638671875,0.7207632064819336
39516997747,2531,80224366489,1212000000,1221000000,0.003269195556640625,0.00011920928955078125,1.1893301010131836
39516997747,3221,23532842,1212000000,1221000000,0.00232696533203125,0.0001163482666015625,0.7256641387939453
39516997747,2347,92132378177,1212000000,1221000000,0.002010345458984375,0.00012493133544921875,0.8647871017456055
330587303641,137,92041152478,1212000000,1221000000,0.05078125,0.00751495361328125,19.412635803222656
39516997747,3380,20142084374,1212000000,1221000000,0.00330352783203125,0.00010967254638671875,0.9522829055786133
39516997747,3338,21833521,1212000000,1221000000,0.001983642578125,0.0001068115234375,0.60205078125
39516997747,2952,62185121,1212000000,1221000000,0.0018768310546875,0.00010204315185546875,0.6767749786376953
39516997747,3606,2960849506,1212000000,1221000000,0.00368499755859375,0.00010967254638671875,0.785496711730957
39516997747,3086,25012134990,1212000000,1221000000,0.001766204833984375,0.0001125335693359375,0.7947063446044922
39516997747,3910,21421081,1212000000,1221000000,0.0012607574462890625,0.00011348724365234375,0.07420921325683594
39516997747,3789,20142012342,1212000000,1221000000,0.00302886962890625,0.000102996826171875,0.9019775390625
39516997747,3977,1573486497,1212000000,1221000000,0.00281524658203125,0.00010776519775390625,0.7365989685058594
39516997747,3202,21408285,1212000000,1221000000,0.002727508544921875,0.00011157989501953125,0.48548412322998047
39516997747,3142,44171734677,1212000000,1221000000,0.002826690673828125,0.000118255615234375,0.265045166015625
39516997747,3901,21242888,1212000000,1221000000,0.002655029296875,0.00010585784912109375,0.8945274353027344
39516997747,2769,151945228,1212000000,1221000000,0.0027923583984375,0.00010776519775390625,0.4698200225830078
39516997747,3362,32975281251,1212000000,1221000000,0.002826690673828125,0.00012111663818359375,0.18571186065673828
39516997747,2262,23744418408,1212000000,1221000000,0.001232147216796875,0.0001277923583984375,0.04895782470703125
39516997747,4121,373578533141,1212000000,1221000000,0.00290679931640625,0.00011444091796875,0.081573486328125
319945205142,1078,1377783458,1212000000,1221000000,0.00725555419921875,0.017181396484375,3.9587860107421875
39516997747,3405,70609513474,1212000000,1221000000,0.002410888671875,0.0001220703125,0.6383056640625
330587262052,104,92041152478,1212000000,1221000000,0.0628662109375,0.00830078125,28.8226318359375
39516997747,2246,70609645474,1212000000,1221000000,0.00299835205078125,0.00012969970703125,1.0979461669921875
39516997747,2894,20736641,1212000000,1221000000,0.0017757415771484375,0.00010585784912109375,0.4402942657470703
39516997747,3230,1579720606,1212000000,1221000000,0.002704620361328125,0.00012302398681640625,0.45807838439941406
39516997747,2694,72046836315,1212000000,1221000000,0.003063201904296875,0.00010967254638671875,1.0280113220214844
39516997747,2275,494817899,1212000000,1221000000,0.00250244140625,0.0001068115234375,0.09393310546875
39516997747,2343,102893237717,1212000000,1221000000,0.00281524658203125,0.00012493133544921875,1.0584640502929688
39516997747,2238,92027238668,1212000000,1221000000,0.0037078857421875,0.00011348724365234375,1.1349477767944336
39516997747,3861,71928317899,1212000000,1221000000,0.002513885498046875,0.00010395050048828125,1.0837841033935547
39516997747,3706,348041113868,1212000000,1221000000,0.00289154052734375,0.00011539459228515625,0.05412483215332031
374471438640,741,71881011104,1212000000,1221000000,0.00293731689453125,0.0008678436279296875,0.9246540069580078
39516997747,3819,1579686831,1212000000,1221000000,0.00267791748046875,0.00010967254638671875,0.8780908584594727
330587110827,651,24272613793,1212000000,1221000000,0.082275390625,0.02081298828125,0.92779541015625
330587222908,675,102893299824,1212000000,1221000000,0.055419921875,0.0077056884765625,27.270263671875
39516997747,2729,1579720586,1212000000,1221000000,0.00270843505859375,0.0001163482666015625,1.2457294464111328
39516997747,3973,1579541018,1212000000,1221000000,0.00273895263671875,0.000110626220703125,0.1025848388671875
39516997747,4147,197665067829,1212000000,1221000000,0.002628326416015625,0.000125885009765625,0.495758056640625
39516997747,3067,82402485597,1212000000,1221000000,0.003047943115234375,0.000110626220703125,1.02337646484375
39516997747,3180,21952748,1212000000,1221000000,0.002506256103515625,0.00011539459228515625,0.7078456878662109
374675848189,1035,92097937728,1212000000,1221000000,0.0059967041015625,0.0015468597412109375,0.06789207458496094
39516997747,3355,21214321,1212000000,1221000000,0.00278472900390625,0.0001163482666015625,1.253265380859375
330587128389,541,24272613793,1212000000,1221000000,0.0653076171875,0.0090179443359375,6.0203704833984375
39516997747,4096,70609248825,1212000000,1221000000,0.00269317626953125,0.00011539459228515625,0.37915706634521484
39516997747,3733,2449580335,1212000000,1221000000,0.003162384033203125,0.00010967254638671875,0.14724254608154297
39516997747,4149,250625138201,1212000000,1221000000,0.0014591217041015625,0.00012683868408203125,0.3996620178222656
39516997747,3426,70609032639,1212000000,1221000000,0.00266265869140625,0.00011539459228515625,1.2501239776611328
374860215787,55,371900262552,1212000000,1221000000,0.029327392578125,0.002559661865234375,3.730785369873047
39516997747,4049,173842721192,1212000000,1221000000,0.00228118896484375,0.0001239776611328125,0.3030509948730469
39516997747,3976,20142112110,1212000000,1221000000,0.002086639404296875,0.000110626220703125,0.177978515625
39516997747,2795,70519508635,1212000000,1221000000,0.0037994384765625,0.0001239776611328125,0.7062149047851562
39516997747,2630,92071411241,1212000000,1221000000,0.003604888916015625,0.0001125335693359375,1.4051856994628906
39516997747,3329,21297603,1212000000,1221000000,0.002628326416015625,0.00010204315185546875,0.36859989166259766
39516997747,2738,1575244695,1212000000,1221000000,0.0033721923828125,0.0001010894775390625,0.5314121246337891
375007017695,0,91995401453,1212000000,1221000000,0.0509033203125,0.001178741455078125,4.218647003173828
374675861423,371,24272613793,1212000000,1221000000,0.0009365081787109375,0.00147247314453125,0.41193580627441406
39516997747,2279,86854668688,1212000000,1221000000,0.003299713134765625,0.00011444091796875,0.1229095458984375
39516997747,3369,21219858,1212000000,1221000000,0.002468109130859375,0.00011348724365234375,0.16264057159423828
374911141136,987,88409069898,1212000000,1221000000,0.016632080078125,0.0008831024169921875,4.886735916137695
39516997747,2626,1713257708,1212000000,1221000000,0.00292205810546875,0.00010776519775390625,0.19087886810302734
39516997747,4082,1573868907,1212000000,1221000000,0.002323150634765625,0.00011444091796875,0.13162994384765625
330587259428,669,92041152478,1212000000,1221000000,0.064208984375,0.00775909423828125,14.897392272949219
39516997747,3895,3094292514,1212000000,1221000000,0.0019474029541015625,0.0001049041748046875,0.73883056640625
39516997747,3782,22458730826,1212000000,1221000000,0.002307891845703125,0.0001087188720703125,0.6524848937988281
39516997747,3185,21375649,1212000000,1221000000,0.00420379638671875,0.0001087188720703125,0.6598148345947266
39516997747,2509,21549937,1212000000,1221000000,0.003002166748046875,0.0001087188720703125,0.2239837646484375
39516997747,3183,345350127349,1212000000,1221000000,0.00296783447265625,0.00011539459228515625,0.027749061584472656
358146539252,299,1376540829,1212000000,1219000000,0.00032806396484375,9.5367431640625e-07,0.034546852111816406
39516997747,3463,70538969709,1212000000,1221000000,0.001789093017578125,0.0001239776611328125,0.17217636108398438
39516997747,2460,35882375101,1212000000,1221000000,0.0025177001953125,0.00011539459228515625,0.6161441802978516
39516997747,3931,1579722660,1212000000,1221000000,0.003208160400390625,0.00012302398681640625,0.4796905517578125
39516997747,2720,21524972,1212000000,1221000000,0.002933502197265625,0.00010776519775390625,1.0948562622070312
39516997747,3831,1713317443,1212000000,1221000000,0.0031585693359375,0.0001068115234375,0.705322265625
39516997747,3410,151864008,1212000000,1221000000,0.00238037109375,0.0001087188720703125,0.3136253356933594
39516997747,3298,9138922618,1212000000,1221000000,0.00226593017578125,0.0001049041748046875,0.36273765563964844
39516997747,4011,92114674544,1212000000,1221000000,0.002223968505859375,0.000118255615234375,0.02108001708984375
39516997747,2300,104791141005,1212000000,1221000000,0.002765655517578125,0.0001220703125,0.25989532470703125
39516997747,2847,104792148944,1212000000,1221000000,0.0042724609375,0.00011730194091796875,0.7111415863037109
39516997747,3346,1579579758,1212000000,1221000000,0.002811431884765625,0.0001068115234375,0.5778121948242188
39516997747,2800,92036099915,1212000000,1221000000,0.00325775146484375,0.00011539459228515625,1.0018243789672852
39516997747,2420,86199233616,1212000000,1221000000,0.002635955810546875,0.0001277923583984375,0.32335853576660156
39516997747,3661,35892334066,1212000000,1221000000,0.003662109375,0.00010967254638671875,0.4412984848022461
330587160469,27,77438507659,1212000000,1221000000,0.186767578125,0.019866943359375,5.579132080078125
330587290520,685,92041152478,1212000000,1221000000,0.04302978515625,0.0069122314453125,4.0453033447265625
39516997747,4077,33687144565,1212000000,1221000000,0.0016078948974609375,0.000125885009765625,0.43691253662109375
39516997747,3505,70525860597,1212000000,1221000000,0.00257110595703125,0.00012111663818359375,0.9449701309204102
39516997747,3184,1638817913,1212000000,1221000000,0.003093719482421875,0.000102996826171875,0.7192611694335938
39516997747,3903,198551369561,1212000000,1221000000,0.002948760986328125,0.00010585784912109375,0.9622049331665039
374911141136,936,71969689680,1212000000,1221000000,0.00077056884765625,0.00039768218994140625,0.28388500213623047
39516997747,4065,22459085576,1212000000,1221000000,0.003253936767578125,0.00011920928955078125,0.971466064453125
330587207427,627,92041152478,1212000000,1221000000,0.04541015625,0.0081024169921875,13.966781616210938
39516997747,4052,143876542101,1212000000,1221000000,0.00341033935546875,0.0001239776611328125,0.1590442657470703
330587108283,243,224032080418,1212000000,1221000000,0.0762939453125,0.0157470703125,24.85107421875
374911141136,450,71969689680,1212000000,1220000000,0.0009860992431640625,0.00040435791015625,0.1223602294921875
39516997747,3262,71970852930,1212000000,1221000000,0.001644134521484375,0.000110626220703125,0.6475067138671875
330587120885,264,93519100436,1212000000,1214000000,1.9073486328125e-06,0.0003223419189453125,0.0142669677734375
39516997747,2610,350239432061,1212000000,1221000000,0.003589630126953125,0.00011920928955078125,1.0013866424560547
39516997747,2283,37776453936,1212000000,1221000000,0.0028533935546875,0.00010967254638671875,0.853363037109375
39516997747,2428,21296398,1212000000,1221000000,0.003368377685546875,0.0001049041748046875,0.2500762939453125
39516997747,2423,92090595792,1212000000,1221000000,0.00318145751953125,0.00012111663818359375,0.05944633483886719
39516997747,2369,151929015,1212000000,1221000000,0.002655029296875,0.00010967254638671875,0.19905853271484375
39516997747,3237,21533866,1212000000,1221000000,0.0016841888427734375,0.00010585784912109375,0.2738771438598633
39516997747,3938,19876500974,1212000000,1221000000,0.002227783203125,0.00011444091796875,0.2108001708984375
39516997747,3479,73747537028,1212000000,1221000000,0.003787994384765625,0.00013637542724609375,0.7770252227783203
39516997747,2303,104791827248,1212000000,1221000000,0.002033233642578125,0.00012111663818359375,0.40717220306396484
39516997747,2736,22459110017,1212000000,1221000000,0.002597808837890625,0.0001125335693359375,0.8293647766113281
374909856633,509,143876434066,1212000000,1221000000,0.0018749237060546875,0.0005741119384765625,0.46286773681640625
39516997747,3858,3093352595,1212000000,1221000000,0.001708984375,0.000118255615234375,0.4769096374511719
39516997747,3299,21210057,1212000000,1221000000,0.002902984619140625,9.5367431640625e-05,0.40477752685546875
39516997747,2356,92044093260,1212000000,1221000000,0.0028228759765625,0.00011348724365234375,0.4228363037109375
330587135936,664,92004492241,1212000000,1221000000,0.0592041015625,0.021759033203125,26.960723876953125
259935475414,42,143921553401,1212000000,1221000000,0.00476837158203125,0.0007724761962890625,1.7952346801757812
39516997747,3464,250621754050,1212000000,1221000000,0.00360107421875,0.00011920928955078125,1.2723369598388672
39516997747,3165,20142046403,1212000000,1221000000,0.00278472900390625,0.00010585784912109375,0.8585042953491211
330587213089,609,92041152478,1212000000,1221000000,0.06591796875,0.00775146484375,31.16217041015625
39516997747,3193,99361129321,1212000000,1221000000,0.00251007080078125,0.00011444091796875,0.56689453125
39516997747,3211,21833280,1212000000,1221000000,0.00222015380859375,0.00011730194091796875,0.18933391571044922
39516997747,3124,198551848238,1212000000,1221000000,0.002620697021484375,0.00010967254638671875,0.5160398483276367
39516997747,3246,20146351711,1212000000,1221000000,0.0019207000732421875,0.0001049041748046875,0.6927566528320312
374996754868,63,2960527510,1212000000,1214000000,3.528594970703125e-05,1.33514404296875e-05,0.0016536712646484375
39516997747,3418,151857496,1212000000,1221000000,0.00225067138671875,0.00011348724365234375,0.1489419937133789
374996725713,104,22975349,1212000000,1213000000,1.9073486328125e-06,1.1444091796875e-05,0.0005207061767578125
39516997747,2882,2448204178,1212000000,1221000000,0.00390625,0.00011730194091796875,1.810598373413086
39516997747,4227,92105641360,1212000000,1221000000,0.002227783203125,0.0001277923583984375,0.31800270080566406
39516997747,3494,290878120126,1212000000,1221000000,0.00354766845703125,0.000125885009765625,1.3886032104492188
39516997747,3412,4878453765,1212000000,1221000000,0.001827239990234375,0.0001068115234375,0.22628402709960938
39516997747,3873,27296426,1212000000,1221000000,0.003559112548828125,0.00012111663818359375,0.7286853790283203
39516997747,2333,68663410030,1212000000,1221000000,0.00237274169921875,0.0001277923583984375,0.3150672912597656
39516997747,3790,198551024656,1212000000,1221000000,0.003147125244140625,0.0001068115234375,0.40999603271484375
39516997747,3978,1579760836,1212000000,1221000000,0.0027923583984375,0.0001125335693359375,0.7320327758789062
39516997747,3471,70529224994,1212000000,1221000000,0.003841400146484375,0.0001277923583984375,1.6789684295654297
39516997747,2686,2061615849,1212000000,1221000000,0.0033416748046875,0.0001068115234375,1.086273193359375
39516997747,3347,1580070318,1212000000,1221000000,0.00363922119140625,0.00010967254638671875,1.552042007446289
39516997747,2655,2060964133,1212000000,1221000000,0.0027008056640625,0.0001068115234375,0.7833251953125
39516997747,2309,70519939253,1212000000,1221000000,0.00262451171875,0.0001316070556640625,0.9673976898193359
39516997747,2992,71877428953,1212000000,1221000000,0.002231597900390625,0.0001239776611328125,0.6360054016113281
39516997747,2491,1579830514,1212000000,1221000000,0.002170562744140625,0.0001068115234375,0.14347457885742188
39516997747,2634,1579860143,1212000000,1221000000,0.003818511962890625,0.0001163482666015625,0.7436885833740234
39516997747,3961,21408533,1212000000,1221000000,0.0018215179443359375,8.0108642578125e-05,0.08557319641113281
39516997747,4083,347023915600,1212000000,1221000000,0.002353668212890625,0.0001163482666015625,0.6446743011474609
39516997747,3890,21389246,1212000000,1221000000,0.0018177032470703125,0.00011348724365234375,0.3302335739135742
39516997747,3200,1579816234,1212000000,1221000000,0.00264739990234375,0.0001220703125,0.099700927734375
39516997747,3519,93525485854,1212000000,1221000000,0.00354766845703125,0.00011539459228515625,0.9890270233154297
39516997747,3040,2450232654,1212000000,1221000000,0.001708984375,0.00017452239990234375,0.8136749267578125
39516997747,3188,80826467930,1212000000,1221000000,0.00269317626953125,0.0001049041748046875,0.3525581359863281
39516997747,2473,70609462184,1212000000,1221000000,0.00206756591796875,0.00013256072998046875,0.41582393646240234
39516997747,2689,12746633868,1212000000,1221000000,0.003261566162109375,0.00011157989501953125,1.0018243789672852
39516997747,2715,20143082984,1212000000,1221000000,0.003139495849609375,0.00010967254638671875,1.0527305603027344
39516997747,2816,104792005918,1212000000,1221000000,0.00423431396484375,0.0001239776611328125,1.8043327331542969
330587162970,706,24270631601,1212000000,1221000000,0.12744140625,0.0122222900390625,2.513946533203125
330587259428,684,92041152478,1212000000,1221000000,0.0701904296875,0.0082855224609375,3.5314178466796875
330587133435,366,92107895517,1212000000,1221000000,0.143798828125,0.020965576171875,29.6575927734375
374860215787,46,250621666395,1212000000,1221000000,0.02130126953125,0.0015430450439453125,6.784761428833008
39516997747,3339,21312464,1212000000,1221000000,0.002826690673828125,0.00011348724365234375,0.846771240234375
39516997747,2253,70609174490,1212000000,1221000000,0.001987457275390625,0.00011348724365234375,0.3970785140991211
39516997747,3042,35892263515,1212000000,1221000000,0.00243377685546875,0.0001125335693359375,0.6645870208740234
39516997747,2721,1641677898,1212000000,1221000000,0.0016651153564453125,0.00010395050048828125,0.7164716720581055
39516997747,2325,373216050677,1212000000,1221000000,0.00322723388671875,0.000110626220703125,1.201629638671875
39516997747,3179,22339897,1212000000,1221000000,0.002872467041015625,0.00011920928955078125,0.26925086975097656
39516997747,2376,20736681,1212000000,1221000000,0.003749847412109375,0.000110626220703125,1.598236083984375
39516997747,2263,23859164569,1212000000,1221000000,0.0014438629150390625,0.000110626220703125,0.04197120666503906
330587130890,658,21373055,1212000000,1221000000,0.082763671875,0.0206298828125,2.7916259765625
39516997747,3387,1580005787,1212000000,1221000000,0.00170135498046875,0.0001068115234375,0.585845947265625
39516997747,2387,92055121651,1212000000,1221000000,0.001861572265625,0.0001316070556640625,0.5381584167480469
39516997747,3315,3092863632,1212000000,1221000000,0.00201416015625,0.00012683868408203125,0.17342090606689453
39516997747,3499,104794598142,1212000000,1221000000,0.002590179443359375,0.00012493133544921875,1.1729278564453125
330587167972,77,1377412698,1212000000,1221000000,2.765655517578125e-05,1.9073486328125e-06,0.008514404296875
39516997747,2703,72289541494,1212000000,1221000000,0.002437591552734375,0.00011539459228515625,1.0799131393432617
39516997747,3882,2059583340,1212000000,1221000000,0.0016632080078125,0.00010776519775390625,0.5897340774536133
39516997747,2449,116753502736,1212000000,1221000000,0.003093719482421875,0.0001201629638671875,0.43387413024902344
39516997747,3877,21393405,1212000000,1221000000,0.00335693359375,0.0001125335693359375,1.5300350189208984
39516997747,2727,1579833712,1212000000,1221000000,0.002964019775390625,9.441375732421875e-05,1.1010360717773438
39516997747,3344,3095411449,1212000000,1221000000,0.00292205810546875,0.000102996826171875,0.3267059326171875
330587167972,390,53771268213,1212000000,1221000000,0.1318359375,0.01806640625,4.04736328125
39516997747,2725,2059670399,1212000000,1221000000,0.002513885498046875,0.000110626220703125,0.850341796875
39516997747,2734,1130929314,1212000000,1221000000,0.0030364990234375,0.00010776519775390625,0.7357578277587891
39516997747,2329,80215175222,1212000000,1221000000,0.002292633056640625,0.0001220703125,0.869293212890625
39516997747,3813,23744501419,1212000000,1221000000,0.00347900390625,0.000102996826171875,1.3862342834472656
39516997747,3894,127696095873,1212000000,1221000000,0.002658843994140625,0.00012111663818359375,0.35027503967285156
39516997747,4054,250619320203,1212000000,1221000000,0.003513336181640625,0.00011920928955078125,1.5365667343139648
39516997747,2807,143921517042,1212000000,1221000000,0.00341796875,0.00012302398681640625,1.115412712097168
374860215787,0,143876434066,1212000000,1221000000,0.002086639404296875,0.00153350830078125,1.6290664672851562
39516997747,2474,4450799485,1212000000,1221000000,0.00347900390625,0.000110626220703125,0.3876800537109375
375007012710,0,86186560493,1212000000,1221000000,0.00467681884765625,0.0014495849609375,1.764404296875
39516997747,3175,1579651737,1212000000,1221000000,0.00263214111328125,0.000118255615234375,1.1634178161621094
39516997747,4013,109830688025,1212000000,1221000000,0.003269195556640625,0.00012111663818359375,1.4035892486572266
39516997747,3892,21366169,1212000000,1221000000,0.002147674560546875,0.0001087188720703125,0.2843055725097656
39516997747,2783,70609014587,1212000000,1221000000,0.00290679931640625,0.0001125335693359375,1.3586997985839844
39516997747,3254,21950386,1212000000,1221000000,0.00286865234375,0.00012493133544921875,1.0238056182861328
39516997747,2845,143876847278,1212000000,1221000000,0.002689361572265625,0.0001277923583984375,0.8620491027832031
39516997747,3448,1639282388,1212000000,1221000000,0.00316619873046875,0.0001163482666015625,0.08862876892089844
39516997747,3341,32973805410,1212000000,1221000000,0.00275421142578125,0.000110626220703125,0.07735061645507812
39516997747,3497,104792041699,1212000000,1221000000,0.0027008056640625,0.0001220703125,0.5335235595703125
39516997747,3320,21389242,1212000000,1221000000,0.002384185791015625,0.0001010894775390625,0.24604225158691406
39516997747,3212,574480415,1212000000,1221000000,0.00186920166015625,9.918212890625e-05,0.673187255859375
330587128389,432,1579830518,1212000000,1221000000,0.03558349609375,0.017059326171875,21.79412841796875
39516997747,3992,92140157512,1212000000,1221000000,0.003772735595703125,0.00011920928955078125,0.21016502380371094
39516997747,3874,21365710,1212000000,1221000000,0.0035552978515625,0.00010395050048828125,0.36226558685302734
39516997747,3941,21530301,1212000000,1221000000,0.003406524658203125,0.0001125335693359375,1.3302040100097656
330587290520,151,92041152478,1212000000,1221000000,0.020599365234375,0.0062408447265625,11.353408813476562
39516997747,3454,70531377781,1212000000,1221000000,0.003261566162109375,0.00012969970703125,0.7935562133789062
39516997747,2395,92029037241,1212000000,1221000000,0.003482818603515625,0.0001316070556640625,1.2686634063720703
39516997747,2236,151828873,1212000000,1221000000,0.002246856689453125,0.00012111663818359375,0.7885351181030273
39516997747,3321,1579859116,1212000000,1221000000,0.0020599365234375,0.0001049041748046875,0.8962440490722656
39516997747,3359,1579707651,1212000000,1221000000,0.00318145751953125,0.00011157989501953125,0.7409334182739258
39516997747,2311,373215977002,1212000000,1221000000,0.0035247802734375,0.00012493133544921875,0.22993183135986328
39516997747,2698,21366165,1212000000,1221000000,0.002498626708984375,0.00010204315185546875,0.16384220123291016
39516997747,3927,23018749,1212000000,1221000000,0.002471923828125,0.00012111663818359375,0.07001209259033203
39516997747,2970,92155814361,1212000000,1221000000,0.0028839111328125,0.00012302398681640625,0.514185905456543
374998574688,110,23621180056,1212000000,1221000000,0.003269195556640625,0.0012035369873046875,0.6038188934326172
39516997747,3163,21296097,1212000000,1221000000,0.00357818603515625,0.00010776519775390625,0.5639505386352539
39516997747,3458,104807892665,1212000000,1221000000,0.00214385986328125,0.0001277923583984375,0.6746807098388672
39516997747,2705,574432123,1212000000,1221000000,0.002178192138671875,0.00010585784912109375,0.5550241470336914
39516997747,4108,92059544618,1212000000,1221000000,0.003818511962890625,0.000125885009765625,0.425994873046875
39516997747,3518,96932671587,1212000000,1221000000,0.00308990478515625,0.00011539459228515625,1.2692985534667969
39516997747,2810,105214847534,1212000000,1221000000,0.002063751220703125,0.0001163482666015625,0.25507164001464844
39516997747,3881,251825475996,1212000000,1221000000,0.00333404541015625,0.00011348724365234375,0.6205558776855469
39516997747,2901,151931048,1212000000,1221000000,0.002567291259765625,0.0001049041748046875,0.1683483123779297
39516997747,3925,1578837906,1212000000,1221000000,0.002826690673828125,0.00011730194091796875,0.4769268035888672
39516997747,2251,22459085576,1212000000,1221000000,0.003055572509765625,0.00011920928955078125,0.11429214477539062
371805909063,5,23624779534,1212000000,1221000000,0.009796142578125,0.0018634796142578125,4.512273788452148
39516997747,3778,23747515703,1212000000,1221000000,0.0020599365234375,0.00011444091796875,0.5088043212890625
374996732860,93,2958103698,1212000000,1213000000,3.814697265625e-06,1.430511474609375e-05,0.0005979537963867188
39516997747,2677,198552471369,1212000000,1221000000,0.001953125,0.0001068115234375,0.185394287109375
39516997747,2670,20142978127,1212000000,1221000000,0.00237274169921875,0.00011157989501953125,0.6036901473999023
39516997747,3848,2058551383,1212000000,1221000000,0.001926422119140625,0.0001068115234375,0.439178466796875
374997804969,111,151918154,1212000000,1214000000,5.7220458984375e-06,1.239776611328125e-05,0.0008335113525390625
39516997747,3800,2058436897,1212000000,1221000000,0.002407073974609375,9.918212890625e-05,0.9248085021972656
39516997747,3971,1573291042,1212000000,1221000000,0.003643035888671875,0.000110626220703125,1.182403564453125
39516997747,2297,250621558169,1212000000,1221000000,0.00318145751953125,0.00011348724365234375,1.126871109008789
39516997747,3936,1132704117,1212000000,1221000000,0.00362396240234375,0.0001049041748046875,1.2752723693847656
39516997747,3428,359829395854,1212000000,1221000000,0.00226593017578125,0.00011730194091796875,0.5791254043579102
39516997747,2515,2448115072,1212000000,1221000000,0.002307891845703125,0.00011730194091796875,0.9385499954223633
330587133435,85,24273424209,1212000000,1221000000,0.0081939697265625,0.003265380859375,1.7532806396484375
39516997747,3498,104792005921,1212000000,1221000000,0.0023956298828125,0.00012111663818359375,0.43036365509033203
39516997747,4145,373578770549,1212000000,1221000000,0.003177642822265625,0.00012683868408203125,0.4461050033569336
39516997747,2768,1573868907,1212000000,1221000000,0.002445220947265625,0.0001163482666015625,0.27664947509765625
39516997747,2332,105215206229,1212000000,1221000000,0.00307464599609375,0.00013065338134765625,0.4038677215576172
39516997747,3503,96915267428,1212000000,1221000000,0.00278472900390625,0.00013065338134765625,0.3148612976074219
372863533759,16,1461485367,1212000000,1221000000,0.45458984375,0.014251708984375,130.80679321289062
39516997747,3350,1639732098,1212000000,1221000000,0.002155303955078125,0.0001125335693359375,0.6327266693115234
39516997747,3985,92028209380,1212000000,1221000000,0.00287628173828125,0.00011730194091796875,0.3502492904663086
39516997747,2390,2458245373,1212000000,1221000000,0.0043487548828125,0.000118255615234375,0.40203094482421875
39516997747,4100,1638825031,1212000000,1221000000,0.002323150634765625,0.00010395050048828125,0.5460977554321289
39516997747,3304,22566197,1212000000,1221000000,0.00284576416015625,0.000110626220703125,0.9312629699707031
39516997747,2241,104791384729,1212000000,1221000000,0.002193450927734375,0.0001239776611328125,0.8551311492919922
39516997747,2662,1713489854,1212000000,1221000000,0.002361297607421875,0.0001087188720703125,1.0892772674560547
359852128644,88,24273290456,1212000000,1216000000,0.0005235671997070312,1.9073486328125e-06,0.039936065673828125
39516997747,3975,1579547982,1212000000,1221000000,0.0032958984375,0.00010204315185546875,0.06116294860839844
39516997747,3960,1579800384,1212000000,1221000000,0.00168609619140625,0.000110626220703125,0.6629905700683594
39516997747,2691,5609483118,1212000000,1221000000,0.00200653076171875,0.000110626220703125,0.3620338439941406
39516997747,2750,159277706323,1212000000,1221000000,0.003093719482421875,0.000125885009765625,0.637481689453125
39516997747,3363,21843328,1212000000,1221000000,0.003536224365234375,0.0001068115234375,0.5573844909667969
330587120885,366,35881892188,1212000000,1214000000,9.5367431640625e-07,0.00038242340087890625,0.02300262451171875
39516997747,4131,70549859030,1212000000,1221000000,0.00272369384765625,0.0001239776611328125,0.5125808715820312
374911141136,1273,102983566293,1212000000,1221000000,0.0013141632080078125,0.000469207763671875,0.6741142272949219
39516997747,3178,20142109802,1212000000,1221000000,0.0022125244140625,0.00010585784912109375,0.8554830551147461
39516997747,3306,19876456161,1212000000,1221000000,0.0021820068359375,8.7738037109375e-05,0.7353973388671875
330587152966,668,21381319,1212000000,1221000000,0.022186279296875,0.0075836181640625,0.8037872314453125
39516997747,3336,2141620698,1212000000,1221000000,0.00189208984375,0.00012111663818359375,0.634160041809082
39516997747,4261,86175307705,1212000000,1221000000,0.0028533935546875,0.00012683868408203125,0.02682209014892578
374909843101,73,10880799659,1212000000,1221000000,0.00356292724609375,0.0007343292236328125,1.895090103149414
39516997747,3531,2958222664,1212000000,1221000000,0.0017223358154296875,0.0001163482666015625,0.2647705078125
330587123387,684,24272613796,1212000000,1221000000,0.0516357421875,0.009735107421875,0.552337646484375
39516997747,2507,91991404693,1212000000,1221000000,0.00296783447265625,0.0001277923583984375,0.3900489807128906
39516997747,3166,2581135698,1212000000,1221000000,0.002674102783203125,0.00011157989501953125,0.4011383056640625
374780821309,2184,102893323408,1212000000,1221000000,0.14794921875,0.018218994140625,2.99102783203125
39516997747,2980,92034394531,1212000000,1221000000,0.00350189208984375,0.0001239776611328125,0.6852893829345703
374837218396,379,108569645120,1212000000,1221000000,0.001178741455078125,0.0016574859619140625,0.5105209350585938
39516997747,3352,32971570779,1212000000,1221000000,0.0033416748046875,0.00010585784912109375,0.18616676330566406
39516997747,2676,1579858942,1212000000,1221000000,0.0018558502197265625,0.0001239776611328125,0.6058273315429688
39516997747,3865,2060299575,1212000000,1221000000,0.0016689300537109375,0.00010967254638671875,0.17608165740966797
39516997747,2663,1639547995,1212000000,1221000000,0.003017425537109375,0.0001087188720703125,0.450164794921875
39516997747,2552,938764672,1212000000,1221000000,0.003204345703125,0.0001087188720703125,1.2523384094238281
39516997747,3209,25950670809,1212000000,1221000000,0.001804351806640625,0.00011348724365234375,0.4660348892211914
39516997747,3027,86176359972,1212000000,1221000000,0.003875732421875,0.0001354217529296875,0.9747104644775391
330587150465,593,70522175353,1212000000,1221000000,0.0667724609375,0.0120086669921875,30.488296508789062
39516997747,3381,1579721225,1212000000,1221000000,0.00383758544921875,0.00010776519775390625,1.3138017654418945
39516997747,3618,246782308990,1212000000,1221000000,0.002864837646484375,0.000133514404296875,1.0254364013671875
374909859791,159,260487528302,1212000000,1221000000,0.0072174072265625,0.0006504058837890625,0.9913444519042969
39516997747,2317,96916974494,1212000000,1221000000,0.00412750244140625,0.00012969970703125,1.1877593994140625
330587152966,701,70522126030,1212000000,1221000000,0.04925537109375,0.012176513671875,8.293304443359375
39516997747,3097,62158199,1212000000,1221000000,0.00243377685546875,0.000118255615234375,0.06890487670898438
359246023973,0,92768602789,1212000000,1221000000,0.0087890625,0.0008821487426757812,1.3926544189453125
39516997747,3224,22363730,1212000000,1221000000,0.002655029296875,0.00012111663818359375,0.09994125366210938
39516997747,2587,72050150322,1212000000,1221000000,0.003238677978515625,0.00012111663818359375,0.8164300918579102
39516997747,3804,2059723198,1212000000,1221000000,0.00283050537109375,0.00012302398681640625,1.302506446838379
39516997747,2656,9579587136,1212000000,1221000000,0.002788543701171875,0.00011539459228515625,0.2874898910522461
330587118384,282,24272613793,1212000000,1221000000,0.119873046875,0.020965576171875,19.013214111328125
39516997747,2688,21964272,1212000000,1221000000,0.002811431884765625,0.0001068115234375,0.9980392456054688
330587115883,476,33152025554,1212000000,1221000000,0.0841064453125,0.016387939453125,39.7957763671875
330587110827,606,24272613793,1212000000,1221000000,0.03521728515625,0.011993408203125,4.673858642578125
330587123387,290,24273290461,1212000000,1221000000,0.0826416015625,0.020721435546875,26.977752685546875
330587125888,308,40598538348,1212000000,1213000000,1.9073486328125e-06,5.7220458984375e-06,0.0002899169921875
39516997747,3243,22460711,1213000000,1221000000,0.002941131591796875,0.00010395050048828125,0.1461639404296875
39516997747,3110,1579760838,1213000000,1221000000,0.002117156982421875,0.00011539459228515625,0.01786041259765625
39516997747,3460,105124543254,1213000000,1221000000,0.00286102294921875,0.000125885009765625,0.167266845703125
39516997747,3055,23744544995,1213000000,1221000000,0.003055572509765625,0.00010967254638671875,1.0635223388671875
39516997747,3777,44473733328,1213000000,1221000000,0.002796173095703125,0.0001163482666015625,0.27960205078125
372961233960,215,92038133274,1213000000,1221000000,0.00872802734375,0.002777099609375,1.196533203125
39516997747,2803,73750100488,1213000000,1221000000,0.00250244140625,0.00012683868408203125,0.3786163330078125
39516997747,2316,373578944035,1213000000,1221000000,0.0016078948974609375,0.000133514404296875,0.27862548828125
39516997747,2477,92174536020,1213000000,1221000000,0.00296783447265625,0.00012302398681640625,0.0494537353515625
39516997747,4132,373219144059,1213000000,1221000000,0.003292083740234375,0.000118255615234375,0.2728271484375
39516997747,3880,198555957620,1213000000,1221000000,0.0029296875,0.0001087188720703125,0.9965972900390625
39516997747,2354,151923676,1213000000,1221000000,0.002895355224609375,0.00010585784912109375,0.1440582275390625
39516997747,3468,104792344436,1213000000,1221000000,0.001346588134765625,0.00011348724365234375,0.43218231201171875
39516997747,2336,373578533140,1213000000,1221000000,0.00325775146484375,0.0001163482666015625,1.295654296875
39516997747,3658,92057006840,1213000000,1221000000,0.00257110595703125,0.0001068115234375,1.04974365234375
39516997747,3337,28995799,1213000000,1221000000,0.00278472900390625,0.00011157989501953125,0.18536376953125
39516997747,3322,289037840507,1213000000,1221000000,0.00536346435546875,0.00011920928955078125,1.8860397338867188
39516997747,2859,73026462780,1213000000,1221000000,0.00415802001953125,0.0001087188720703125,1.3653564453125
39516997747,3821,572811753,1213000000,1221000000,0.0037689208984375,0.00010967254638671875,0.09308624267578125
39516997747,3220,20144081989,1213000000,1221000000,0.002780914306640625,0.00010585784912109375,0.30022430419921875
39516997747,2913,20736704,1213000000,1221000000,0.002750396728515625,0.00011157989501953125,0.9616241455078125
330587160469,594,23620926854,1213000000,1221000000,0.05804443359375,0.01580810546875,17.1337890625
39516997747,3613,77439986433,1213000000,1221000000,0.003002166748046875,0.0001163482666015625,0.5738067626953125
39516997747,2480,1377412713,1213000000,1221000000,0.00312042236328125,0.0001087188720703125,1.2141571044921875
39516997747,4012,92049877702,1213000000,1221000000,0.003223419189453125,0.00013446807861328125,0.9133453369140625
39516997747,2456,92052117365,1213000000,1221000000,0.00322723388671875,0.00013446807861328125,0.7799148559570312
39516997747,3064,35970884129,1213000000,1221000000,0.002994537353515625,0.0001201629638671875,0.8222808837890625
39516997747,2650,574702154,1213000000,1221000000,0.002872467041015625,0.00010395050048828125,1.0715103149414062
39516997747,3213,573128890,1213000000,1221000000,0.002620697021484375,0.00010967254638671875,0.02184295654296875
39516997747,2298,96916399650,1213000000,1221000000,0.003108978271484375,0.00011539459228515625,0.309539794921875
39516997747,3434,23860501737,1213000000,1221000000,0.002880096435546875,0.0001087188720703125,0.9803314208984375
39516997747,3829,116742481897,1213000000,1221000000,0.00159454345703125,0.0001125335693359375,0.43701171875
39516997747,4088,1375614258,1213000000,1221000000,0.002719879150390625,0.00010585784912109375,1.1076889038085938
39516997747,3824,2455838082,1213000000,1221000000,0.003002166748046875,0.00011157989501953125,0.8469390869140625
39516997747,3571,151927872,1213000000,1221000000,0.002635955810546875,0.00011157989501953125,0.28574371337890625
39516997747,3324,1579751032,1213000000,1221000000,0.002765655517578125,0.00010585784912109375,1.0567169189453125
39516997747,3190,1579704366,1213000000,1221000000,0.003448486328125,0.0001201629638671875,0.2569427490234375
39516997747,2987,92100018153,1213000000,1221000000,0.003253936767578125,0.0001220703125,0.648193359375
39516997747,3470,91961876101,1213000000,1221000000,0.002925872802734375,0.0001239776611328125,1.0491485595703125
39516997747,3182,49465849229,1213000000,1221000000,0.002269744873046875,0.00011348724365234375,0.47664642333984375
39516997747,2666,20096366812,1213000000,1221000000,0.002506256103515625,0.00010585784912109375,1.0448455810546875
39516997747,2780,72275755459,1213000000,1221000000,0.003200531005859375,0.0001125335693359375,1.113189697265625
39516997747,3210,1377193150,1213000000,1221000000,0.002559661865234375,0.00011444091796875,0.7701416015625
39516997747,2696,26006751,1213000000,1221000000,0.002651214599609375,0.0001125335693359375,0.1105499267578125
39516997747,3676,86177732339,1213000000,1221000000,0.0029449462890625,0.00013065338134765625,0.6397247314453125
39516997747,2385,92000208792,1213000000,1221000000,0.002986907958984375,0.0001163482666015625,0.3227386474609375
39516997747,2328,105333396316,1213000000,1221000000,0.0023956298828125,0.000118255615234375,0.76422119140625
39516997747,2713,5609449539,1213000000,1221000000,0.002704620361328125,0.00010967254638671875,0.33771514892578125
39516997747,2249,22368119,1213000000,1221000000,0.0033721923828125,0.00010585784912109375,0.25041961669921875
39516997747,3534,92176190917,1213000000,1221000000,0.0030517578125,0.000125885009765625,0.076263427734375
39516997747,3554,21559059,1213000000,1221000000,0.003509521484375,0.00010776519775390625,0.37619781494140625
39516997747,4028,74467721782,1213000000,1221000000,0.003162384033203125,0.00013065338134765625,0.8957061767578125
39516997747,2493,92034949911,1213000000,1221000000,0.0030517578125,0.000118255615234375,1.141204833984375
39516997747,3994,92175937636,1213000000,1221000000,0.002910614013671875,0.0001277923583984375,0.5104522705078125
39516997747,2861,12748560214,1213000000,1221000000,0.00250244140625,0.00010395050048828125,1.0425567626953125
39516997747,3048,92068481836,1213000000,1221000000,0.003292083740234375,0.00011444091796875,0.3270263671875
39516997747,2631,105506252072,1213000000,1221000000,0.003276824951171875,0.0001201629638671875,0.271759033203125
39516997747,2989,86183647504,1213000000,1221000000,0.002857208251953125,0.00012302398681640625,0.19073486328125
39516997747,3056,4451164029,1213000000,1221000000,0.00339508056640625,0.0001010894775390625,0.5314178466796875
39516997747,2993,92054254796,1213000000,1221000000,0.002773284912109375,0.000125885009765625,0.255126953125
39516997747,2945,33154110567,1213000000,1221000000,0.0029296875,0.0001068115234375,1.1903076171875
39516997747,3397,105231187869,1213000000,1221000000,0.002323150634765625,0.00012493133544921875,0.29376983642578125
39516997747,4124,143873943769,1213000000,1221000000,0.00432586669921875,0.00012302398681640625,0.39150238037109375
39516997747,2977,86202599766,1213000000,1221000000,0.001953125,0.0001277923583984375,0.5493621826171875
39516997747,2314,373578658375,1213000000,1221000000,0.003002166748046875,0.00011920928955078125,1.2485504150390625
39516997747,2763,1377129934,1213000000,1221000000,0.00336456298828125,0.000110626220703125,0.250213623046875
39516997747,3440,2457921407,1213000000,1221000000,0.002910614013671875,0.00011920928955078125,0.096954345703125
330587120885,257,92126961381,1213000000,1221000000,0.12744140625,0.02008056640625,36.58544921875
39516997747,3449,32973545973,1213000000,1221000000,0.00292205810546875,0.0001049041748046875,0.29058837890625
39516997747,3144,159596203493,1213000000,1221000000,0.0029296875,0.00011539459228515625,0.12180328369140625
39516997747,3550,2448285463,1213000000,1221000000,0.003444671630859375,0.00010967254638671875,0.6539993286132812
39516997747,2290,82401555901,1213000000,1221000000,0.002857208251953125,0.0001049041748046875,0.4028472900390625
39516997747,3277,124505637985,1213000000,1221000000,0.002689361572265625,0.00010585784912109375,0.5590438842773438
39516997747,2909,10880083972,1213000000,1221000000,0.003559112548828125,0.00010585784912109375,0.7916336059570312
39516997747,2782,1429604516,1213000000,1221000000,0.002208709716796875,0.0001049041748046875,0.9069366455078125
39516997747,3507,104795397683,1213000000,1221000000,0.002178192138671875,0.00012493133544921875,0.5343246459960938
330587162970,672,86198784202,1213000000,1215000000,9.5367431640625e-07,0.00011348724365234375,0.005950927734375
39516997747,3826,151932044,1213000000,1221000000,0.00286865234375,0.00011444091796875,0.5250244140625
39516997747,3947,21531938,1213000000,1221000000,0.003635406494140625,0.0001125335693359375,0.11993408203125
39516997747,3366,1579736272,1213000000,1221000000,0.002765655517578125,0.0001239776611328125,0.878448486328125
39516997747,3033,2960646992,1213000000,1221000000,0.003231048583984375,0.000102996826171875,0.3734130859375
39516997747,4240,94965111094,1213000000,1221000000,0.00301361083984375,0.0001163482666015625,0.751190185546875
39516997747,4111,104795189853,1213000000,1221000000,0.00325775146484375,0.00012111663818359375,0.8109283447265625
39516997747,3638,35881579049,1213000000,1221000000,0.001983642578125,0.00011444091796875,0.5035400390625
39516997747,4130,92158425829,1213000000,1221000000,0.002838134765625,0.00011920928955078125,0.6387863159179688
39516997747,3119,1713162907,1213000000,1221000000,0.0016193389892578125,0.0001735687255859375,0.18646240234375
39516997747,2699,573268344,1213000000,1221000000,0.00307464599609375,0.000110626220703125,1.17218017578125
39516997747,3837,346991211285,1213000000,1221000000,0.00281524658203125,0.00011157989501953125,0.1404876708984375
39516997747,3060,72045702442,1213000000,1221000000,0.003307342529296875,0.00011920928955078125,0.7949600219726562
86261339189,0,2058778926,1213000000,1221000000,0.007965087890625,0.0013408660888671875,0.148895263671875
330587147960,689,940008687,1213000000,1221000000,0.0986328125,0.0172119140625,20.388671875
374471491412,546,289034424346,1213000000,1219000000,0.0011577606201171875,1.621246337890625e-05,0.15496444702148438
39516997747,2879,4451026018,1213000000,1221000000,0.00260162353515625,0.00010585784912109375,0.7147750854492188
39516997747,3645,277670978221,1213000000,1221000000,0.003276824951171875,0.000125885009765625,0.489990234375
39516997747,3475,104792164038,1213000000,1221000000,0.002655029296875,0.00010776519775390625,0.19892120361328125
39516997747,3951,21400968,1213000000,1221000000,0.002674102783203125,0.00011348724365234375,1.0481338500976562
39516997747,3535,20737000,1213000000,1221000000,0.00267791748046875,0.00011730194091796875,0.805023193359375
330587222908,657,22784754,1213000000,1221000000,0.01934814453125,0.00598907470703125,6.486328125
39516997747,3788,1641914126,1213000000,1221000000,0.003063201904296875,0.0001068115234375,0.836883544921875
39516997747,3769,99362150141,1213000000,1221000000,0.0024261474609375,9.1552734375e-05,0.6646728515625
39516997747,3634,20737069,1213000000,1221000000,0.00323486328125,0.00011348724365234375,0.2678680419921875
39516997747,3222,82403693964,1213000000,1221000000,0.00299835205078125,0.0001087188720703125,0.248565673828125
39516997747,3121,33687330218,1213000000,1221000000,0.003292083740234375,0.00011348724365234375,0.4904022216796875
374590278205,16,35875930456,1213000000,1221000000,0.027130126953125,0.003337860107421875,3.656158447265625
39516997747,3251,82400871296,1213000000,1221000000,0.002895355224609375,0.00011730194091796875,0.6266326904296875
39516997747,3650,92124283460,1213000000,1221000000,0.00312042236328125,0.00012493133544921875,0.12981414794921875
39516997747,2624,259065120831,1213000000,1221000000,0.00234222412109375,0.00012969970703125,0.257080078125
39516997747,3620,20736680,1213000000,1221000000,0.002651214599609375,0.0001125335693359375,1.0833892822265625
39516997747,2545,23748865557,1213000000,1221000000,0.002796173095703125,0.00011539459228515625,0.11646270751953125
39516997747,3573,86197574044,1213000000,1221000000,0.003047943115234375,0.000118255615234375,0.78521728515625
39516997747,3577,86174500328,1213000000,1221000000,0.003322601318359375,0.0001316070556640625,0.5803070068359375
39516997747,3113,92123285445,1213000000,1221000000,0.002994537353515625,0.0001163482666015625,0.1742095947265625
39516997747,2455,86197182786,1213000000,1221000000,0.003387451171875,0.000125885009765625,0.50592041015625
39516997747,3029,74469690294,1213000000,1221000000,0.00287628173828125,0.0001087188720703125,0.28656005859375
39516997747,2746,70609812658,1213000000,1221000000,0.001659393310546875,0.00012969970703125,0.572509765625
39516997747,3493,104792344447,1213000000,1221000000,0.003078460693359375,0.00011444091796875,0.127716064453125
39516997747,3843,2059424866,1213000000,1221000000,0.001697540283203125,0.00010776519775390625,0.7076797485351562
39516997747,2642,20143737429,1213000000,1221000000,0.002986907958984375,0.0001049041748046875,0.7173004150390625
39516997747,2744,72050069977,1213000000,1221000000,0.002368927001953125,0.0001163482666015625,0.437408447265625
39516997747,3128,35971343254,1213000000,1221000000,0.002941131591796875,0.000133514404296875,1.1806640625
330587167972,196,71979473691,1213000000,1221000000,0.09375,0.021728515625,16.62890625
360937298349,1,373216050541,1213000000,1220000000,0.00041484832763671875,0.00036525726318359375,0.24573326110839844
39516997747,3310,82401860556,1213000000,1221000000,0.0029449462890625,0.0001163482666015625,0.9061431884765625
39516997747,3282,45090857,1213000000,1221000000,0.00313568115234375,0.00010967254638671875,0.1557769775390625
39516997747,3750,71879468760,1213000000,1221000000,0.00266265869140625,0.00010967254638671875,0.6653594970703125
373032954110,0,373216050541,1213000000,1220000000,0.00035381317138671875,0.0007715225219726562,0.3859901428222656
39516997747,2657,1146037470,1213000000,1221000000,0.003017425537109375,0.0001125335693359375,1.251983642578125
39516997747,3279,21247078,1213000000,1221000000,0.00319671630859375,0.00010776519775390625,1.0309982299804688
39516997747,2684,1131276718,1213000000,1221000000,0.003231048583984375,0.00011157989501953125,0.34763336181640625
39516997747,3318,21556001,1213000000,1221000000,0.002582550048828125,0.00011539459228515625,0.02158355712890625
39516997747,3930,23028900,1213000000,1221000000,0.002445220947265625,0.0001201629638671875,0.3078460693359375
39516997747,3833,1376876791,1213000000,1221000000,0.00283050537109375,0.0001087188720703125,0.6819000244140625
330587113342,340,348375814382,1213000000,1221000000,0.1435546875,0.02001953125,54.9609375
39516997747,3240,1129143631,1213000000,1221000000,0.00321197509765625,0.0001068115234375,0.76995849609375
39516997747,3965,21214388,1213000000,1221000000,0.00223541259765625,0.00012302398681640625,0.0377349853515625
39516997747,2318,93515847729,1213000000,1221000000,0.002471923828125,0.00010585784912109375,0.43306732177734375
39516997747,3249,198551169779,1213000000,1221000000,0.002902984619140625,0.000110626220703125,0.0482177734375
39516997747,3069,86198029017,1213000000,1221000000,0.00339508056640625,0.00011348724365234375,0.08420562744140625
39516997747,4094,1713318788,1213000000,1221000000,0.002532958984375,0.00011157989501953125,0.0423126220703125
39516997747,3476,92035838421,1213000000,1221000000,0.00301361083984375,0.000125885009765625,0.226043701171875
39516997747,2692,24274894286,1213000000,1221000000,0.002368927001953125,0.00012302398681640625,0.21929168701171875
359852128644,728,35971690290,1213000000,1221000000,0.002513885498046875,0.0007448196411132812,0.33890533447265625
374471438640,196,373257341347,1213000000,1221000000,0.00218963623046875,0.0007686614990234375,0.804656982421875
39516997747,4220,92031251261,1213000000,1221000000,0.002834320068359375,0.0001239776611328125,0.4969940185546875
39516997747,2687,71876933531,1213000000,1221000000,0.00301361083984375,0.00011539459228515625,1.0763778686523438
39516997747,2659,1712870693,1213000000,1221000000,0.002307891845703125,0.00010776519775390625,0.618408203125
39516997747,3923,1131112478,1213000000,1221000000,0.003360748291015625,0.000118255615234375,0.41748046875
39516997747,3392,51579469091,1213000000,1221000000,0.001827239990234375,0.0001220703125,0.24951171875
39516997747,2974,151934079,1213000000,1221000000,0.00214385986328125,0.00011444091796875,0.09033203125
39516997747,3653,25535047669,1213000000,1221000000,0.002117156982421875,0.00011157989501953125,0.42791748046875
39516997747,3713,92052338791,1213000000,1221000000,0.002956390380859375,0.0001087188720703125,1.177001953125
39516997747,2779,72033362764,1213000000,1221000000,0.00357818603515625,0.00012874603271484375,1.0972518920898438
39516997747,2271,23744287530,1213000000,1221000000,0.002918243408203125,0.0001163482666015625,1.0438995361328125
39516997747,2403,2448094863,1213000000,1221000000,0.0038909912109375,0.0001125335693359375,0.8007049560546875
39516997747,2714,2458189340,1213000000,1221000000,0.00203704833984375,0.000110626220703125,0.85906982421875
39516997747,2488,92068621765,1213000000,1221000000,0.002880096435546875,0.0001163482666015625,0.86297607421875
39516997747,2789,82402485595,1213000000,1221000000,0.003108978271484375,0.00010585784912109375,0.720123291015625
39516997747,4073,22458731644,1213000000,1221000000,0.0017719268798828125,0.00011444091796875,0.48291015625
39516997747,4126,104792326081,1213000000,1221000000,0.003299713134765625,0.00011920928955078125,0.08205413818359375
39516997747,3206,21305999,1213000000,1221000000,0.0026397705078125,0.0001068115234375,0.46142578125
39516997747,3798,20142086597,1213000000,1221000000,0.003604888916015625,0.0001049041748046875,0.4451751708984375
39516997747,2551,23744529619,1213000000,1221000000,0.002742767333984375,0.00010585784912109375,0.820404052734375
39516997747,3510,70517639325,1213000000,1221000000,0.0027313232421875,0.00012302398681640625,0.7763824462890625
39516997747,2310,96915406614,1213000000,1221000000,0.003299713134765625,0.00011730194091796875,0.328033447265625
39516997747,3480,70537550056,1213000000,1221000000,0.00334930419921875,0.00012111663818359375,1.3604049682617188
39516997747,3307,21372227,1213000000,1221000000,0.002758026123046875,0.0001087188720703125,0.7109527587890625
39516997747,3816,574694806,1213000000,1221000000,0.0033721923828125,0.0001125335693359375,0.8642120361328125
39516997747,3153,1945448439,1213000000,1221000000,0.0028533935546875,0.0001125335693359375,0.427093505859375
39516997747,2802,250619277828,1213000000,1221000000,0.003009796142578125,0.00011444091796875,0.124969482421875
39516997747,4006,159281463528,1213000000,1221000000,0.0029449462890625,0.000118255615234375,0.465606689453125
39516997747,3453,373215976999,1213000000,1221000000,0.003322601318359375,0.00012874603271484375,0.5246047973632812
39516997747,3120,23749031018,1213000000,1221000000,0.002704620361328125,0.00012874603271484375,0.6120071411132812
39516997747,2969,4451435823,1213000000,1221000000,0.002582550048828125,0.00011348724365234375,0.23725128173828125
39516997747,3732,259056770138,1213000000,1221000000,0.002727508544921875,0.0001087188720703125,0.72607421875
39516997747,3100,1376481610,1213000000,1221000000,0.0013484954833984375,0.0001239776611328125,0.5654296875
39516997747,3132,301857191318,1213000000,1221000000,0.002567291259765625,0.00011348724365234375,0.5361557006835938
39516997747,3579,938885808,1213000000,1221000000,0.00270843505859375,0.00011920928955078125,0.995330810546875
39516997747,2593,72052542818,1213000000,1221000000,0.00287628173828125,0.0001163482666015625,0.09576416015625
39516997747,3439,374228892661,1213000000,1221000000,0.002338409423828125,0.00011157989501953125,0.5095977783203125
39516997747,2811,104792175392,1213000000,1221000000,0.002254486083984375,0.00013256072998046875,0.8020477294921875
39516997747,3160,44583495215,1213000000,1221000000,0.003200531005859375,0.0001087188720703125,0.688323974609375
39516997747,2349,1461489032,1213000000,1221000000,0.00418853759765625,0.00010967254638671875,1.3066558837890625
39516997747,2709,2059493523,1213000000,1221000000,0.002819061279296875,0.00011444091796875,0.117340087890625
39516997747,3192,22459237712,1213000000,1221000000,0.00275421142578125,0.00011730194091796875,0.34458160400390625
39516997747,2820,104791499787,1213000000,1221000000,0.003814697265625,0.00011157989501953125,0.40833282470703125
39516997747,3253,71971542199,1213000000,1221000000,0.00305938720703125,0.00012302398681640625,0.9929122924804688
39516997747,3852,252614640,1213000000,1221000000,0.00405120849609375,0.00011920928955078125,0.16681671142578125
39516997747,2378,20747579,1213000000,1221000000,0.0029449462890625,0.00010585784912109375,0.2440643310546875
375002842854,162,23744674486,1213000000,1219000000,0.0127716064453125,0.00014400482177734375,3.719696044921875
330587160469,580,102893323408,1213000000,1221000000,0.07958984375,0.016571044921875,3.0771484375
374471436665,11,68670238025,1213000000,1218000000,0.0009546279907226562,0.00618743896484375,0.6784963607788086
39516997747,3792,1376555982,1213000000,1221000000,0.00334930419921875,0.0001087188720703125,0.1936492919921875
39516997747,2533,92028193745,1213000000,1221000000,0.003124237060546875,0.0001220703125,0.701202392578125
39516997747,3921,21408536,1213000000,1221000000,0.002899169921875,0.00011920928955078125,0.3380584716796875
39516997747,4234,4459508019,1213000000,1221000000,0.0038299560546875,0.000102996826171875,0.56634521484375
39516997747,3413,2960646993,1213000000,1221000000,0.00252532958984375,0.00011157989501953125,0.44300079345703125
39516997747,4071,58639233203,1213000000,1221000000,0.0029144287109375,0.00011920928955078125,0.873687744140625
39516997747,3393,72049776196,1213000000,1221000000,0.0019321441650390625,0.00012111663818359375,0.591339111328125
39516997747,2425,92098993927,1213000000,1221000000,0.00328826904296875,0.0001220703125,0.13641357421875
39516997747,2826,92128160233,1213000000,1221000000,0.002902984619140625,0.000125885009765625,1.18731689453125
39516997747,3420,373226324172,1213000000,1221000000,0.00173187255859375,0.00010776519775390625,0.5739669799804688
335464189934,159,86198784202,1213000000,1221000000,0.03857421875,0.001430511474609375,4.160491943359375
39516997747,3365,77441611178,1213000000,1221000000,0.003246307373046875,0.000110626220703125,1.2353515625
39516997747,2295,373578564256,1213000000,1221000000,0.002849578857421875,0.00011920928955078125,0.11875152587890625
39516997747,3528,92035780865,1213000000,1221000000,0.003261566162109375,0.0001125335693359375,1.133697509765625
39516997747,2319,104790966043,1213000000,1221000000,0.00324249267578125,0.0001087188720703125,1.233245849609375
39516997747,3860,1579858941,1213000000,1221000000,0.001613616943359375,0.000102996826171875,0.5767822265625
39516997747,2674,105744010255,1213000000,1221000000,0.00335693359375,0.00011348724365234375,0.9161911010742188
39516997747,3058,2957842774,1213000000,1221000000,0.002201080322265625,0.0001087188720703125,0.7206573486328125
39516997747,2505,23744662495,1213000000,1221000000,0.00354766845703125,0.0001201629638671875,1.467132568359375
39516997747,3247,21225553,1213000000,1221000000,0.0030364990234375,0.000125885009765625,0.733673095703125
39516997747,2881,1376989327,1213000000,1221000000,0.0034332275390625,0.0001220703125,0.91015625
374675907533,265,19878963391,1213000000,1221000000,0.0006771087646484375,0.00139617919921875,0.8127288818359375
358741519657,266,21225084,1213000000,1221000000,0.00473785400390625,0.0008716583251953125,1.4809112548828125
39516997747,3351,32972985189,1213000000,1221000000,0.003650665283203125,0.00011157989501953125,0.15048980712890625
39516997747,3631,80679075130,1213000000,1221000000,0.002056121826171875,0.00012874603271484375,0.6816787719726562
39516997747,2740,1579857402,1213000000,1221000000,0.002864837646484375,0.00011920928955078125,0.9787673950195312
39516997747,2944,92130754153,1213000000,1221000000,0.00293731689453125,0.000125885009765625,1.053741455078125
39516997747,4040,92030692692,1213000000,1221000000,0.00290679931640625,0.00013256072998046875,0.5106124877929688
39516997747,3045,320000958876,1213000000,1221000000,0.003513336181640625,0.00012969970703125,1.45721435546875
39516997747,3747,21577704,1213000000,1221000000,0.002613067626953125,0.00011348724365234375,0.17449951171875
39516997747,2695,5609506303,1213000000,1221000000,0.002857208251953125,8.58306884765625e-05,0.423797607421875
39516997747,2574,92054232592,1213000000,1221000000,0.003002166748046875,0.00011730194091796875,0.0499114990234375
374675956470,4213,22993578,1213000000,1221000000,0.0006256103515625,0.0009479522705078125,0.25177001953125
39516997747,2886,20737162,1213000000,1221000000,0.0030364990234375,0.0001087188720703125,0.5787200927734375
39516997747,3289,71978684374,1213000000,1221000000,0.00238037109375,0.000110626220703125,0.3985595703125
39516997747,2904,21072262,1213000000,1221000000,0.003047943115234375,0.00011348724365234375,0.48053741455078125
39516997747,3236,72154108162,1213000000,1221000000,0.001773834228515625,0.0001220703125,0.45501708984375
39516997747,3379,25757085381,1213000000,1221000000,0.0030670166015625,0.000110626220703125,0.381317138671875
39516997747,4271,21169269,1213000000,1221000000,0.00220489501953125,0.00011730194091796875,0.2972412109375
330587157968,472,1988415403,1213000000,1221000000,0.08203125,0.0107421875,34.140625
39516997747,3066,35959254746,1213000000,1221000000,0.00249481201171875,0.0001220703125,0.418701171875
39516997747,4256,92094389504,1213000000,1221000000,0.0035400390625,0.00012111663818359375,1.4058837890625
374675907533,290,19878963391,1213000000,1221000000,0.00524139404296875,0.0020751953125,2.63397216796875
39516997747,2935,92103144752,1213000000,1221000000,0.00244140625,0.0001316070556640625,0.988037109375
39516997747,3725,92042024757,1213000000,1221000000,0.00325775146484375,0.00012302398681640625,0.324554443359375
39516997747,2269,70609779859,1213000000,1221000000,0.00246429443359375,0.0001201629638671875,0.2274322509765625
39516997747,3194,72041091289,1213000000,1221000000,0.0028533935546875,0.00011730194091796875,0.16635894775390625
39516997747,2243,250619266269,1213000000,1221000000,0.002582550048828125,0.00013256072998046875,0.5647430419921875
39516997747,2908,86171903147,1213000000,1221000000,0.00322723388671875,0.00012111663818359375,0.857177734375
39516997747,2638,1713674729,1213000000,1221000000,0.0021820068359375,0.00010585784912109375,0.20133209228515625
39516997747,4120,105235222191,1213000000,1221000000,0.003353118896484375,0.00012683868408203125,0.6124725341796875
39516997747,2835,143876634957,1213000000,1221000000,0.0028533935546875,0.0001239776611328125,0.381103515625
39516997747,2424,92039484849,1213000000,1221000000,0.0025482177734375,0.000110626220703125,0.7657470703125
39516997747,3252,2059501847,1213000000,1221000000,0.002803802490234375,0.00011157989501953125,1.0728607177734375
39516997747,3294,1128691100,1213000000,1221000000,0.00324249267578125,0.0001068115234375,0.5894775390625
39516997747,3084,22459237703,1213000000,1221000000,0.002620697021484375,0.00011920928955078125,0.7233352661132812
39516997747,3689,23744455499,1213000000,1221000000,0.0022430419921875,0.00011920928955078125,0.604736328125
39516997747,2323,222541538605,1213000000,1221000000,0.00301361083984375,0.00011444091796875,0.70068359375
39516997747,2599,1375641748,1213000000,1221000000,0.002124786376953125,0.000110626220703125,0.2503662109375
39516997747,3730,35891731326,1213000000,1221000000,0.003124237060546875,0.00012874603271484375,0.33831024169921875
39516997747,3343,77438952266,1213000000,1221000000,0.00298309326171875,0.000118255615234375,0.173675537109375
39516997747,2667,1715095964,1213000000,1221000000,0.00292205810546875,0.00011730194091796875,0.1458892822265625
39516997747,3036,22458761485,1213000000,1221000000,0.0024871826171875,0.00010776519775390625,0.0415191650390625
39516997747,3958,21219861,1213000000,1221000000,0.002574920654296875,0.0001201629638671875,0.1078033447265625
39516997747,3374,32971657055,1213000000,1221000000,0.00274658203125,0.00011539459228515625,0.02289581298828125
374471481019,104,373257341347,1213000000,1218000000,0.00046253204345703125,0.00040531158447265625,0.09546279907226562
39516997747,3690,10879095470,1213000000,1221000000,0.00415802001953125,0.00010967254638671875,1.6046524047851562
39516997747,3335,40486423651,1213000000,1221000000,0.00257110595703125,0.00011348724365234375,0.6443023681640625
39516997747,2270,1377299596,1213000000,1221000000,0.003246307373046875,0.00010013580322265625,1.0440902709960938
39516997747,2636,72050455789,1213000000,1221000000,0.002780914306640625,0.000118255615234375,0.347900390625
39516997747,4053,250618207226,1213000000,1221000000,0.002277374267578125,0.00012111663818359375,0.40294647216796875
39516997747,3457,92031748228,1213000000,1221000000,0.002819061279296875,0.000110626220703125,0.3515625
39516997747,3138,35885895939,1213000000,1221000000,0.00331878662109375,0.0001201629638671875,0.055023193359375
330587108283,414,24272889102,1213000000,1221000000,0.150146484375,0.020263671875,43.625
39516997747,3827,574433295,1213000000,1221000000,0.003070831298828125,0.00011444091796875,0.56060791015625
39516997747,3248,81726456171,1213000000,1221000000,0.002956390380859375,0.000102996826171875,0.95452880859375
39516997747,3999,92113941700,1213000000,1221000000,0.00315093994140625,0.00012302398681640625,0.13095855712890625
39516997747,2411,2448173585,1213000000,1221000000,0.00357818603515625,0.000110626220703125,1.35748291015625
374675956470,4238,20967728,1213000000,1221000000,0.05120849609375,0.00438690185546875,21.3486328125
39516997747,3047,80683522867,1213000000,1221000000,0.0032501220703125,0.0001354217529296875,0.270843505859375
39516997747,3654,91998149910,1213000000,1221000000,0.003448486328125,0.0001163482666015625,1.0551910400390625
39516997747,2984,91998085489,1213000000,1221000000,0.001888275146484375,0.00011444091796875,0.112152099609375
39516997747,2668,574715302,1213000000,1221000000,0.003841400146484375,0.00010967254638671875,0.632171630859375
39516997747,3731,1420427404,1213000000,1221000000,0.004608154296875,0.00011539459228515625,1.8516311645507812
39516997747,4179,92049295572,1213000000,1221000000,0.00333404541015625,0.000118255615234375,0.27618408203125
39516997747,3520,106137594770,1213000000,1221000000,0.003826141357421875,0.0001068115234375,0.534881591796875
39516997747,2920,86200484494,1213000000,1221000000,0.003223419189453125,0.00011730194091796875,0.40088653564453125
374471491589,187,104791466877,1213000000,1218000000,0.0005054473876953125,0.0008726119995117188,0.04134178161621094
374675861423,5503,182860483662,1213000000,1221000000,0.0008068084716796875,0.001407623291015625,0.2303009033203125
39516997747,3504,373578831847,1213000000,1221000000,0.00254058837890625,0.0001239776611328125,0.468963623046875
39516997747,2869,22459135006,1213000000,1221000000,0.00290679931640625,0.00010776519775390625,0.7476119995117188
39516997747,2632,252694529,1213000000,1221000000,0.00312042236328125,0.00011444091796875,0.95751953125
39516997747,3797,20145826475,1213000000,1221000000,0.002559661865234375,0.000110626220703125,0.640869140625
374780805995,713,35875930456,1213000000,1221000000,0.0753173828125,0.016693115234375,20.6103515625
39516997747,2441,92044810499,1213000000,1221000000,0.003459930419921875,0.0001163482666015625,0.057220458984375
39516997747,3954,21244001,1213000000,1221000000,0.003246307373046875,0.0001010894775390625,0.5088043212890625
39516997747,2520,247624865229,1213000000,1221000000,0.0035858154296875,0.000110626220703125,0.53228759765625
39516997747,3968,21179505,1213000000,1221000000,0.003116607666015625,0.00010967254638671875,1.1098403930664062
39516997747,3742,1638790758,1213000000,1221000000,0.00274658203125,0.00010204315185546875,0.02278900146484375
39516997747,4092,21392417,1213000000,1221000000,0.00494384765625,0.00010967254638671875,0.44470977783203125
39516997747,2244,373237271349,1213000000,1221000000,0.00208282470703125,0.0001277923583984375,0.63665771484375
39516997747,3323,74605936096,1213000000,1221000000,0.003124237060546875,0.00010967254638671875,0.0517425537109375
39516997747,2840,371141432763,1213000000,1221000000,0.0025787353515625,0.00012302398681640625,0.06484222412109375
39516997747,2922,92159871012,1213000000,1221000000,0.002819061279296875,0.00012111663818359375,0.0470428466796875
39516997747,2495,92078192138,1213000000,1221000000,0.002655029296875,0.00012969970703125,0.33416748046875
39516997747,2472,4451168920,1213000000,1221000000,0.001293182373046875,0.00011539459228515625,0.360595703125
39516997747,3467,96914646982,1213000000,1221000000,0.00536346435546875,0.0001220703125,0.6143798828125
39516997747,3443,23859548954,1213000000,1221000000,0.002597808837890625,0.0001201629638671875,0.043487548828125
39516997747,3250,20142268800,1213000000,1221000000,0.002727508544921875,0.00011157989501953125,0.24983978271484375
39516997747,3655,92059974939,1213000000,1221000000,0.0030517578125,0.0001163482666015625,1.0898284912109375
330587125888,260,70516471622,1213000000,1221000000,0.16259765625,0.02166748046875,30.95654296875
39516997747,3459,96552717883,1213000000,1221000000,0.003353118896484375,0.00010204315185546875,0.30405426025390625
290811671405,0,126640476149,1213000000,1216000000,0.00032901763916015625,0.0006999969482421875,0.06791496276855469
39516997747,3436,1187365219,1213000000,1221000000,0.0024261474609375,0.00010204315185546875,0.889923095703125
39516997747,4089,71877154490,1213000000,1221000000,0.00279998779296875,0.0001277923583984375,0.28106689453125
330587128389,161,55049858260,1213000000,1221000000,0.04779052734375,0.0082855224609375,1.79443359375
39516997747,3043,92006019019,1213000000,1221000000,0.0028839111328125,0.00011920928955078125,0.02402496337890625
39516997747,3512,96574580207,1213000000,1221000000,0.00324249267578125,0.0001277923583984375,0.053924560546875
39516997747,2267,359828459201,1213000000,1221000000,0.003589630126953125,0.00011348724365234375,0.4147491455078125
39516997747,3204,21297605,1213000000,1221000000,0.002681732177734375,0.00011348724365234375,0.9168319702148438
39516997747,4047,151864006,1213000000,1221000000,0.002986907958984375,0.00010776519775390625,0.9655380249023438
39516997747,3945,32972993471,1213000000,1221000000,0.003673553466796875,0.00010585784912109375,0.8768234252929688
39516997747,3987,249755291209,1213000000,1221000000,0.0028839111328125,0.00012493133544921875,0.40920257568359375
39516997747,2361,373578887564,1213000000,1221000000,0.003223419189453125,0.00011730194091796875,1.175933837890625
39516997747,4136,93513465459,1213000000,1221000000,0.0028228759765625,0.00011730194091796875,0.658599853515625
39516997747,3134,1712894708,1213000000,1221000000,0.002712249755859375,0.0001049041748046875,0.2028350830078125
39516997747,2710,1254387040,1213000000,1221000000,0.00344085693359375,0.00010967254638671875,1.022552490234375
39516997747,2868,20741530,1213000000,1221000000,0.001529693603515625,0.0001068115234375,0.641510009765625
39516997747,2983,92081390958,1213000000,1221000000,0.002857208251953125,0.00011539459228515625,1.0701370239257812
39516997747,2611,22458731643,1213000000,1221000000,0.0018768310546875,0.00010967254638671875,0.6038970947265625
39516997747,3484,105123832109,1213000000,1221000000,0.00316619873046875,0.0001239776611328125,0.73699951171875
39516997747,4257,80681419543,1213000000,1221000000,0.003093719482421875,0.0001163482666015625,0.462249755859375
39516997747,2388,494843717,1213000000,1221000000,0.003787994384765625,0.00011348724365234375,0.9051437377929688
358146539252,609,70519149146,1213000000,1221000000,0.0162353515625,0.0008716583251953125,0.6842803955078125
374909862619,1,20737009,1213000000,1221000000,0.0050048828125,0.005889892578125,3.747802734375
39516997747,3712,86175509415,1213000000,1221000000,0.0026397705078125,0.0001354217529296875,0.5328369140625
39516997747,2857,21220559,1213000000,1221000000,0.00395965576171875,0.00011730194091796875,1.435089111328125
330587141000,536,92004492241,1213000000,1221000000,0.07568359375,0.020904541015625,33.9990234375
39516997747,3972,1579750547,1213000000,1221000000,0.002628326416015625,0.00011157989501953125,0.2191925048828125
39516997747,3143,66704629075,1213000000,1221000000,0.003070831298828125,0.0001087188720703125,0.763092041015625
39516997747,4004,74471308903,1213000000,1221000000,0.003101348876953125,0.00012969970703125,0.749603271484375
39516997747,2427,1185510145,1213000000,1221000000,0.00396728515625,0.00012302398681640625,0.6871719360351562
39516997747,2393,1375476792,1213000000,1221000000,0.002231597900390625,0.000110626220703125,0.44970703125
39516997747,3696,32978684494,1213000000,1221000000,0.003070831298828125,0.0001163482666015625,0.254974365234375
39516997747,2818,373215854037,1213000000,1221000000,0.003360748291015625,0.0001163482666015625,1.0848541259765625
39516997747,3195,21225083,1213000000,1221000000,0.00330352783203125,0.00010585784912109375,0.9273529052734375
39516997747,3594,86190159536,1213000000,1221000000,0.00384521484375,0.0001201629638671875,0.5392913818359375
39516997747,3342,1579857401,1213000000,1221000000,0.00214385986328125,0.00010204315185546875,0.7366561889648438
330587160469,473,24323210388,1213000000,1221000000,0.152099609375,0.0106048583984375,39.049072265625
39516997747,2905,92150563677,1213000000,1221000000,0.002750396728515625,0.00012874603271484375,0.18426513671875
39516997747,3814,92106802972,1213000000,1221000000,0.003101348876953125,0.00011444091796875,0.951873779296875
39516997747,2864,20733594,1213000000,1221000000,0.0025482177734375,0.0001087188720703125,0.127532958984375
39516997747,3933,32974365150,1213000000,1221000000,0.0030975341796875,0.00010776519775390625,0.9744110107421875
39516997747,3574,92111445902,1213000000,1221000000,0.002777099609375,0.00012683868408203125,0.06969451904296875
330587108283,137,50810713273,1213000000,1221000000,0.0821533203125,0.017822265625,37.5908203125
39516997747,3215,1377263122,1213000000,1221000000,0.0029449462890625,0.00010967254638671875,1.2218475341796875
39516997747,2787,2059443882,1213000000,1221000000,0.002681732177734375,0.00011348724365234375,0.9615554809570312
39516997747,3551,21292439,1213000000,1221000000,0.00357818603515625,0.000110626220703125,0.17706298828125
330587157968,402,24272636015,1213000000,1221000000,0.0673828125,0.0107574462890625,30.005859375
39516997747,3879,67414364493,1213000000,1221000000,0.003314971923828125,0.000110626220703125,1.1510009765625
39516997747,3942,22620986,1213000000,1221000000,0.00281524658203125,0.00010967254638671875,0.3275909423828125
39516997747,3469,96578095502,1213000000,1221000000,0.00331878662109375,0.00010967254638671875,0.109710693359375
39516997747,2331,105124375810,1213000000,1221000000,0.003124237060546875,0.00011730194091796875,1.1150894165039062
39516997747,4155,104792041702,1213000000,1221000000,0.003337860107421875,0.00012683868408203125,1.1918563842773438
39516997747,3888,20146558178,1213000000,1221000000,0.0018138885498046875,0.00010395050048828125,0.5063095092773438
374675907533,5838,22993578,1213000000,1221000000,0.000766754150390625,0.0012111663818359375,0.411407470703125
39516997747,3472,70550638922,1213000000,1221000000,0.00322723388671875,0.000125885009765625,0.37554931640625
375002842854,157,373257341347,1213000000,1218000000,0.01385498046875,0.00015544891357421875,2.8020858764648438
39516997747,3768,573733495,1213000000,1221000000,0.003795623779296875,0.0001049041748046875,1.4041900634765625
39516997747,3259,25542993115,1213000000,1221000000,0.002410888671875,0.0001068115234375,0.40283203125
39516997747,3419,2510157542,1213000000,1221000000,0.00363922119140625,0.000110626220703125,0.17999267578125
39516997747,4043,1128359188,1213000000,1221000000,0.00196075439453125,0.00010776519775390625,0.6453781127929688
39516997747,4105,151934080,1213000000,1221000000,0.00307464599609375,0.00011348724365234375,1.1477279663085938
39516997747,2307,96915689882,1213000000,1221000000,0.003269195556640625,0.0001220703125,0.37982177734375
39516997747,4200,334837717046,1213000000,1221000000,0.00376129150390625,0.0001125335693359375,0.12396240234375
39516997747,2445,86290083761,1213000000,1221000000,0.002979278564453125,0.00012969970703125,0.820770263671875
39516997747,2747,105124110673,1213000000,1221000000,0.0015888214111328125,0.00012969970703125,0.38494873046875
330587138493,410,92117086952,1213000000,1221000000,0.129638671875,0.024383544921875,4.9287109375
39516997747,3533,151832111,1213000000,1221000000,0.002857208251953125,0.0001049041748046875,1.0189666748046875
39516997747,3152,5609190097,1213000000,1221000000,0.002777099609375,0.00011157989501953125,0.30042266845703125
39516997747,2966,86189968632,1213000000,1221000000,0.00319671630859375,0.00011730194091796875,1.0869979858398438
39516997747,2898,23859287771,1213000000,1221000000,0.002826690673828125,0.000118255615234375,0.4005126953125
39516997747,2556,96914881883,1213000000,1221000000,0.0017871856689453125,0.0001277923583984375,0.490234375
330587123387,315,102893244769,1213000000,1221000000,0.04217529296875,0.014678955078125,12.280517578125
39516997747,2732,25542690793,1213000000,1221000000,0.003215789794921875,0.00011539459228515625,1.3324737548828125
39516997747,3155,5609461780,1213000000,1221000000,0.002971649169921875,0.00011444091796875,0.123443603515625
39516997747,3407,21308826,1213000000,1221000000,0.00235748291015625,0.0001163482666015625,0.7718353271484375
39516997747,2673,21208843,1213000000,1221000000,0.002696990966796875,0.0001010894775390625,1.029693603515625
374471446803,0,373216050541,1213000000,1221000000,0.0005130767822265625,0.000347137451171875,0.2546234130859375
39516997747,4059,1375623811,1213000000,1221000000,0.003620147705078125,0.0001049041748046875,0.2086029052734375
39516997747,2612,22458761487,1213000000,1221000000,0.003223419189453125,0.0001125335693359375,0.74725341796875
39516997747,3285,2058938957,1213000000,1221000000,0.002758026123046875,0.00010776519775390625,0.4126739501953125
39516997747,3442,4459282047,1213000000,1221000000,0.00323486328125,0.00010776519775390625,0.64178466796875
39516997747,2982,92073763944,1213000000,1221000000,0.003383636474609375,0.0001220703125,1.17791748046875
330587120885,293,22993578,1213000000,1221000000,0.0082550048828125,0.004486083984375,5.096435546875
39516997747,2421,91991936277,1213000000,1221000000,0.002960205078125,0.000118255615234375,0.172393798828125
330587108283,79,32977831361,1213000000,1221000000,0.061279296875,0.019744873046875,4.537353515625
39516997747,2916,92050216969,1213000000,1221000000,0.00301361083984375,0.00012111663818359375,0.6269454956054688
39516997747,3115,80222583179,1213000000,1221000000,0.002803802490234375,0.00011539459228515625,1.1443252563476562
39516997747,2766,23744833664,1213000000,1221000000,0.00366973876953125,0.0001125335693359375,1.0590362548828125
39516997747,4153,104792376637,1213000000,1221000000,0.0027313232421875,0.000110626220703125,0.36376953125
39516997747,3241,45167072176,1213000000,1221000000,0.0028839111328125,0.000118255615234375,0.984710693359375
39516997747,3260,574625942,1213000000,1221000000,0.003459930419921875,0.00011444091796875,1.20098876953125
39516997747,4103,1579787189,1213000000,1221000000,0.0029449462890625,0.0001087188720703125,0.87945556640625
39516997747,4045,573088853,1213000000,1221000000,0.003360748291015625,8.869171142578125e-05,0.4967193603515625
39516997747,3974,21214365,1213000000,1221000000,0.002689361572265625,0.0001087188720703125,0.71630859375
39516997747,3567,92035225968,1213000000,1221000000,0.002796173095703125,0.00011348724365234375,0.44226837158203125
39516997747,2817,68669881389,1213000000,1221000000,0.00214385986328125,0.0001277923583984375,0.7269287109375
39516997747,4209,4450985241,1213000000,1221000000,0.003143310546875,0.00011730194091796875,0.3651885986328125
39516997747,2518,86190507591,1213000000,1221000000,0.0029754638671875,0.00012302398681640625,0.1487274169921875
39516997747,3752,247211326519,1213000000,1221000000,0.003326416015625,0.0001201629638671875,0.606597900390625
39516997747,2535,1375488628,1213000000,1221000000,0.004119873046875,0.00011730194091796875,1.5253829956054688
39516997747,3841,101204321785,1213000000,1221000000,0.002399444580078125,0.0001125335693359375,0.9846954345703125
374471438640,166,373257341347,1213000000,1221000000,0.002445220947265625,0.0007505416870117188,0.102264404296875
39516997747,2971,105505320658,1213000000,1221000000,0.003269195556640625,0.00010204315185546875,0.863037109375
39516997747,3820,1579816229,1213000000,1221000000,0.0031280517578125,0.0001087188720703125,0.1812591552734375
39516997747,3845,72042104472,1213000000,1221000000,0.002368927001953125,0.00012111663818359375,0.6972122192382812
360937245695,0,373216050541,1213000000,1220000000,0.0003662109375,0.0010890960693359375,0.31580162048339844
39516997747,3720,34534508,1213000000,1221000000,0.00348663330078125,0.0001220703125,0.8660888671875
39516997747,3591,92159715094,1213000000,1221000000,0.003265380859375,0.0001201629638671875,0.32501220703125
39516997747,4238,1131269810,1213000000,1221000000,0.003238677978515625,0.00010013580322265625,1.0149993896484375
39516997747,3527,71877861699,1213000000,1221000000,0.003360748291015625,0.00012874603271484375,0.1674957275390625
39516997747,2616,80219080040,1213000000,1221000000,0.00310516357421875,0.0001220703125,0.85198974609375
39516997747,3389,1579462311,1213000000,1221000000,0.002899169921875,0.00010776519775390625,0.3848876953125
39516997747,3799,81673440755,1213000000,1221000000,0.00333404541015625,0.00011920928955078125,1.10504150390625
39516997747,3145,151931030,1213000000,1221000000,0.003826141357421875,0.00011157989501953125,1.4490814208984375
39516997747,2277,108924091566,1213000000,1221000000,0.0023193359375,0.00010776519775390625,0.1941680908203125
39516997747,4110,104792013342,1213000000,1221000000,0.00321197509765625,0.0001163482666015625,0.798797607421875
39516997747,2700,5609329093,1213000000,1221000000,0.00310516357421875,0.000110626220703125,0.15435791015625
39516997747,3716,23859461309,1213000000,1221000000,0.0041351318359375,0.0001163482666015625,0.884307861328125
39516997747,3157,19875185082,1213000000,1221000000,0.003086090087890625,0.0001068115234375,0.127716064453125
374998525200,9,70530557840,1213000000,1221000000,0.029510498046875,0.0014209747314453125,8.90826416015625
39516997747,2516,86191921281,1213000000,1221000000,0.003849029541015625,0.000118255615234375,1.3330078125
39516997747,3238,20143714865,1213000000,1221000000,0.00341033935546875,0.00010776519775390625,1.2102279663085938
39516997747,3275,21304766,1213000000,1221000000,0.002399444580078125,9.918212890625e-05,0.11993408203125
39516997747,2829,250619380620,1213000000,1221000000,0.002994537353515625,0.00013256072998046875,0.9256210327148438
39516997747,3430,35876024608,1213000000,1221000000,0.002197265625,0.000118255615234375,0.611297607421875
39516997747,2265,2448117214,1213000000,1221000000,0.003936767578125,0.0001163482666015625,1.2645721435546875
39516997747,2775,23741807978,1213000000,1221000000,0.00273895263671875,0.00010967254638671875,0.638092041015625
39516997747,3825,1129392907,1213000000,1221000000,0.00318145751953125,0.000110626220703125,0.395050048828125
39516997747,3314,32972393679,1213000000,1221000000,0.003490447998046875,0.0001068115234375,1.20867919921875
39516997747,3030,86174193769,1213000000,1221000000,0.00275421142578125,0.0001163482666015625,0.137786865234375
39516997747,3485,344044306754,1213000000,1221000000,0.003116607666015625,0.00012874603271484375,1.0644760131835938
39516997747,2322,86172762169,1213000000,1221000000,0.003429412841796875,0.0001163482666015625,0.964447021484375
39516997747,3074,249664390634,1213000000,1221000000,0.003143310546875,0.000110626220703125,0.546661376953125
39516997747,3754,20737068,1213000000,1221000000,0.003643035888671875,0.000110626220703125,1.171142578125
39516997747,3491,70516116531,1213000000,1221000000,0.00403594970703125,0.000133514404296875,0.567047119140625
39516997747,2799,73750228145,1213000000,1221000000,0.002532958984375,0.0001220703125,0.97705078125
39516997747,3803,1579872735,1213000000,1221000000,0.0018138885498046875,0.0001049041748046875,0.107452392578125
39516997747,3229,72027208693,1213000000,1221000000,0.003284454345703125,0.00011730194091796875,0.6803512573242188
39516997747,3996,92137234838,1213000000,1221000000,0.002788543701171875,0.00013065338134765625,0.5371322631835938
39516997747,2644,1642011244,1213000000,1221000000,0.002758026123046875,0.00010776519775390625,0.8941268920898438
330587125888,561,24270683433,1213000000,1221000000,0.04412841796875,0.019775390625,0.51123046875
39516997747,3408,940077798,1213000000,1221000000,0.002567291259765625,0.00010395050048828125,0.256439208984375
373032974768,1,373216050541,1213000000,1220000000,0.0003452301025390625,0.0006656646728515625,0.283050537109375
39516997747,3356,32973563565,1213000000,1221000000,0.0018787384033203125,0.00010967254638671875,0.42949676513671875
39516997747,2737,20967732,1213000000,1221000000,0.002323150634765625,0.00011730194091796875,0.5661849975585938
39516997747,2726,57549110940,1213000000,1221000000,0.003215789794921875,0.00011920928955078125,0.29347991943359375
39516997747,3162,346992050627,1213000000,1221000000,0.003223419189453125,0.0001125335693359375,0.427001953125
39516997747,3897,20143728130,1213000000,1221000000,0.003047943115234375,0.00010776519775390625,0.22721099853515625
39516997747,4109,92112848502,1213000000,1221000000,0.00469970703125,0.0001220703125,0.154296875
39516997747,3771,92112303874,1213000000,1221000000,0.003398895263671875,0.0001239776611328125,1.24005126953125
39516997747,4141,104792376662,1213000000,1221000000,0.00347137451171875,0.00011539459228515625,0.5164947509765625
39516997747,3980,1579780244,1213000000,1221000000,0.00428009033203125,0.00011444091796875,0.31640625
39516997747,2906,20736684,1213000000,1221000000,0.00304412841796875,0.000118255615234375,1.189056396484375
39516997747,2562,23859771370,1213000000,1221000000,0.002582550048828125,0.00011920928955078125,0.9942474365234375
39516997747,3588,373578439931,1213000000,1221000000,0.002819061279296875,0.0001220703125,0.211761474609375
39516997747,3266,21830723,1213000000,1221000000,0.002574920654296875,0.00011920928955078125,0.5388259887695312
39516997747,2500,80674083692,1213000000,1221000000,0.002674102783203125,0.0001277923583984375,0.358642578125
39516997747,3483,104792798695,1213000000,1221000000,0.002750396728515625,0.00011348724365234375,0.06873321533203125
39516997747,2442,86185335092,1213000000,1221000000,0.00263214111328125,0.00012302398681640625,0.19837188720703125
39516997747,3727,372914941145,1213000000,1221000000,0.00322723388671875,0.00012111663818359375,1.2321929931640625
39516997747,2619,2448088336,1213000000,1221000000,0.002979278564453125,0.0001201629638671875,1.0662078857421875
39516997747,3940,1576200543,1213000000,1221000000,0.002658843994140625,0.0001163482666015625,0.843658447265625
39516997747,3979,1579750607,1213000000,1221000000,0.002666473388671875,0.000110626220703125,0.13330078125
39516997747,3967,21178087,1213000000,1221000000,0.002231597900390625,0.00011157989501953125,0.824798583984375
39516997747,2590,494813084,1213000000,1221000000,0.00244903564453125,0.00011539459228515625,0.22566986083984375
375007013585,0,92006536284,1213000000,1221000000,0.0877685546875,0.002140045166015625,8.6312255859375
39516997747,2529,23860253894,1213000000,1221000000,0.0033416748046875,0.00010395050048828125,0.6891250610351562
39516997747,3474,70517639324,1213000000,1221000000,0.002643585205078125,0.0001220703125,1.06201171875
39516997747,4117,80238832669,1213000000,1221000000,0.002960205078125,0.000133514404296875,1.014739990234375
39516997747,3917,574451489,1213000000,1221000000,0.003032684326171875,0.00011348724365234375,0.37754058837890625
39516997747,2786,2059236708,1213000000,1221000000,0.002227783203125,0.00011920928955078125,0.5069503784179688
39516997747,4237,92139471577,1213000000,1221000000,0.002674102783203125,0.0001239776611328125,0.5372314453125
39516997747,3773,33151519113,1213000000,1221000000,0.0023193359375,0.00011348724365234375,0.544952392578125
39516997747,2344,70521532667,1213000000,1221000000,0.002460479736328125,0.00011444091796875,0.473785400390625
39516997747,2973,2449628858,1213000000,1221000000,0.002979278564453125,0.0001125335693359375,0.2226104736328125
39516997747,3695,72041631261,1213000000,1221000000,0.0023956298828125,0.00012111663818359375,0.0402679443359375
39516997747,4015,80673829428,1213000000,1221000000,0.003326416015625,0.00011730194091796875,0.02754974365234375
39516997747,2440,92139199918,1213000000,1221000000,0.0023193359375,0.0001163482666015625,0.0584564208984375
39516997747,3227,21964271,1213000000,1221000000,0.00284576416015625,0.000110626220703125,0.567626953125
39516997747,2748,250621754046,1213000000,1221000000,0.00347137451171875,0.00011920928955078125,1.3787841796875
39516997747,2288,82402533779,1213000000,1221000000,0.00284576416015625,0.0001068115234375,0.755859375
39516997747,3022,1185507476,1213000000,1221000000,0.00331878662109375,0.00010776519775390625,1.0142593383789062
39516997747,4214,2448285463,1213000000,1221000000,0.003520965576171875,0.0001125335693359375,0.174407958984375
39516997747,3692,92119685147,1213000000,1221000000,0.003116607666015625,0.00011348724365234375,0.103363037109375
39516997747,2834,73749599613,1213000000,1221000000,0.002033233642578125,0.0001220703125,0.17242431640625
39516997747,3646,20733616,1213000000,1221000000,0.002719879150390625,0.0001220703125,0.932159423828125
39516997747,2575,360096629264,1213000000,1221000000,0.00302886962890625,0.00011539459228515625,0.503082275390625
39516997747,2822,250621732614,1213000000,1221000000,0.0037078857421875,0.00010967254638671875,1.3132400512695312
39516997747,3526,72026895311,1213000000,1221000000,0.00334930419921875,0.00011539459228515625,0.8592453002929688
39516997747,2561,92045155623,1213000000,1221000000,0.0034332275390625,0.00011730194091796875,0.4544677734375
39516997747,3770,20737036,1213000000,1221000000,0.002590179443359375,0.00011920928955078125,0.606903076171875
39516997747,2846,96915078102,1213000000,1221000000,0.00301361083984375,0.0001239776611328125,0.7781219482421875
373032952261,94,373216050541,1213000000,1220000000,0.0003204345703125,0.0006666183471679688,0.31783103942871094
330587115883,354,102979870459,1213000000,1221000000,0.0831298828125,0.023284912109375,18.72900390625
330587220407,210,92039731743,1213000000,1221000000,0.0120697021484375,0.0008840560913085938,1.4508209228515625
39516997747,2690,1129518638,1213000000,1221000000,0.002384185791015625,0.00011157989501953125,0.079864501953125
39516997747,3011,23744499476,1213000000,1221000000,0.001735687255859375,0.000118255615234375,0.22247314453125
39516997747,3847,44505828796,1213000000,1221000000,0.003070831298828125,0.00011444091796875,1.17218017578125
330587170473,85,256446524505,1213000000,1215000000,1.9073486328125e-06,0.00030422210693359375,0.020204544067382812
39516997747,2941,23748865555,1213000000,1221000000,0.0042572021484375,0.00011920928955078125,0.140045166015625
39516997747,3087,1489840890,1213000000,1221000000,0.002994537353515625,0.00010776519775390625,0.07445526123046875
374471491602,7,23749025294,1213000000,1220000000,0.001010894775390625,0.0008592605590820312,0.4058237075805664
39516997747,3191,20146457599,1213000000,1221000000,0.002704620361328125,0.00010776519775390625,0.33748626708984375
39516997747,3385,1579783047,1213000000,1221000000,0.002685546875,0.0001125335693359375,0.6043853759765625
39516997747,2918,91998814505,1213000000,1221000000,0.0027923583984375,0.00012302398681640625,1.1661529541015625
39516997747,2653,20143235027,1213000000,1221000000,0.002231597900390625,0.0001087188720703125,0.2433929443359375
39516997747,3108,92056727844,1213000000,1221000000,0.003131866455078125,0.0001277923583984375,0.52154541015625
330587303641,339,50802703512,1213000000,1220000000,0.00042057037353515625,1.9073486328125e-06,0.07097625732421875
330587155467,234,22993578,1213000000,1216000000,2.86102294921875e-06,0.0001697540283203125,0.0248565673828125
39516997747,3805,21400971,1213000000,1221000000,0.0023651123046875,0.00010395050048828125,0.5728225708007812
374471481019,37,373216050541,1213000000,1221000000,0.0011005401611328125,0.000522613525390625,0.233734130859375
39516997747,3864,72050297069,1213000000,1221000000,0.0018596649169921875,0.00010776519775390625,0.4721832275390625
39516997747,3765,72051617644,1213000000,1221000000,0.003429412841796875,0.00011539459228515625,0.42537689208984375
39516997747,3664,92061275292,1213000000,1221000000,0.003429412841796875,0.0001163482666015625,0.0850982666015625
39516997747,2579,1377450923,1213000000,1221000000,0.002880096435546875,0.0001125335693359375,0.526702880859375
39516997747,3287,71971507649,1213000000,1221000000,0.003108978271484375,0.00012302398681640625,0.6464004516601562
39516997747,2511,2448160094,1213000000,1221000000,0.003787994384765625,0.000110626220703125,1.4346923828125
39516997747,3761,92124387453,1213000000,1221000000,0.003147125244140625,0.00011730194091796875,0.07834625244140625
39516997747,3161,1638855507,1213000000,1221000000,0.003276824951171875,9.250640869140625e-05,0.29650115966796875
39516997747,2538,86184701980,1213000000,1221000000,0.003063201904296875,0.00011730194091796875,0.915985107421875
39516997747,3849,82402582974,1213000000,1221000000,0.0028228759765625,0.00011539459228515625,0.282073974609375
39516997747,3685,1375505282,1213000000,1221000000,0.002071380615234375,0.00010013580322265625,0.347442626953125
39516997747,3513,104792376637,1213000000,1221000000,0.002777099609375,0.000125885009765625,0.627044677734375
39516997747,3596,1185859567,1213000000,1221000000,0.002727508544921875,0.00010585784912109375,1.1333465576171875
39516997747,3842,2061698967,1213000000,1221000000,0.002338409423828125,0.00010776519775390625,0.09784698486328125
39516997747,3394,35970798941,1213000000,1221000000,0.002704620361328125,0.0001220703125,0.9949951171875
39516997747,2841,105124071744,1213000000,1221000000,0.0023345947265625,0.00012111663818359375,0.5697250366210938
39516997747,4146,96915561006,1213000000,1221000000,0.00336456298828125,0.0001220703125,0.8367919921875
39516997747,3068,1377076011,1213000000,1221000000,0.003185272216796875,0.0001087188720703125,0.6324462890625
39516997747,3656,23749096597,1213000000,1221000000,0.0011463165283203125,0.00010776519775390625,0.08026123046875
39516997747,2978,2449596204,1213000000,1221000000,0.003116607666015625,0.00011730194091796875,0.7502670288085938
39516997747,2392,86748798365,1213000000,1221000000,0.00327301025390625,0.0001277923583984375,0.5713348388671875
39516997747,3039,21087195,1213000000,1221000000,0.0029754638671875,0.00010776519775390625,0.4439849853515625
39516997747,3186,72041404765,1213000000,1221000000,0.0033721923828125,0.000118255615234375,0.307159423828125
39516997747,4251,35882186379,1213000000,1221000000,0.00128173828125,0.0001201629638671875,0.2803802490234375
39516997747,2370,10879533757,1213000000,1221000000,0.002895355224609375,0.000118255615234375,0.31341552734375
375002842854,392,35973978506,1213000000,1221000000,0.02520751953125,0.00017452239990234375,1.0152816772460938
39516997747,3678,91986790795,1213000000,1221000000,0.00336456298828125,0.0001163482666015625,0.6404876708984375
39516997747,4057,373215977005,1213000000,1221000000,0.002254486083984375,0.00012683868408203125,0.01905059814453125
39516997747,2405,92001015048,1213000000,1221000000,0.002838134765625,0.00011539459228515625,1.039642333984375
39516997747,2830,70537034745,1213000000,1221000000,0.002628326416015625,0.0001201629638671875,0.08795166015625
39516997747,2813,70550045289,1213000000,1221000000,0.002536773681640625,0.0001239776611328125,0.7024383544921875
39516997747,2557,104792798696,1213000000,1221000000,0.0036163330078125,0.000125885009765625,1.407073974609375
39516997747,2483,92031812656,1213000000,1221000000,0.002948760986328125,0.00012302398681640625,1.081268310546875
330587141000,683,96915541337,1213000000,1215000000,9.5367431640625e-07,0.0003070831298828125,0.016017913818359375
374780807996,1132,19878963391,1213000000,1221000000,0.006866455078125,0.0152740478515625,3.54248046875
39516997747,3878,77443392402,1213000000,1221000000,0.00423431396484375,0.00011157989501953125,1.7035903930664062
39516997747,2850,70518679201,1213000000,1221000000,0.00341033935546875,0.00011157989501953125,1.014312744140625
374780824011,853,102893244770,1213000000,1221000000,0.02203369140625,0.01678466796875,13.974609375
39516997747,2462,92036114526,1213000000,1221000000,0.0027008056640625,0.00012111663818359375,0.90301513671875
39516997747,3286,72033997038,1213000000,1221000000,0.00396728515625,0.00011157989501953125,0.8810348510742188
39516997747,3811,1128661986,1213000000,1221000000,0.002811431884765625,0.0001087188720703125,0.9344482421875
39516997747,4075,2448117214,1213000000,1221000000,0.002254486083984375,9.632110595703125e-05,0.20687103271484375
39516997747,3915,21530654,1213000000,1221000000,0.002971649169921875,0.00011730194091796875,0.8401947021484375
39516997747,3441,23859179478,1213000000,1221000000,0.002960205078125,0.00011920928955078125,0.2463531494140625
39516997747,2591,23859373554,1213000000,1221000000,0.003009796142578125,0.0001220703125,0.3006591796875
39516997747,4009,92006962297,1213000000,1221000000,0.0022430419921875,0.000118255615234375,0.358917236328125
39516997747,2563,289856136580,1213000000,1221000000,0.00301361083984375,0.00011539459228515625,0.12516021728515625
39516997747,2327,369890858533,1213000000,1221000000,0.002285003662109375,0.0001087188720703125,0.2106475830078125
39516997747,2617,35951874859,1213000000,1221000000,0.002780914306640625,0.0001049041748046875,1.061981201171875
39516997747,3530,2510315221,1213000000,1221000000,0.00396728515625,0.000110626220703125,0.032623291015625
39516997747,4134,73748179571,1213000000,1221000000,0.003536224365234375,0.00011920928955078125,1.1404953002929688
330587157968,133,10880848924,1213000000,1221000000,0.030548095703125,0.00762939453125,9.468017578125
39516997747,2293,92031649338,1213000000,1221000000,0.002685546875,0.000118255615234375,0.515899658203125
39516997747,2899,92053041195,1213000000,1221000000,0.003131866455078125,0.00011730194091796875,1.03973388671875
39516997747,3683,74464573536,1213000000,1221000000,0.002956390380859375,0.0001220703125,0.04925537109375
39516997747,4027,92078505802,1213000000,1221000000,0.00341796875,0.000118255615234375,0.84869384765625
39516997747,3871,82401555899,1213000000,1221000000,0.0030059814453125,0.000110626220703125,0.872650146484375
39516997747,3481,289034424346,1213000000,1221000000,0.002838134765625,0.0001125335693359375,0.047210693359375
39516997747,3105,20741515,1213000000,1221000000,0.0029296875,0.0001125335693359375,0.68145751953125
39516997747,3154,81073118615,1213000000,1221000000,0.00220489501953125,0.00010585784912109375,0.14788818359375
39516997747,3703,35872130800,1213000000,1221000000,0.0027618408203125,0.00012969970703125,0.6939697265625
39516997747,3859,1128691099,1213000000,1221000000,0.003261566162109375,0.0001087188720703125,1.348114013671875
39516997747,3928,21365801,1213000000,1221000000,0.002933502197265625,0.00011920928955078125,0.4395904541015625
330587138493,695,23624310313,1213000000,1221000000,0.078857421875,0.016448974609375,6.099609375
39516997747,3312,21204376,1213000000,1221000000,0.002666473388671875,0.00012111663818359375,0.8474273681640625
39516997747,2362,23744514636,1213000000,1221000000,0.00363922119140625,0.00011730194091796875,1.322296142578125
39516997747,3276,198552450164,1213000000,1221000000,0.0026702880859375,0.00010585784912109375,0.6884841918945312
39516997747,3232,33991392708,1213000000,1221000000,0.002899169921875,0.000102996826171875,0.456329345703125
39516997747,2339,250618235903,1213000000,1221000000,0.00325775146484375,0.00013256072998046875,0.4882049560546875
39516997747,3937,21247079,1213000000,1221000000,0.001522064208984375,0.00011920928955078125,0.420166015625
39516997747,4029,92044301503,1213000000,1221000000,0.003131866455078125,0.0001316070556640625,0.156646728515625
39516997747,2353,102983257509,1213000000,1221000000,0.0020294189453125,0.0001201629638671875,0.8082427978515625
39516997747,2584,86196252069,1213000000,1221000000,0.003143310546875,0.00011157989501953125,0.28643035888671875
39516997747,2367,495312207,1213000000,1221000000,0.0026397705078125,0.00012493133544921875,0.5087051391601562
39516997747,2824,80669054685,1213000000,1221000000,0.0024566650390625,0.0001087188720703125,0.0615692138671875
39516997747,3375,21400969,1213000000,1221000000,0.0015583038330078125,0.0001125335693359375,0.46783447265625
374675861423,3683,102893244769,1213000000,1221000000,0.0016384124755859375,0.001514434814453125,0.7819061279296875
39516997747,2431,92040520212,1213000000,1221000000,0.0027618408203125,0.00011920928955078125,0.7605972290039062
330587150465,121,24346623935,1213000000,1221000000,0.05743408203125,0.01251220703125,20.14453125
39516997747,2465,92064268865,1213000000,1221000000,0.003459930419921875,0.000133514404296875,0.114990234375
39516997747,2843,358890989757,1213000000,1221000000,0.00274658203125,0.0001201629638671875,0.45867919921875
39516997747,4156,250621934472,1213000000,1221000000,0.0030059814453125,0.0001163482666015625,0.2248077392578125
39516997747,3293,23624255280,1213000000,1221000000,0.0030670166015625,0.0001163482666015625,1.0441436767578125
39516997747,3850,45163617204,1213000000,1221000000,0.002685546875,0.00010967254638671875,0.626129150390625
39516997747,3991,92159385452,1213000000,1221000000,0.00299835205078125,0.0001049041748046875,0.8192596435546875
39516997747,4282,92054980182,1213000000,1221000000,0.002666473388671875,0.000118255615234375,0.0445556640625
39516997747,2313,104792155193,1213000000,1221000000,0.002849578857421875,0.00012683868408203125,0.35717010498046875
39516997747,3636,126640476149,1213000000,1221000000,0.002498626708984375,0.00012302398681640625,0.27265167236328125
39516997747,2755,330553462941,1213000000,1221000000,0.00283050537109375,0.00011348724365234375,0.4239349365234375
39516997747,3876,21284367,1213000000,1221000000,0.002246856689453125,0.0001201629638671875,0.7574462890625
39516997747,3715,4646340818,1213000000,1221000000,0.002948760986328125,0.00011539459228515625,0.8334503173828125
374909856633,279,23744712982,1213000000,1221000000,0.0382080078125,0.001049041748046875,4.39678955078125
39516997747,3506,92105641364,1213000000,1221000000,0.00249481201171875,0.00010776519775390625,0.10410308837890625
39516997747,2381,1420696875,1213000000,1221000000,0.002567291259765625,0.00010776519775390625,0.5778121948242188
330587118384,279,102983351937,1213000000,1221000000,0.075439453125,0.0205078125,29.16796875
39516997747,2365,103266747233,1213000000,1221000000,0.002964019775390625,0.0001068115234375,0.466766357421875
330587222908,695,92152625154,1213000000,1221000000,0.064697265625,0.0089569091796875,14.1416015625
39516997747,2589,23749205722,1213000000,1221000000,0.003376007080078125,0.00011920928955078125,1.230316162109375
39516997747,4258,92066114882,1213000000,1221000000,0.002750396728515625,0.00012874603271484375,0.6909942626953125
39516997747,2289,19917894126,1213000000,1221000000,0.002460479736328125,0.0001068115234375,0.53399658203125
39516997747,2665,44588029780,1213000000,1221000000,0.0020751953125,9.72747802734375e-05,0.6951904296875
375007017856,0,86186736396,1213000000,1221000000,0.156494140625,0.00222015380859375,49.51885986328125
39516997747,3529,32974928268,1213000000,1221000000,0.00366973876953125,0.00010013580322265625,0.120635986328125
39516997747,3919,347377318138,1213000000,1221000000,0.002872467041015625,0.00011730194091796875,1.1719894409179688
39516997747,3508,70549632680,1213000000,1221000000,0.00360107421875,0.00012302398681640625,0.8639907836914062
39516997747,3724,91994728674,1213000000,1221000000,0.002696990966796875,0.00012111663818359375,0.18035888671875
39516997747,3376,23266462,1213000000,1221000000,0.0023193359375,0.0001201629638671875,0.2146759033203125
39516997747,2345,68671081225,1213000000,1221000000,0.002475738525390625,0.00011539459228515625,0.5596847534179688
39516997747,3489,104791450687,1213000000,1221000000,0.002971649169921875,0.00011730194091796875,1.0378875732421875
39516997747,2752,373215977004,1213000000,1221000000,0.00257110595703125,0.00012111663818359375,0.02153778076171875
39516997747,3540,4646495239,1213000000,1221000000,0.0035552978515625,0.00011539459228515625,0.117462158203125
39516997747,3969,1638742871,1213000000,1221000000,0.002521514892578125,0.0001087188720703125,0.1052093505859375
39516997747,3794,23859748426,1213000000,1221000000,0.0030517578125,0.0001125335693359375,0.9366302490234375
39516997747,3223,20045033206,1213000000,1221000000,0.003009796142578125,0.000110626220703125,0.52423095703125
39516997747,2814,105213728905,1213000000,1221000000,0.002521514892578125,0.00012683868408203125,0.3813629150390625
39516997747,3857,9579681994,1213000000,1221000000,0.002361297607421875,0.00011157989501953125,0.0395660400390625
330587130890,687,1579670885,1213000000,1221000000,0.0849609375,0.02001953125,38.6328125
39516997747,3205,2058902282,1213000000,1221000000,0.002765655517578125,0.00011444091796875,1.05987548828125
39516997747,3609,91961107553,1213000000,1221000000,0.002521514892578125,0.000125885009765625,1.03778076171875
39516997747,2964,92147238400,1213000000,1221000000,0.0018634796142578125,0.00011157989501953125,0.4108123779296875
39516997747,3514,102983332929,1213000000,1221000000,0.00311279296875,0.0001220703125,0.85400390625
39516997747,2929,86197022168,1213000000,1221000000,0.002960205078125,0.0001239776611328125,0.7648773193359375
39516997747,3970,1579782805,1213000000,1221000000,0.002475738525390625,0.00011157989501953125,0.18628692626953125
39516997747,2815,250621732613,1213000000,1221000000,0.0026702880859375,0.00011157989501953125,0.801177978515625
39516997747,3581,23860109324,1213000000,1221000000,0.00384521484375,0.00010395050048828125,0.41071319580078125
39516997747,3592,92051643810,1213000000,1221000000,0.0028076171875,0.000125885009765625,1.149932861328125
39516997747,3465,96914845600,1213000000,1221000000,0.002468109130859375,0.0001163482666015625,0.3928375244140625
375004999736,0,92028545125,1213000000,1216000000,0.0040435791015625,0.0018100738525390625,0.7726821899414062
39516997747,2848,104791581594,1213000000,1221000000,0.003170013427734375,0.0001220703125,1.053466796875
39516997747,2852,24309935,1213000000,1221000000,0.0028076171875,0.000110626220703125,0.396881103515625
39516997747,2383,23744555247,1213000000,1221000000,0.0030059814453125,0.000110626220703125,0.598388671875
39516997747,3473,70529420015,1213000000,1221000000,0.003749847412109375,0.00012493133544921875,0.21698760986328125
39516997747,3673,92059064258,1213000000,1221000000,0.0017547607421875,0.0001239776611328125,0.42083740234375
39516997747,2792,70518642686,1213000000,1221000000,0.00337982177734375,0.00011539459228515625,0.6990432739257812
39516997747,3744,4771116158,1213000000,1221000000,0.00344085693359375,0.0001068115234375,1.10687255859375
39516997747,4000,91993626924,1213000000,1221000000,0.00278472900390625,0.0001163482666015625,0.5337982177734375
39516997747,2924,298878355287,1213000000,1221000000,0.00299835205078125,0.0001201629638671875,0.5738067626953125
39516997747,4031,169231879286,1213000000,1221000000,0.00299072265625,0.00012493133544921875,0.6231307983398438
39516997747,4180,2960767117,1213000000,1221000000,0.002742767333984375,0.0001049041748046875,0.227813720703125
374911141136,530,21394550,1213000000,1221000000,0.0042266845703125,0.0004730224609375,0.03759765625
39516997747,4067,10881612897,1213000000,1221000000,0.0029754638671875,0.0001125335693359375,0.3705596923828125
39516997747,2940,86169784684,1213000000,1221000000,0.003143310546875,0.000133514404296875,1.232086181640625
39516997747,2943,320014305089,1213000000,1221000000,0.002124786376953125,0.0001239776611328125,0.50372314453125
330587125888,49,250623081697,1213000000,1221000000,0.019622802734375,0.00337982177734375,9.2010498046875
39516997747,3492,93514684984,1213000000,1221000000,0.003147125244140625,0.0001163482666015625,0.2088623046875
39516997747,4225,72052550086,1213000000,1221000000,0.0030364990234375,0.00012111663818359375,0.32839202880859375
39516997747,3117,92140167671,1213000000,1221000000,0.00283050537109375,0.0001239776611328125,0.8745269775390625
39516997747,3269,71843186869,1213000000,1221000000,0.003383636474609375,0.00012969970703125,0.95562744140625
39516997747,2672,1712846976,1213000000,1221000000,0.00283050537109375,0.00011539459228515625,0.5420455932617188
39516997747,2728,151945227,1213000000,1221000000,0.002544403076171875,0.00011444091796875,0.063812255859375
39516997747,2554,20736698,1213000000,1221000000,0.00160980224609375,0.000110626220703125,0.536773681640625
39516997747,2502,1377324072,1213000000,1221000000,0.003376007080078125,0.00011920928955078125,1.230316162109375
39516997747,3956,32973033737,1213000000,1221000000,0.00325775146484375,0.0001010894775390625,0.6448974609375
39516997747,3487,70538595681,1213000000,1221000000,0.003086090087890625,0.00011920928955078125,0.20513916015625
39516997747,3167,1145793787,1213000000,1221000000,0.003078460693359375,0.0001087188720703125,0.356964111328125
39516997747,3603,91994197735,1213000000,1221000000,0.002788543701171875,0.0001201629638671875,0.5584716796875
39516997747,3872,20142325344,1213000000,1221000000,0.00266265869140625,0.00010967254638671875,0.9536819458007812
39516997747,3604,345087676946,1213000000,1221000000,0.003093719482421875,0.00011920928955078125,0.43695831298828125
373032969947,2,373216050541,1213000000,1217000000,0.0010223388671875,0.0005521774291992188,0.0251922607421875
39516997747,4158,104792376633,1213000000,1221000000,0.003658294677734375,0.000118255615234375,0.5438232421875
39516997747,3628,86174603577,1213000000,1221000000,0.002948760986328125,0.00011920928955078125,0.5154190063476562
39516997747,2934,92157620735,1213000000,1221000000,0.003368377685546875,0.0001239776611328125,0.89404296875
39516997747,2258,20736728,1213000000,1221000000,0.002910614013671875,0.00010967254638671875,0.96649169921875
39516997747,2291,51230112237,1213000000,1221000000,0.002384185791015625,0.0001010894775390625,0.994110107421875
374676035973,1411,1129209153,1213000000,1221000000,0.0103912353515625,0.0013256072998046875,0.8436126708984375
374471401746,1,373216050541,1213000000,1220000000,0.000492095947265625,0.0002593994140625,0.2577629089355469
39516997747,3929,3097648721,1213000000,1221000000,0.003082275390625,0.00011730194091796875,0.4607391357421875
39516997747,2999,86201093334,1213000000,1221000000,0.003143310546875,0.00011348724365234375,0.44292449951171875
39516997747,3319,25600640519,1213000000,1221000000,0.001529693603515625,0.00012111663818359375,0.475433349609375
39516997747,3382,21202483,1213000000,1221000000,0.002483367919921875,0.00011444091796875,0.54034423828125
39516997747,4269,92060658077,1213000000,1221000000,0.002880096435546875,0.0001220703125,1.176849365234375
39516997747,3168,1579541020,1213000000,1221000000,0.002178192138671875,0.00010967254638671875,0.42096710205078125
374780821309,1047,102893244769,1213000000,1221000000,0.206787109375,0.016326904296875,66.041748046875
39516997747,2384,91962604600,1213000000,1221000000,0.003154754638671875,0.00012683868408203125,0.8663406372070312
39516997747,3913,21378227,1213000000,1221000000,0.0015869140625,0.0001239776611328125,0.60223388671875
39516997747,4021,92084724061,1213000000,1221000000,0.0018444061279296875,0.00013828277587890625,0.2537841796875
39516997747,2633,141687822051,1213000000,1221000000,0.003170013427734375,0.00012111663818359375,0.1579742431640625
330587133435,413,71978356001,1213000000,1221000000,0.05303955078125,0.0089874267578125,12.4053955078125
39516997747,2988,72029892038,1213000000,1221000000,0.00264739990234375,0.0001163482666015625,0.1547698974609375
39516997747,3216,84976385590,1213000000,1221000000,0.003376007080078125,0.00010585784912109375,0.13927459716796875
39516997747,2447,4451071447,1213000000,1221000000,0.00270843505859375,0.0001049041748046875,0.5176544189453125
39516997747,4119,93528350088,1213000000,1221000000,0.002777099609375,0.0001277923583984375,0.1626739501953125
39516997747,2931,1375616177,1213000000,1221000000,0.002288818359375,0.00012493133544921875,0.1158599853515625
39516997747,3102,86286350848,1213000000,1221000000,0.003055572509765625,0.00011730194091796875,0.2538299560546875
39516997747,2831,373579085650,1213000000,1221000000,0.00269317626953125,0.000125885009765625,0.112762451171875
39516997747,4283,72042966549,1213000000,1221000000,0.0040740966796875,0.0001220703125,0.8392333984375
39516997747,2416,86191343322,1213000000,1221000000,0.003398895263671875,0.00012493133544921875,0.0563812255859375
39516997747,2798,70514786744,1213000000,1221000000,0.002986907958984375,0.0001220703125,1.14410400390625
39516997747,2704,21297607,1213000000,1221000000,0.00286865234375,8.7738037109375e-05,0.402069091796875
39516997747,3308,252981892,1213000000,1221000000,0.00347900390625,0.00010967254638671875,0.918701171875
39516997747,2825,70549507584,1213000000,1221000000,0.00290679931640625,0.0001163482666015625,0.7981109619140625
39516997747,3063,23749154782,1213000000,1221000000,0.002513885498046875,0.000118255615234375,0.14739990234375
330587170473,95,104791871219,1213000000,1215000000,1.9073486328125e-06,0.00030612945556640625,0.025259017944335938
39516997747,2352,20738142,1213000000,1221000000,0.003143310546875,0.00010967254638671875,1.2751693725585938
39516997747,2919,10880336238,1213000000,1221000000,0.00318145751953125,0.0001087188720703125,1.000213623046875
330587125888,679,22363730,1213000000,1221000000,0.06884765625,0.018280029296875,26.48681640625
39516997747,3911,107866867489,1213000000,1221000000,0.0018367767333984375,0.00011539459228515625,0.562225341796875
39516997747,3756,1375616182,1213000000,1221000000,0.0033721923828125,0.000118255615234375,0.50262451171875
374860215787,54,23744674486,1213000000,1221000000,0.0016002655029296875,0.001338958740234375,0.799468994140625
39516997747,4181,495556297,1213000000,1221000000,0.003055572509765625,0.00011539459228515625,0.32978057861328125
330587133435,229,102893244770,1213000000,1221000000,0.01055908203125,0.00568389892578125,4.54803466796875
39516997747,4267,92029313082,1213000000,1221000000,0.00308990478515625,0.00011539459228515625,1.2051925659179688
374675861423,5221,26190928,1213000000,1221000000,0.000637054443359375,0.0009431838989257812,0.34133148193359375
39516997747,3953,1579751031,1213000000,1221000000,0.003337860107421875,0.0001068115234375,0.5511474609375
39516997747,3755,21571429,1213000000,1221000000,0.002689361572265625,0.00011157989501953125,0.42574310302734375
330587155467,428,21310333,1213000000,1221000000,0.076416015625,0.0123443603515625,7.100830078125
39516997747,2880,35872109394,1213000000,1221000000,0.00293731689453125,0.000125885009765625,0.588134765625
39516997747,2555,35892321977,1213000000,1221000000,0.00376129150390625,0.000118255615234375,1.148345947265625
39516997747,3883,2058825532,1213000000,1221000000,0.002483367919921875,0.00010776519775390625,0.6011428833007812
39516997747,2678,5609190599,1213000000,1221000000,0.002857208251953125,0.0001125335693359375,0.4038848876953125
39516997747,4161,104791011321,1213000000,1221000000,0.00313568115234375,0.00011730194091796875,0.49445343017578125
39516997747,3088,23749075892,1213000000,1221000000,0.003376007080078125,0.000118255615234375,1.341796875
39516997747,4133,104791355580,1213000000,1221000000,0.002948760986328125,0.000125885009765625,1.05767822265625
39516997747,3757,33152009383,1213000000,1221000000,0.002887725830078125,0.0001010894775390625,0.9564208984375
39516997747,2716,19882044146,1213000000,1221000000,0.00266265869140625,0.0001087188720703125,0.8646697998046875
39516997747,3926,23023332,1213000000,1221000000,0.002460479736328125,0.00011920928955078125,0.5572128295898438
39516997747,3823,1579858940,1213000000,1221000000,0.002025604248046875,0.00011539459228515625,0.49671173095703125
39516997747,2396,92041389393,1213000000,1221000000,0.0013027191162109375,0.00012874603271484375,0.5153274536132812
39516997747,2675,67412257583,1213000000,1221000000,0.00299835205078125,0.00010967254638671875,1.0691604614257812
39516997747,4072,82401509979,1213000000,1221000000,0.002040863037109375,0.00010013580322265625,0.39394378662109375
39516997747,2282,1937436579,1213000000,1221000000,0.002559661865234375,0.0001125335693359375,0.5344390869140625
39516997747,2739,68026834354,1213000000,1221000000,0.00316619873046875,0.00010967254638671875,0.39310455322265625
39516997747,3599,92091724030,1213000000,1221000000,0.002658843994140625,0.00012874603271484375,0.981231689453125
39516997747,3334,21532187,1213000000,1221000000,0.0014495849609375,0.00010585784912109375,0.2239837646484375
39516997747,3839,1145770527,1213000000,1221000000,0.00289154052734375,0.0001125335693359375,1.153564453125
39516997747,3065,86444772322,1213000000,1221000000,0.0029144287109375,0.000118255615234375,0.994720458984375
39516997747,3340,21389251,1213000000,1221000000,0.0026092529296875,0.00011444091796875,0.06536865234375
39516997747,2315,80217900701,1213000000,1221000000,0.00325775146484375,0.00011348724365234375,0.5663681030273438
39516997747,3538,2447734644,1213000000,1221000000,0.002460479736328125,0.000118255615234375,0.7220458984375
39516997747,2683,19876448167,1213000000,1221000000,0.003070831298828125,0.0001087188720703125,0.2289276123046875
39516997747,3201,22353919,1213000000,1221000000,0.003124237060546875,0.00010776519775390625,1.1893768310546875
39516997747,2717,1129983118,1213000000,1221000000,0.00344085693359375,0.000110626220703125,0.681884765625
39516997747,4066,71879251517,1213000000,1221000000,0.002910614013671875,0.0001201629638671875,0.824371337890625
39516997747,3330,319990976919,1213000000,1221000000,0.0019073486328125,0.0001087188720703125,0.0483856201171875
330587120885,591,1579462344,1213000000,1216000000,9.5367431640625e-07,0.0005903244018554688,0.001773834228515625
39516997747,2321,250625159096,1213000000,1221000000,0.002964019775390625,0.00012302398681640625,0.4445343017578125
39516997747,3010,91961575929,1213000000,1221000000,0.00335693359375,0.000118255615234375,0.27801513671875
39516997747,2242,93522167453,1213000000,1221000000,0.002574920654296875,0.00012874603271484375,0.1297760009765625
374675907533,6165,20967728,1213000000,1221000000,0.00102996826171875,0.001331329345703125,0.6044921875
39516997747,3889,1145793724,1213000000,1221000000,0.0030059814453125,0.0001125335693359375,0.29937744140625
39516997747,3372,21381320,1213000000,1221000000,0.0035552978515625,0.00011348724365234375,1.17401123046875
39516997747,3198,2058736829,1213000000,1221000000,0.00252532958984375,0.0001125335693359375,0.295440673828125
39516997747,4016,92102530348,1213000000,1221000000,0.002750396728515625,0.000133514404296875,0.6229248046875
39516997747,3605,102738905313,1213000000,1221000000,0.002330780029296875,0.00011539459228515625,0.6457901000976562
39516997747,3361,21369276,1213000000,1221000000,0.002902984619140625,0.00011730194091796875,0.96649169921875
39516997747,3867,1639302789,1213000000,1221000000,0.002109527587890625,0.000110626220703125,0.3197021484375
39516997747,2485,86172235399,1213000000,1221000000,0.0028228759765625,0.00013637542724609375,1.1126785278320312
39516997747,2731,21430422,1213000000,1221000000,0.00234222412109375,0.0001068115234375,0.705322265625
39516997747,2806,105034854626,1213000000,1221000000,0.003017425537109375,0.0001201629638671875,0.7279205322265625
39516997747,3776,23744544366,1213000000,1221000000,0.003265380859375,0.00011444091796875,0.757080078125
39516997747,3377,1579579761,1213000000,1221000000,0.0019683837890625,0.0001163482666015625,0.3835906982421875
330587303641,694,53769870649,1213000000,1221000000,0.0755615234375,0.00728607177734375,19.8834228515625
39516997747,4010,160131865529,1213000000,1221000000,0.003170013427734375,0.00013065338134765625,1.0826187133789062
39516997747,2302,250619312295,1213000000,1221000000,0.0026397705078125,0.00011157989501953125,0.28614044189453125
39516997747,3156,82399183879,1213000000,1221000000,0.003009796142578125,0.0001125335693359375,0.549530029296875
39516992187,413,70538076410,1213000000,1217000000,0.0006237030029296875,1.049041748046875e-05,0.060882568359375
39516997747,2772,70608934334,1213000000,1221000000,0.002277374267578125,0.0001201629638671875,0.0575408935546875
39516997747,4190,92048363107,1213000000,1221000000,0.003093719482421875,0.0001277923583984375,1.0566558837890625
39516997747,3746,35970585806,1213000000,1221000000,0.00246429443359375,0.00011157989501953125,0.7830657958984375
39516997747,2712,124763536091,1213000000,1221000000,0.003292083740234375,0.00010967254638671875,1.3062744140625
39516997747,3431,72045702658,1213000000,1221000000,0.00292205810546875,0.00012302398681640625,0.5359344482421875
39516997747,2606,2958191666,1213000000,1221000000,0.002971649169921875,0.00011348724365234375,0.22212982177734375
39516997747,3601,20736604,1213000000,1221000000,0.001773834228515625,0.00010585784912109375,0.31578826904296875
330587120885,527,149406354318,1213000000,1221000000,0.063232421875,0.016326904296875,24.822509765625
39516997747,3622,86186845567,1213000000,1221000000,0.003170013427734375,0.000125885009765625,0.052734375
39516997747,2372,4914986051,1213000000,1221000000,0.00421905517578125,0.00012683868408203125,0.38243865966796875
39516997747,2426,92128737690,1213000000,1221000000,0.00321197509765625,0.0001201629638671875,0.74639892578125
39516997747,2637,23744711290,1213000000,1221000000,0.00212860107421875,0.00011730194091796875,0.359344482421875
39516997747,3127,573981560,1213000000,1221000000,0.003017425537109375,0.0001125335693359375,1.0767059326171875
330587204926,396,70516116333,1213000000,1220000000,0.00038814544677734375,9.5367431640625e-07,0.087158203125
39516997747,3452,104792013342,1213000000,1221000000,0.00319671630859375,0.00011539459228515625,0.2649688720703125
39516997747,3854,573909105,1213000000,1221000000,0.00328826904296875,0.0001068115234375,1.00494384765625
39516997747,2961,2957856507,1213000000,1221000000,0.0016937255859375,0.000118255615234375,0.60882568359375
39516997747,3828,151923673,1213000000,1221000000,0.002719879150390625,0.00011539459228515625,0.725830078125
39516997747,2494,358242240861,1213000000,1221000000,0.002445220947265625,0.0001125335693359375,0.6343231201171875
39516997747,2708,21532186,1213000000,1221000000,0.002735137939453125,0.000102996826171875,0.2724609375
39516997747,3482,70523357787,1213000000,1221000000,0.002933502197265625,0.00011920928955078125,0.7570724487304688
39516997747,2679,9587324345,1213000000,1221000000,0.002910614013671875,0.00011157989501953125,0.41101837158203125
39516997747,3950,3094819259,1213000000,1221000000,0.001560211181640625,0.0001125335693359375,0.0936737060546875
39516997747,3962,128352576772,1213000000,1221000000,0.004241943359375,0.00010204315185546875,0.7297897338867188
39516997747,4127,104792344449,1213000000,1221000000,0.00339508056640625,0.00011920928955078125,0.22491455078125
39516997747,3137,1713028497,1213000000,1221000000,0.00301361083984375,0.00010776519775390625,0.099884033203125
39516997747,2622,2059698354,1213000000,1221000000,0.00321197509765625,0.00011539459228515625,0.6920928955078125
39516997747,3403,151919869,1213000000,1221000000,0.002834320068359375,0.00010585784912109375,0.658599853515625
39516997747,4201,92115132711,1213000000,1221000000,0.00301361083984375,0.00010585784912109375,1.0481414794921875
39516997747,2468,96555775610,1213000000,1221000000,0.0029144287109375,0.00012969970703125,1.2176513671875
39516997747,2669,2059474546,1213000000,1221000000,0.002628326416015625,9.822845458984375e-05,0.23993682861328125
39516997747,2646,82402091924,1213000000,1221000000,0.002079010009765625,0.00010585784912109375,0.6816787719726562
39516997747,3357,22807014,1213000000,1221000000,0.00213623046875,0.00011444091796875,0.792236328125
39516997747,2767,91999808775,1213000000,1221000000,0.003032684326171875,0.0001239776611328125,0.151519775390625
39516997747,3793,1129148856,1213000000,1221000000,0.003574371337890625,0.0001087188720703125,0.0294647216796875
39516997747,3386,1644702886,1213000000,1221000000,0.0027008056640625,0.00010776519775390625,0.2246856689453125
39516997747,2274,23863545691,1213000000,1221000000,0.003505706787109375,0.00011348724365234375,1.0712814331054688
39516997747,3543,1185821955,1213000000,1221000000,0.0034942626953125,0.0001087188720703125,1.2394256591796875
39516997747,2851,105215234368,1213000000,1221000000,0.002933502197265625,0.00012111663818359375,1.0996627807617188
39516997747,2613,23859188839,1213000000,1221000000,0.00275421142578125,0.00011348724365234375,0.20647430419921875
39516997747,2237,82404188489,1213000000,1221000000,0.00182342529296875,0.0001201629638671875,0.466461181640625
39516997747,4078,1376332592,1213000000,1221000000,0.002704620361328125,0.00010776519775390625,0.8549652099609375
39516997747,2287,32973602911,1213000000,1221000000,0.002483367919921875,0.0001201629638671875,0.91644287109375
39516997747,3300,103892161783,1213000000,1221000000,0.0035552978515625,0.0001087188720703125,0.5569305419921875
39516997747,2609,25950902717,1213000000,1221000000,0.0027008056640625,0.0001163482666015625,0.45074462890625
330587165471,338,20967728,1213000000,1214000000,1.9073486328125e-06,1.239776611328125e-05,5.7220458984375e-05
39516997747,3818,24272825465,1213000000,1221000000,0.0025177001953125,0.000110626220703125,0.988250732421875
330587110827,690,92004492241,1213000000,1221000000,0.04229736328125,0.01904296875,4.41650390625
374590278205,17,359830175331,1213000000,1221000000,0.29052734375,0.00508880615234375,44.93365478515625
39516997747,2594,72042116465,1213000000,1221000000,0.002452850341796875,0.00012493133544921875,0.9486236572265625
39516997747,3495,250619380617,1213000000,1221000000,0.003078460693359375,0.00012302398681640625,0.02561187744140625
39516997747,2849,143876385791,1213000000,1221000000,0.002887725830078125,0.00012302398681640625,0.3372039794921875
39516997747,3922,62156444,1213000000,1221000000,0.003108978271484375,0.00011348724365234375,0.824951171875
39516997747,3402,250623049385,1213000000,1221000000,0.003116607666015625,0.0001163482666015625,1.2155914306640625
39516997747,3053,92088589666,1213000000,1221000000,0.00283050537109375,0.00012493133544921875,0.3310089111328125
39516997747,4196,35872109394,1213000000,1221000000,0.0029754638671875,0.0001163482666015625,0.09893798828125
39516997747,2958,92177910921,1213000000,1221000000,0.003162384033203125,0.0001220703125,1.10357666015625
39516997747,2866,92027554494,1213000000,1221000000,0.00286102294921875,0.0001201629638671875,0.6439361572265625
39516997747,3964,1579686835,1213000000,1221000000,0.002918243408203125,0.0001087188720703125,0.6053924560546875
39516997747,3349,62156458,1213000000,1221000000,0.0018138885498046875,0.000110626220703125,0.585052490234375
39516997747,3539,151918120,1213000000,1221000000,0.001461029052734375,0.0001201629638671875,0.6198272705078125
39516997747,3934,22477068,1213000000,1221000000,0.002712249755859375,0.00010967254638671875,0.33863067626953125
39516997747,2377,1377075995,1213000000,1221000000,0.00327301025390625,0.0001220703125,0.2716064453125
330587113342,654,96916043191,1213000000,1215000000,1.9073486328125e-06,0.000286102294921875,0.00115203857421875
39516997747,3478,373578831844,1213000000,1221000000,0.0015735626220703125,0.00013065338134765625,0.4635467529296875
39516997747,2671,21284386,1213000000,1221000000,0.001499176025390625,0.0001068115234375,0.423980712890625
39516997747,2541,23859501593,1213000000,1221000000,0.0036773681640625,0.00011348724365234375,0.39424896240234375
39516997747,3288,19882049253,1213000000,1221000000,0.003528594970703125,0.00010013580322265625,0.4644775390625
39516997747,3589,86186560493,1213000000,1221000000,0.00278472900390625,0.0001316070556640625,0.2566375732421875
39516997747,2706,72033760434,1213000000,1221000000,0.00261688232421875,0.00011348724365234375,0.8518753051757812
39516997747,3332,32973475314,1213000000,1221000000,0.0032196044921875,0.000110626220703125,0.985748291015625
39516997747,3738,72042144540,1213000000,1221000000,0.0022430419921875,0.00018978118896484375,0.4281768798828125
39516997747,3455,143872877813,1213000000,1221000000,0.002857208251953125,0.00010967254638671875,0.49843597412109375
374911141136,200,1713317442,1213000000,1217000000,0.000125885009765625,1.430511474609375e-05,0.00560760498046875
39516997747,3721,92004438122,1213000000,1221000000,0.0031280517578125,0.0001163482666015625,0.72674560546875
39516997747,4139,250618235904,1213000000,1221000000,0.00360107421875,0.0001201629638671875,0.7442474365234375
39516997747,3838,2061865809,1213000000,1221000000,0.00244903564453125,0.00010395050048828125,0.3267822265625
39516997747,3311,1576045420,1213000000,1221000000,0.0022735595703125,0.0001201629638671875,0.4404449462890625
39516997747,3383,1573342606,1213000000,1221000000,0.002960205078125,0.0001087188720703125,0.6628875732421875
39516997747,2757,151918148,1213000000,1221000000,0.001972198486328125,0.00010585784912109375,0.2659912109375
39516997747,3549,92085584130,1213000000,1221000000,0.00302886962890625,0.0001220703125,0.806640625
39516997747,3966,1579504573,1213000000,1221000000,0.001956939697265625,0.0001125335693359375,0.4801177978515625
39516997747,2821,70536764520,1213000000,1221000000,0.0024871826171875,0.0001163482666015625,0.958099365234375
39516997747,2903,4450856714,1213000000,1221000000,0.00372314453125,0.00012302398681640625,0.03076934814453125
39516997747,3997,92057078872,1213000000,1221000000,0.003185272216796875,0.00011539459228515625,0.8977813720703125
39516997747,2645,23621183237,1213000000,1221000000,0.0018634796142578125,0.00011730194091796875,0.6813888549804688
39516997747,2503,25676982,1213000000,1221000000,0.002696990966796875,0.0001068115234375,0.291595458984375
39516997747,2756,4649995401,1213000000,1221000000,0.002838134765625,0.00012302398681640625,0.663299560546875
39516997747,2233,151945230,1213000000,1221000000,0.003871917724609375,0.00010013580322265625,0.22243499755859375
39516997747,2506,91960567470,1213000000,1221000000,0.003032684326171875,0.0001277923583984375,1.0113525390625
39516997747,3722,91961944719,1213000000,1221000000,0.003131866455078125,0.00013065338134765625,0.33930206298828125
39516997747,3242,2458249322,1213000000,1221000000,0.00272369384765625,0.000110626220703125,0.04534912109375
39516997747,3384,32973831401,1213000000,1221000000,0.003170013427734375,0.00011157989501953125,0.8925933837890625
39516997747,3568,20736885,1213000000,1221000000,0.002780914306640625,0.00010967254638671875,0.34687042236328125
39516997747,2454,86168643760,1213000000,1221000000,0.002727508544921875,0.00012111663818359375,0.638092041015625
330587147960,556,104792817027,1213000000,1215000000,1.33514404296875e-05,0.00031280517578125,0.005870819091796875
39516997747,2751,250625203186,1213000000,1221000000,0.00237274169921875,0.000125885009765625,0.6396484375
39516997747,3079,23859822166,1213000000,1221000000,0.002552032470703125,0.000110626220703125,0.9798583984375
39516997747,4160,250619266270,1213000000,1221000000,0.002887725830078125,0.0001277923583984375,0.5548553466796875
39516997747,3008,92090211624,1213000000,1221000000,0.00399017333984375,0.00011444091796875,0.3612060546875
39516997747,3390,35973968030,1213000000,1221000000,0.002048492431640625,8.106231689453125e-05,0.5110931396484375
39516997747,3907,311203837347,1213000000,1221000000,0.001583099365234375,0.0001220703125,0.68206787109375
39516997747,4226,92054225134,1213000000,1221000000,0.002635955810546875,0.00013256072998046875,0.19933319091796875
39516997747,3133,151919860,1213000000,1221000000,0.002735137939453125,0.00010585784912109375,0.3636474609375
374471464881,1,373216050541,1213000000,1221000000,0.0008249282836914062,0.0007467269897460938,0.5406494140625
39516997747,4038,159574343290,1213000000,1221000000,0.002605438232421875,0.00011539459228515625,0.4788665771484375
39516997747,3627,92177060647,1213000000,1221000000,0.0023956298828125,0.00012302398681640625,0.644775390625
39516997747,3611,151923671,1213000000,1221000000,0.001735687255859375,0.0001087188720703125,0.6049652099609375
358146539252,59,96915364773,1213000000,1221000000,0.05560302734375,0.01019287109375,15.791015625
39516997747,3700,280068179652,1213000000,1221000000,0.002986907958984375,0.0001239776611328125,0.0248870849609375
375004991480,0,92028545125,1213000000,1216000000,0.002948760986328125,0.001628875732421875,0.20599365234375
375002842854,37,105513666555,1214000000,1220000000,0.013763427734375,0.00018024444580078125,1.0039443969726562
39516997747,2867,4450833295,1214000000,1221000000,0.004119873046875,0.0001049041748046875,0.35488128662109375
330587118384,33,92040917322,1214000000,1215000000,1.9073486328125e-06,1.71661376953125e-05,0.000705718994140625
39516997747,2774,4459051196,1214000000,1221000000,0.003116607666015625,0.00011348724365234375,0.06783199310302734
39516997747,2693,573259014,1214000000,1221000000,0.00273895263671875,0.0001068115234375,0.1195220947265625
39516997747,2437,1377904268,1214000000,1221000000,0.00366973876953125,0.000110626220703125,1.2966651916503906
39516997747,3612,23744631077,1214000000,1221000000,0.003597259521484375,0.00011730194091796875,0.4420328140258789
39516997747,3158,1580031077,1214000000,1221000000,0.002685546875,0.000102996826171875,0.27327728271484375
375007042330,0,82403557446,1214000000,1221000000,0.29931640625,0.00208282470703125,40.086097717285156
39516997747,3148,62183909860,1214000000,1221000000,0.003093719482421875,0.0001201629638671875,1.0573673248291016
39516997747,2635,35892022621,1214000000,1221000000,0.003902435302734375,0.00010585784912109375,0.4769868850708008
375004984745,0,92101747826,1214000000,1221000000,0.003482818603515625,0.0022125244140625,1.0764198303222656
39516997747,3422,71877665577,1214000000,1221000000,0.0029449462890625,0.0001239776611328125,0.6015090942382812
374675861423,4881,24270689586,1214000000,1221000000,0.001117706298828125,0.001407623291015625,0.8485107421875
39516997747,3016,80219114814,1214000000,1221000000,0.003246307373046875,0.00011348724365234375,0.4468526840209961
39516997747,3723,74467597734,1214000000,1221000000,0.00315093994140625,0.00013065338134765625,0.29862499237060547
359235111733,0,373239562627,1214000000,1221000000,0.02484130859375,0.0013179779052734375,0.5493450164794922
39516997747,3080,940077797,1214000000,1221000000,0.002857208251953125,0.0001220703125,0.5422286987304688
39516997747,2907,112751262929,1214000000,1221000000,0.003383636474609375,0.00011444091796875,0.39178466796875
39516997747,3041,119226671284,1214000000,1221000000,0.003093719482421875,0.00011157989501953125,0.29168224334716797
39516997747,3896,1130868828,1214000000,1221000000,0.003513336181640625,0.00011920928955078125,1.2205352783203125
39516997747,4222,125950523290,1214000000,1221000000,0.00238037109375,0.0001239776611328125,0.035060882568359375
39516997747,3553,21070624,1214000000,1221000000,0.0032958984375,0.00010776519775390625,0.35738468170166016
39516997747,3197,573273822,1214000000,1221000000,0.00295257568359375,0.0001125335693359375,0.45057106018066406
39516997747,2957,20737078,1214000000,1221000000,0.002346038818359375,0.000110626220703125,0.6018829345703125
39516997747,3741,360202170868,1214000000,1221000000,0.00324249267578125,0.00010585784912109375,0.4687690734863281
39516997747,4084,373271616270,1214000000,1221000000,0.003162384033203125,0.0001163482666015625,0.8491916656494141
39516997747,3001,574694808,1214000000,1221000000,0.00196075439453125,0.00010776519775390625,0.07239818572998047
39516997747,4041,70338052101,1214000000,1221000000,0.001979827880859375,0.00011348724365234375,0.11722564697265625
39516997747,3261,19875969694,1214000000,1221000000,0.002864837646484375,0.0001163482666015625,0.6886539459228516
39516997747,3415,23859751539,1214000000,1221000000,0.002655029296875,0.0001201629638671875,0.4273796081542969
39516997747,3038,2960592776,1214000000,1221000000,0.0036773681640625,0.00010967254638671875,1.1133899688720703
375004982291,1,109830688025,1214000000,1221000000,0.002872467041015625,0.001285552978515625,1.1351394653320312
39516997747,3544,32981222790,1214000000,1221000000,0.0036468505859375,0.0001163482666015625,0.7375869750976562
39516997747,3621,940121750,1214000000,1221000000,0.002777099609375,0.0001087188720703125,0.020200729370117188
39516997747,4193,92090655742,1214000000,1221000000,0.002544403076171875,0.0001125335693359375,0.8369350433349609
39516997747,2259,35891855757,1214000000,1221000000,0.00279998779296875,0.0001163482666015625,0.2858009338378906
39516997747,4026,74472152339,1214000000,1221000000,0.003063201904296875,0.00012683868408203125,0.42427539825439453
39516997747,3617,86201411896,1214000000,1221000000,0.0031890869140625,0.00011157989501953125,0.739349365234375
330587167972,80,114484378125,1214000000,1216000000,4.76837158203125e-06,0.00011444091796875,0.0045299530029296875
39516997747,3914,23624555098,1214000000,1221000000,0.002979278564453125,0.0001239776611328125,0.08689117431640625
39516997747,3046,92058698343,1214000000,1221000000,0.00368499755859375,0.00011157989501953125,1.2224979400634766
39516997747,3586,21296942,1214000000,1221000000,0.003238677978515625,0.0001163482666015625,1.0803184509277344
39516997747,3555,182959567725,1214000000,1221000000,0.002620697021484375,0.0001068115234375,0.458221435546875
39516997747,4217,182959567725,1214000000,1221000000,0.002773284912109375,0.00011157989501953125,0.9895086288452148
330587259428,8,1579704367,1214000000,1221000000,0.009979248046875,0.0018405914306640625,0.4964332580566406
39516997747,2578,33686927546,1214000000,1221000000,0.00302886962890625,0.00011730194091796875,0.33034801483154297
39516997747,4064,21382997,1214000000,1221000000,0.003204345703125,0.00010585784912109375,0.4865999221801758
330587123387,359,1580155964,1214000000,1221000000,0.14208984375,0.021240234375,19.436279296875
39516997747,3916,71877861914,1214000000,1221000000,0.00301361083984375,0.00011539459228515625,1.0951519012451172
359852128644,659,72046232663,1214000000,1217000000,0.00026607513427734375,9.5367431640625e-07,0.01842498779296875
39516997747,2872,70532290941,1214000000,1221000000,0.003276824951171875,0.00012302398681640625,1.0471534729003906
39516997747,2883,2458077868,1214000000,1221000000,0.002384185791015625,0.00010967254638671875,0.20948410034179688
39516997747,3786,1130932553,1214000000,1221000000,0.003265380859375,0.0001125335693359375,0.6620712280273438
39516997747,2865,102983106586,1214000000,1221000000,0.0044097900390625,0.0001068115234375,1.5491943359375
374675956470,4764,24270881493,1214000000,1221000000,0.001354217529296875,0.0013866424560546875,0.2494182586669922
39516997747,3146,71844042846,1214000000,1221000000,0.0027008056640625,0.0001239776611328125,0.5338840484619141
374675879196,755,20733616,1214000000,1221000000,0.0079193115234375,0.001041412353515625,0.7527008056640625
39516997747,3316,12747327376,1214000000,1221000000,0.002948760986328125,0.00010013580322265625,0.4268455505371094
39516997747,2854,82404291867,1214000000,1221000000,0.003574371337890625,0.000125885009765625,1.2173843383789062
39516997747,2603,23749075893,1214000000,1221000000,0.003559112548828125,0.00011730194091796875,0.8749866485595703
39516997747,3174,21210060,1214000000,1221000000,0.00286102294921875,0.00010585784912109375,0.12460899353027344
39516997747,3019,23744501420,1214000000,1221000000,0.00244140625,0.000110626220703125,0.053592681884765625
39516997747,4039,92078259984,1214000000,1221000000,0.003032684326171875,0.000118255615234375,0.088226318359375
39516997747,3000,62184082151,1214000000,1221000000,0.0030975341796875,0.000118255615234375,0.3826789855957031
39516997747,4024,91961107551,1214000000,1221000000,0.0030670166015625,0.0001201629638671875,0.022310256958007812
39516997747,3546,373315581940,1214000000,1221000000,0.003536224365234375,0.0001125335693359375,0.07662391662597656
39516997747,2294,104791499788,1214000000,1221000000,0.00412750244140625,0.00011539459228515625,0.2079019546508789
39516997747,2519,20736655,1214000000,1221000000,0.003101348876953125,0.00011157989501953125,0.49479103088378906
39516997747,3904,2458365531,1214000000,1221000000,0.00301361083984375,0.0001087188720703125,0.8742523193359375
39516997747,4221,35891880807,1214000000,1221000000,0.002910614013671875,0.0001220703125,0.8279228210449219
39516997747,3541,20737048,1214000000,1221000000,0.002899169921875,0.0001049041748046875,0.8831977844238281
39516997747,2682,13260068086,1214000000,1221000000,0.002773284912109375,0.00011444091796875,0.4244956970214844
39516997747,3718,20736973,1214000000,1221000000,0.002349853515625,0.0001125335693359375,0.24131393432617188
39516997747,2397,1375477847,1214000000,1221000000,0.00316619873046875,0.0001087188720703125,0.1833953857421875
39516997747,2582,92175019689,1214000000,1221000000,0.00299835205078125,0.0001220703125,0.4805450439453125
39516997747,3149,1129289487,1214000000,1221000000,0.003246307373046875,0.00010585784912109375,0.5162334442138672
39516997747,4177,2508248411,1214000000,1221000000,0.003566741943359375,0.00011539459228515625,0.824798583984375
39516997747,3101,80681684425,1214000000,1221000000,0.002872467041015625,0.000110626220703125,0.2923431396484375
39516997747,4143,104791450691,1214000000,1221000000,0.00274658203125,0.00012683868408203125,0.3419370651245117
39516997747,2419,938847645,1214000000,1221000000,0.003635406494140625,9.918212890625e-05,0.05228424072265625
374780805995,1630,92040917322,1214000000,1221000000,0.104248046875,0.016326904296875,4.220123291015625
39516997747,3501,68671790797,1214000000,1221000000,0.002994537353515625,0.00011444091796875,0.2829170227050781
39516997747,2985,92079676401,1214000000,1221000000,0.002819061279296875,0.00012111663818359375,0.9261560440063477
39516997747,3433,4451111421,1214000000,1221000000,0.002315521240234375,0.0001068115234375,0.3221702575683594
39516997747,3072,23749154783,1214000000,1221000000,0.0035552978515625,0.000118255615234375,0.7971611022949219
39516997747,3456,158883532549,1214000000,1221000000,0.00269317626953125,0.0001277923583984375,0.7108840942382812
39516997747,3635,23744279779,1214000000,1221000000,0.0019016265869140625,0.0001163482666015625,0.36727142333984375
39516997747,2875,20736671,1214000000,1221000000,0.0025634765625,0.00010967254638671875,0.03742408752441406
39516997747,3295,574996032,1214000000,1221000000,0.003551483154296875,9.34600830078125e-05,0.4337482452392578
39516997747,3684,87859091491,1214000000,1221000000,0.00194549560546875,0.0001239776611328125,0.3186988830566406
39516997747,4265,35891733232,1214000000,1221000000,0.002201080322265625,0.00011444091796875,0.1945037841796875
39516997747,4128,68670252127,1214000000,1221000000,0.00344085693359375,0.00012493133544921875,1.023381233215332
39516997747,3905,1145827675,1214000000,1221000000,0.00365447998046875,0.00011539459228515625,1.1875104904174805
39516997747,2844,373578944034,1214000000,1221000000,0.00246429443359375,0.0001220703125,0.6155548095703125
39516997747,4280,360171534267,1214000000,1221000000,0.00359344482421875,0.00011539459228515625,0.2336568832397461
39516997747,3401,70519167337,1214000000,1221000000,0.00252532958984375,0.00012683868408203125,0.4269990921020508
39516997747,4219,1375606824,1214000000,1221000000,0.003704071044921875,0.00011444091796875,1.28302001953125
374911141136,1201,92175606071,1214000000,1221000000,0.004730224609375,0.0005235671997070312,0.7723073959350586
39516997747,3570,10879643483,1214000000,1221000000,0.00243377685546875,0.00012302398681640625,0.16107845306396484
39516997747,2628,33686738746,1214000000,1221000000,0.00205230712890625,0.000118255615234375,0.015193939208984375
39516997747,2954,92117675601,1214000000,1221000000,0.002849578857421875,0.0001201629638671875,0.6028575897216797
39516997747,2912,92035061455,1214000000,1221000000,0.002834320068359375,0.000118255615234375,0.2066802978515625
39516997747,4061,151920006,1214000000,1221000000,0.002941131591796875,0.0001049041748046875,0.7036342620849609
39516997747,4020,92054628892,1214000000,1221000000,0.003192901611328125,0.00012302398681640625,0.06963443756103516
39516997747,3714,35872260571,1214000000,1221000000,0.0025787353515625,0.0001239776611328125,0.20810890197753906
39516997747,2286,12748770831,1214000000,1221000000,0.00286102294921875,0.00011539459228515625,0.5417079925537109
39516997747,4239,573583076,1214000000,1221000000,0.003627777099609375,0.0001087188720703125,0.8108196258544922
39516997747,4002,74470258284,1214000000,1221000000,0.00321197509765625,0.0001277923583984375,0.2104053497314453
39516997747,2404,2957810441,1214000000,1221000000,0.00331878662109375,0.0001163482666015625,0.384735107421875
39516997747,4051,70526346099,1214000000,1221000000,0.00312042236328125,0.0001125335693359375,0.7920742034912109
39516997747,3517,1130932132,1214000000,1221000000,0.00284576416015625,0.0001163482666015625,0.66351318359375
39516997747,3328,571862395,1214000000,1221000000,0.002315521240234375,0.0001125335693359375,0.18696022033691406
330587238433,214,2960849506,1214000000,1221000000,0.0006418228149414062,0.0006418228149414062,0.26058006286621094
39516997747,3641,35881799493,1214000000,1221000000,0.003017425537109375,0.0001316070556640625,0.9037723541259766
39516997747,4008,92109380791,1214000000,1221000000,0.00251007080078125,0.00011730194091796875,0.3678321838378906
39516997747,4005,80677688855,1214000000,1221000000,0.00251007080078125,0.00010585784912109375,0.3296070098876953
39516997747,3834,128352036654,1214000000,1221000000,0.002193450927734375,0.00012302398681640625,0.1621532440185547
39516997747,2546,1375593981,1214000000,1221000000,0.003330230712890625,0.00010967254638671875,0.2889518737792969
39516997747,2963,21381317,1214000000,1221000000,0.002986907958984375,0.00011157989501953125,0.8025083541870117
39516997747,2938,1377672766,1214000000,1221000000,0.00250244140625,0.000110626220703125,0.29266357421875
39516997747,3560,2961061475,1214000000,1221000000,0.00276947021484375,0.0001087188720703125,0.3827991485595703
39516997747,3891,71970761936,1214000000,1221000000,0.0034332275390625,0.00012302398681640625,0.6223440170288086
39516997747,2534,20733622,1214000000,1221000000,0.00249481201171875,0.0001239776611328125,0.6782665252685547
39516997747,2558,92110463465,1214000000,1221000000,0.0032806396484375,0.0001201629638671875,0.5713348388671875
39516997747,2569,80221674978,1214000000,1221000000,0.003414154052734375,0.0001201629638671875,0.3216228485107422
39516997747,3912,1579499037,1214000000,1221000000,0.0020599365234375,0.000110626220703125,0.7596969604492188
39516997747,2600,289997069515,1214000000,1221000000,0.00278472900390625,0.000118255615234375,0.20320892333984375
372961233960,213,160131865529,1214000000,1221000000,0.023040771484375,0.00321197509765625,2.0214614868164062
39516997747,2479,4459153593,1214000000,1221000000,0.0032958984375,0.0001049041748046875,1.0712528228759766
330587303641,690,23748857350,1214000000,1218000000,0.00028324127197265625,5.817413330078125e-05,0.0409698486328125
39516997747,2577,25537786591,1214000000,1221000000,0.00269317626953125,0.0001277923583984375,0.4739227294921875
39516997747,3082,33154391584,1214000000,1221000000,0.003093719482421875,0.00011348724365234375,1.0776214599609375
39516997747,2451,360171534267,1214000000,1221000000,0.00356292724609375,0.00011348724365234375,0.900721549987793
39516997747,3552,35881266848,1214000000,1221000000,0.0028533935546875,0.0001220703125,0.1666259765625
39516997747,2572,92097109549,1214000000,1221000000,0.00356292724609375,0.00012111663818359375,1.1862621307373047
39516997747,2391,23859189340,1214000000,1221000000,0.0040283203125,0.00010776519775390625,0.9843883514404297
39516997747,2997,92130829829,1214000000,1221000000,0.003070831298828125,0.0001316070556640625,0.1793365478515625
39516997747,2434,35970004423,1214000000,1221000000,0.0023651123046875,0.00012683868408203125,0.06977462768554688
39516997747,2839,104791450691,1214000000,1221000000,0.002735137939453125,0.00012493133544921875,0.6806964874267578
39516997747,3020,219468848326,1214000000,1221000000,0.003231048583984375,0.000118255615234375,1.1253662109375
374911141136,723,6125779834,1214000000,1218000000,0.00018405914306640625,0.00013828277587890625,0.01934051513671875
374675861423,3747,24270881493,1214000000,1221000000,0.0010623931884765625,0.0013675689697265625,0.03401947021484375
330587152966,595,102979249967,1214000000,1221000000,0.06048583984375,0.010589599609375,22.388763427734375
39516997747,2486,92095611100,1214000000,1221000000,0.0013370513916015625,0.0001277923583984375,0.09228515625
330587115883,149,24273628608,1214000000,1221000000,0.1002197265625,0.0189208984375,0.833984375
39516997747,4274,1376084252,1214000000,1221000000,0.00308990478515625,0.0001201629638671875,0.7639961242675781
39516997747,3111,23859461312,1214000000,1221000000,0.0016384124755859375,0.0001125335693359375,0.5147781372070312
39516997747,2261,1185525524,1214000000,1221000000,0.002277374267578125,0.0001220703125,0.3527183532714844
39516997747,3023,3260114684,1214000000,1221000000,0.0029754638671875,0.0001087188720703125,0.4965534210205078
374675861423,5029,92040917322,1214000000,1221000000,0.0007238388061523438,0.001415252685546875,0.46418285369873047
39516997747,3400,143921629850,1214000000,1221000000,0.00238037109375,0.0001239776611328125,0.22789573669433594
39516997747,3034,360787912289,1214000000,1221000000,0.003078460693359375,0.000110626220703125,1.116180419921875
39516997747,2413,1376668382,1214000000,1221000000,0.00469970703125,0.00011444091796875,1.2805633544921875
39516997747,3425,939067339,1214000000,1221000000,0.00496673583984375,0.0001125335693359375,0.9955368041992188
39516997747,3172,1578739091,1214000000,1221000000,0.003063201904296875,0.00010395050048828125,1.0198230743408203
39516997747,3291,1131207249,1214000000,1221000000,0.003200531005859375,0.0001125335693359375,0.1623401641845703
39516997747,2723,4878302164,1214000000,1221000000,0.003292083740234375,0.0001068115234375,1.0468597412109375
39516997747,2276,1376330391,1214000000,1221000000,0.002765655517578125,0.0001068115234375,1.0053634643554688
39516997747,2995,92048758168,1214000000,1221000000,0.002986907958984375,0.0001163482666015625,0.9775257110595703
39516997747,3547,92115132711,1214000000,1221000000,0.002971649169921875,0.00011444091796875,0.30243682861328125
39516997747,4007,124330977828,1214000000,1221000000,0.00264739990234375,0.00011920928955078125,0.3292264938354492
39516997747,2828,68668555863,1214000000,1221000000,0.003063201904296875,0.00012493133544921875,0.9149942398071289
39516997747,2652,347673459803,1214000000,1221000000,0.003387451171875,0.00011730194091796875,0.6133317947387695
39516997747,2371,252939048,1214000000,1221000000,0.003261566162109375,0.0001087188720703125,0.5662078857421875
221558903053,2,74471366170,1214000000,1217000000,0.000514984130859375,0.0006284713745117188,0.04802513122558594
39516997747,3013,92174187584,1214000000,1221000000,0.003345489501953125,0.0001087188720703125,0.7012042999267578
39516997747,2808,104791499786,1214000000,1221000000,0.00371551513671875,0.00011444091796875,1.233245849609375
39516997747,3856,77442661451,1214000000,1221000000,0.002353668212890625,0.00011157989501953125,0.12079715728759766
39516997747,2337,105124502733,1214000000,1221000000,0.002933502197265625,0.0001220703125,0.38500213623046875
39516997747,3326,72609247679,1214000000,1221000000,0.00283050537109375,0.00011920928955078125,0.18583202362060547
39516997747,3373,21366202,1214000000,1221000000,0.003047943115234375,0.0001049041748046875,0.6179580688476562
39516997747,2335,143921247441,1214000000,1221000000,0.003021240234375,0.000118255615234375,0.8351058959960938
39516997747,3208,151920011,1214000000,1221000000,0.003070831298828125,0.00011348724365234375,0.9361896514892578
39516997747,3918,72030717520,1214000000,1221000000,0.003173828125,0.00011157989501953125,1.0119056701660156
39516997747,2234,25535794664,1214000000,1221000000,0.003589630126953125,0.0001125335693359375,0.3368968963623047
39516997747,3122,66704385816,1214000000,1221000000,0.0034027099609375,0.0001163482666015625,1.2070369720458984
39516997747,2539,1375616181,1214000000,1221000000,0.002696990966796875,0.00011730194091796875,0.2561006546020508
39516997747,2457,938904050,1214000000,1221000000,0.003070831298828125,0.00011157989501953125,0.4009838104248047
39516997747,2842,73750478789,1214000000,1221000000,0.00333404541015625,0.00012302398681640625,0.7501840591430664
39516997747,3532,21178085,1214000000,1221000000,0.003330230712890625,0.00011348724365234375,0.09642410278320312
39516997747,2976,21285496,1214000000,1221000000,0.003322601318359375,0.00010776519775390625,0.16808795928955078
39516997747,3071,21392415,1214000000,1221000000,0.0031585693359375,0.00011348724365234375,0.04580879211425781
39516997747,2951,92109755717,1214000000,1221000000,0.003269195556640625,0.00011730194091796875,0.5215206146240234
330587133435,618,182860483662,1214000000,1221000000,0.019012451171875,0.0078582763671875,5.8309478759765625
39516997747,2299,104791627994,1214000000,1221000000,0.0028839111328125,0.00012302398681640625,0.2525825500488281
39516997747,3089,4674016823,1214000000,1221000000,0.003505706787109375,0.00011157989501953125,0.9875192642211914
39516997747,2911,80678690089,1214000000,1221000000,0.00286865234375,0.00013446807861328125,0.693720817565918
39516997747,2264,1375388634,1214000000,1221000000,0.00428009033203125,0.000102996826171875,0.49090576171875
39516997747,2357,374248558102,1214000000,1221000000,0.0030364990234375,0.00011730194091796875,0.08830642700195312
374675956470,4698,182860483662,1214000000,1221000000,0.0009918212890625,0.001514434814453125,0.8245582580566406
39516997747,3496,70528930151,1214000000,1221000000,0.003314971923828125,0.00012493133544921875,0.890934944152832
330587110827,687,24270907240,1214000000,1221000000,0.1014404296875,0.018402099609375,15.10015869140625
330587115883,120,23773698428,1214000000,1216000000,4.76837158203125e-06,0.00011539459228515625,0.011775970458984375
374675956470,3896,24270689586,1214000000,1221000000,0.0009603500366210938,0.0015316009521484375,0.01744365692138672
39516997747,2915,32981858613,1214000000,1221000000,0.0037841796875,0.00011539459228515625,0.6278314590454102
39516997747,3619,29430401196,1214000000,1221000000,0.00330352783203125,0.0001068115234375,0.8116607666015625
39516997747,4017,92005046350,1214000000,1221000000,0.003864288330078125,0.000118255615234375,0.1393890380859375
39516997747,2627,23859189345,1214000000,1221000000,0.00311279296875,0.00011444091796875,1.0843505859375
39516997747,4230,20741527,1214000000,1221000000,0.0020751953125,0.0001068115234375,0.06109619140625
39516997747,3663,23744692375,1214000000,1221000000,0.002986907958984375,0.0001163482666015625,0.7602977752685547
39516997747,4068,35970856688,1214000000,1221000000,0.0032501220703125,0.000110626220703125,0.37640380859375
39516997747,2972,92003292957,1214000000,1221000000,0.0033416748046875,0.00010967254638671875,0.6039857864379883
39516997747,3830,44499257564,1214000000,1221000000,0.0022735595703125,0.0001163482666015625,0.06691741943359375
39516997747,4102,1580185731,1214000000,1221000000,0.00212860107421875,0.0001068115234375,0.500732421875
39516997747,2936,92057665874,1214000000,1221000000,0.00286865234375,0.0001277923583984375,0.7970542907714844
39516997747,2312,104791499780,1214000000,1221000000,0.003345489501953125,0.00012111663818359375,1.0677146911621094
330587222908,455,70525363550,1214000000,1221000000,0.002811431884765625,0.0008554458618164062,0.9753894805908203
39516997747,3660,92160570272,1214000000,1221000000,0.00327301025390625,0.0001049041748046875,0.11822700500488281
39516997747,3796,1715704717,1214000000,1221000000,0.00231170654296875,0.0001087188720703125,0.3219165802001953
39516997747,3006,244811738458,1214000000,1221000000,0.0039520263671875,0.00011444091796875,1.0816802978515625
374911141136,665,55044729754,1214000000,1218000000,0.0003299713134765625,2.6702880859375e-05,0.01569366455078125
374675861423,3710,24270689586,1214000000,1221000000,0.00124359130859375,0.00148773193359375,0.38238525390625
39516997747,2598,25536549975,1214000000,1221000000,0.003246307373046875,0.0001220703125,0.6602020263671875
39516997747,3353,20973863,1214000000,1221000000,0.002704620361328125,0.00011920928955078125,0.19766807556152344
330587222908,621,330603073272,1214000000,1221000000,0.00241851806640625,0.000865936279296875,0.13794708251953125
39516997747,3537,92090655742,1214000000,1221000000,0.0025177001953125,0.0001087188720703125,0.8640918731689453
330587138493,411,21242379,1214000000,1221000000,0.017364501953125,0.0063323974609375,4.1469573974609375
39516997747,2439,23859500512,1214000000,1221000000,0.0028228759765625,0.00012111663818359375,0.8243179321289062
39516997747,3391,35872325833,1214000000,1221000000,0.00238037109375,0.00011730194091796875,0.2972230911254883
39516997747,2523,86170561010,1214000000,1221000000,0.00310516357421875,0.000118255615234375,0.04512786865234375
39516997747,3114,1128627207,1214000000,1221000000,0.0028839111328125,0.00011539459228515625,0.4199028015136719
39516997747,2629,92051333811,1214000000,1221000000,0.003337860107421875,0.0001163482666015625,0.48358917236328125
39516997747,3139,102892902667,1214000000,1221000000,0.0028228759765625,0.00012493133544921875,0.5571355819702148
39516997747,2499,21421071,1214000000,1221000000,0.00272369384765625,0.0001125335693359375,0.25809669494628906
39516997747,3806,303781620835,1214000000,1221000000,0.00400543212890625,0.0001125335693359375,0.6918182373046875
39516997747,2858,1377139848,1214000000,1221000000,0.002704620361328125,0.00011920928955078125,0.5930042266845703
39516997747,4167,45440466231,1214000000,1221000000,0.003749847412109375,0.00010776519775390625,0.9451150894165039
330587141000,485,102892828004,1214000000,1221000000,0.23828125,0.020538330078125,85.15164184570312
39516997747,2382,289978794527,1214000000,1221000000,0.00247955322265625,0.0001125335693359375,0.8890857696533203
374911141136,1295,2449650342,1214000000,1221000000,0.00634765625,0.0007162094116210938,0.14834117889404297
39516997747,3367,32973637408,1214000000,1221000000,0.002597808837890625,0.00010776519775390625,0.45453643798828125
39516997747,2764,938905130,1214000000,1221000000,0.00255584716796875,0.0001087188720703125,0.27977943420410156
39516997747,3764,290350147225,1214000000,1221000000,0.003025054931640625,0.0001163482666015625,0.1539287567138672
39516997747,3147,358258071961,1214000000,1221000000,0.002849578857421875,0.00012969970703125,0.20854949951171875
39516997747,3584,5139670962,1214000000,1221000000,0.003124237060546875,0.0001049041748046875,0.9945755004882812
39516997747,2536,82403626324,1214000000,1221000000,0.002899169921875,0.0001239776611328125,0.3809165954589844
39516997747,3984,92043472820,1214000000,1221000000,0.00323486328125,0.00012683868408203125,1.0354042053222656
39516997747,3219,71969895639,1214000000,1221000000,0.0018157958984375,0.00012683868408203125,0.31276416778564453
39516997747,4076,1376524359,1214000000,1221000000,0.002399444580078125,0.00010585784912109375,0.8067073822021484
39516997747,2548,20744586,1214000000,1221000000,0.00379180908203125,0.00010776519775390625,1.146474838256836
39516997747,3085,36217854895,1214000000,1221000000,0.003444671630859375,0.0001087188720703125,1.0446968078613281
39516997747,3284,23353569,1214000000,1221000000,0.0031890869140625,0.0001068115234375,0.1614990234375
330587110827,347,22930760,1214000000,1221000000,0.0726318359375,0.015899658203125,21.07049560546875
39516997747,2891,23866339123,1214000000,1221000000,0.00278472900390625,0.00012302398681640625,0.3867311477661133
39516997747,3189,1128625579,1214000000,1221000000,0.002269744873046875,0.0001163482666015625,0.3674583435058594
39516997747,4175,938905380,1214000000,1221000000,0.00244140625,0.0001087188720703125,0.8211402893066406
39516997747,3642,92090595793,1214000000,1221000000,0.0029754638671875,0.00011444091796875,0.23792266845703125
330587135936,53,23624316368,1214000000,1221000000,0.12841796875,0.018341064453125,9.245819091796875
39516997747,2560,4451430231,1214000000,1221000000,0.002666473388671875,0.00010776519775390625,0.46607208251953125
39516997747,3957,84774793960,1214000000,1221000000,0.003849029541015625,0.00010967254638671875,0.13855457305908203
39516997747,4062,494811204,1214000000,1221000000,0.003070831298828125,0.0001068115234375,0.6005744934082031
39516997747,3902,72033721783,1214000000,1221000000,0.003200531005859375,0.00011920928955078125,0.9760036468505859
375003929494,112,72046213533,1214000000,1221000000,0.0084228515625,0.00102996826171875,0.794036865234375
39516997747,3632,92122940664,1214000000,1221000000,0.003406524658203125,0.00011539459228515625,1.1833648681640625
39516997747,2948,91993732739,1214000000,1221000000,0.00293731689453125,0.00011539459228515625,0.8120212554931641
374911141136,624,104792326078,1214000000,1221000000,0.001251220703125,0.00041294097900390625,0.1048421859741211
39516997747,4056,108566485093,1214000000,1221000000,0.0023040771484375,0.00012302398681640625,0.16989707946777344
39516997747,3707,92053407079,1214000000,1221000000,0.003376007080078125,0.00011920928955078125,0.8807945251464844
39516997747,3283,23621061446,1214000000,1221000000,0.002864837646484375,0.000110626220703125,0.458221435546875
374998570241,140,1579462344,1214000000,1221000000,0.0126495361328125,0.0007066726684570312,2.8982973098754883
39516997747,4210,30684124,1214000000,1221000000,0.0030364990234375,0.000110626220703125,0.4626274108886719
39516997747,2435,373887491637,1214000000,1221000000,0.002361297607421875,0.0001220703125,0.8170280456542969
39516997747,2812,105124038734,1214000000,1221000000,0.002674102783203125,0.0001087188720703125,0.9739875793457031
39516997747,3846,22458989251,1214000000,1221000000,0.003204345703125,0.0001068115234375,0.7648773193359375
39516997747,4018,92071631240,1214000000,1221000000,0.002452850341796875,0.000125885009765625,0.0180511474609375
39516997747,3078,92005174092,1214000000,1221000000,0.0013885498046875,0.00012302398681640625,0.32801151275634766
39516997747,2933,92131698171,1214000000,1221000000,0.0019245147705078125,0.000118255615234375,0.5719757080078125
39516997747,2444,45440989712,1214000000,1221000000,0.0034942626953125,0.0001068115234375,0.806640625
39516997747,3659,92067871330,1214000000,1221000000,0.00286102294921875,0.00012874603271484375,0.941777229309082
39516997747,3368,70335681461,1214000000,1221000000,0.003528594970703125,0.000118255615234375,0.4339752197265625
39516997747,2928,36036944450,1214000000,1221000000,0.003021240234375,0.0001220703125,0.990142822265625
330587125888,310,104792326078,1214000000,1221000000,0.04608154296875,0.00982666015625,6.26171875
39516997747,3062,62157277,1214000000,1221000000,0.0040740966796875,0.000110626220703125,0.41010284423828125
39516997747,4164,20736710,1214000000,1221000000,0.003292083740234375,0.0001201629638671875,0.09554290771484375
39516997747,2618,35872187585,1214000000,1221000000,0.00337982177734375,0.00012493133544921875,0.5397319793701172
39516997747,2571,92034724115,1214000000,1221000000,0.003070831298828125,0.00012111663818359375,0.3574981689453125
39516997747,3565,92031251261,1214000000,1221000000,0.002819061279296875,0.00012683868408203125,0.5361537933349609
39516997747,4159,86192099803,1214000000,1221000000,0.002407073974609375,0.00012111663818359375,0.42473602294921875
39516997747,3264,25542690792,1214000000,1221000000,0.002849578857421875,0.0001125335693359375,1.0160045623779297
39516997747,3583,20736723,1214000000,1221000000,0.003780364990234375,0.00010776519775390625,0.3266029357910156
374780805995,428,24271004241,1214000000,1221000000,0.05126953125,0.0131378173828125,5.41021728515625
39516997747,4044,74468677922,1214000000,1221000000,0.004791259765625,0.00013065338134765625,1.1714153289794922
39516997747,2885,1988415403,1214000000,1221000000,0.0040435791015625,0.000102996826171875,0.08707809448242188
39516997747,3637,350235488917,1214000000,1221000000,0.00311279296875,0.000102996826171875,0.0900421142578125
39516997747,3076,23749134954,1214000000,1221000000,0.00302886962890625,0.00010204315185546875,0.3506622314453125
39516997747,3681,1375389357,1214000000,1221000000,0.0028533935546875,0.00011157989501953125,0.9339666366577148
39516997747,4148,96915267423,1214000000,1221000000,0.0032806396484375,0.0001163482666015625,0.380462646484375
39516997747,3009,92034724116,1214000000,1221000000,0.002918243408203125,0.0001220703125,0.46820831298828125
39516997747,2701,9585641822,1214000000,1221000000,0.003299713134765625,0.0001125335693359375,0.3105144500732422
39516997747,2592,92169344628,1214000000,1221000000,0.003143310546875,0.00011539459228515625,0.3421640396118164
39516997747,4195,20736882,1214000000,1221000000,0.003688812255859375,0.00011539459228515625,1.0119190216064453
39516997747,2415,25950693733,1214000000,1221000000,0.002147674560546875,0.00011157989501953125,0.09488868713378906
39516997747,3822,1377264631,1214000000,1221000000,0.0031585693359375,0.00010776519775390625,1.028895378112793
39516997747,2566,23859751536,1214000000,1221000000,0.002620697021484375,0.0001125335693359375,0.7653045654296875
371808627837,124,4450820797,1214000000,1221000000,0.0418701171875,0.003643035888671875,15.929603576660156
39516997747,3862,21284377,1214000000,1221000000,0.002044677734375,0.00011539459228515625,0.6804227828979492
39516997747,2278,2960942057,1214000000,1221000000,0.00383758544921875,9.918212890625e-05,0.744049072265625
39516997747,3988,2960952017,1214000000,1221000000,0.00299072265625,0.0001049041748046875,0.1733551025390625
39516997747,2765,32979660690,1214000000,1221000000,0.001682281494140625,0.00010585784912109375,0.012516975402832031
39516997747,4236,2448138632,1214000000,1221000000,0.00281524658203125,0.0001087188720703125,0.4912261962890625
39516997747,4125,70550638922,1214000000,1221000000,0.002880096435546875,0.00012111663818359375,0.08403396606445312
39516997747,3447,938980718,1214000000,1221000000,0.00238800048828125,0.00011444091796875,0.5255126953125
39516997747,3995,92126416027,1214000000,1221000000,0.003253936767578125,0.00011920928955078125,0.6139125823974609
39516997747,3739,23859331092,1214000000,1221000000,0.00455474853515625,0.00011539459228515625,0.621129035949707
39516997747,2639,23624115071,1214000000,1221000000,0.00177764892578125,0.00011730194091796875,0.49079227447509766
39516997747,3585,20738137,1214000000,1221000000,0.0036773681640625,0.0001277923583984375,0.5060863494873047
39516997747,3758,92154151282,1214000000,1221000000,0.00351715087890625,0.0001201629638671875,0.5856075286865234
39516997747,3017,92106681240,1214000000,1221000000,0.003143310546875,0.00011539459228515625,0.15967655181884766
39516997747,2981,35873176992,1214000000,1221000000,0.003520965576171875,0.00011730194091796875,0.25467872619628906
39516997747,4259,20736642,1214000000,1221000000,0.00293731689453125,0.000102996826171875,0.5320549011230469
39516997747,3868,2510001925,1214000000,1221000000,0.00310516357421875,0.0001125335693359375,0.27028656005859375
39516997747,3151,151932048,1214000000,1221000000,0.003345489501953125,0.00010013580322265625,0.21707439422607422
39516997747,2573,20736911,1214000000,1221000000,0.00228118896484375,0.0001125335693359375,0.3853893280029297
39516997747,3946,3097830689,1214000000,1221000000,0.0029144287109375,0.00010967254638671875,0.9525918960571289
330587120885,87,114484378125,1214000000,1221000000,0.0972900390625,0.020599365234375,8.25225830078125
39516997747,3059,86176032098,1214000000,1221000000,0.003204345703125,0.00011348724365234375,0.627070426940918
374911141136,1330,92057637848,1214000000,1221000000,0.00420379638671875,0.0005130767822265625,0.7924346923828125
39516997747,3509,69034471956,1214000000,1221000000,0.0030670166015625,0.000110626220703125,1.0009574890136719
39516997747,3437,1377352749,1214000000,1221000000,0.0025177001953125,0.0001049041748046875,0.6058216094970703
39516997747,3411,33687010791,1214000000,1221000000,0.00231170654296875,0.0001163482666015625,0.5778770446777344
39516997747,2778,36220634772,1214000000,1221000000,0.003429412841796875,0.0001163482666015625,0.1985626220703125
39516997747,2537,20737099,1214000000,1221000000,0.003131866455078125,0.0001163482666015625,0.5457000732421875
374675956470,3842,182860483662,1214000000,1221000000,0.00150299072265625,0.0015010833740234375,0.8201122283935547
39516997747,3590,72645895026,1214000000,1221000000,0.0029144287109375,0.00012111663818359375,0.3824787139892578
39516997747,2724,1145788567,1214000000,1221000000,0.00327301025390625,0.00011539459228515625,0.2846260070800781
39516997747,3325,21284368,1214000000,1221000000,0.003261566162109375,0.0001068115234375,0.943145751953125
39516997747,3333,21307911,1214000000,1221000000,0.003170013427734375,0.00011920928955078125,0.8749332427978516
39516997747,2458,96915425371,1214000000,1221000000,0.0014209747314453125,0.00012302398681640625,0.054039955139160156
39516997747,2308,104792130855,1214000000,1221000000,0.0030364990234375,0.00011920928955078125,0.5964288711547852
39516997747,3414,21246715,1214000000,1221000000,0.002712249755859375,0.0001163482666015625,0.9306087493896484
39516997747,3141,1945368203,1214000000,1221000000,0.003078460693359375,0.00010776519775390625,0.3568572998046875
39516997747,3035,33154052460,1214000000,1221000000,0.003871917724609375,0.00010585784912109375,0.3341331481933594
330587108283,428,96916399650,1214000000,1216000000,1.9073486328125e-06,0.00012302398681640625,0.0062465667724609375
39516997747,3271,289093509682,1214000000,1221000000,0.002346038818359375,0.00011444091796875,0.3961372375488281
39516997747,3909,151828875,1214000000,1221000000,0.0027923583984375,0.0001068115234375,0.60882568359375
39516997747,3649,20736910,1214000000,1221000000,0.0034332275390625,0.00012493133544921875,0.7223062515258789
39516997747,3199,1129143042,1214000000,1221000000,0.003253936767578125,0.00011348724365234375,0.8250188827514648
39516997747,2525,2960080993,1214000000,1221000000,0.003475189208984375,0.00012111663818359375,0.02517414093017578
330587125888,44,24270881493,1214000000,1221000000,0.025146484375,0.0077362060546875,0.460357666015625
39516997747,3679,92035061456,1214000000,1221000000,0.003063201904296875,0.0001277923583984375,0.24570655822753906
375007040294,0,92035061455,1214000000,1221000000,0.164794921875,0.002166748046875,15.193511962890625
39516997747,2923,92146381113,1214000000,1221000000,0.00328826904296875,0.00011444091796875,0.66693115234375
330587165471,640,35872480906,1214000000,1221000000,0.0238037109375,0.00780487060546875,7.744102478027344
330587141000,686,92004492241,1214000000,1221000000,0.0692138671875,0.021759033203125,25.472412109375
39516997747,4101,22459238486,1214000000,1221000000,0.002933502197265625,0.00010967254638671875,0.3195333480834961
39516997747,3130,71842863100,1214000000,1221000000,0.002742767333984375,0.000118255615234375,0.5407333374023438
330587135936,279,102893244769,1214000000,1216000000,1.9073486328125e-06,0.0003871917724609375,0.010894775390625
39516997747,2330,104792041700,1214000000,1221000000,0.00321197509765625,0.00011539459228515625,0.9549551010131836
39516997747,3398,96915507302,1214000000,1221000000,0.002338409423828125,0.00012302398681640625,0.6202812194824219
39516997747,2664,574465775,1214000000,1221000000,0.002971649169921875,0.00011444091796875,0.7128868103027344
39516997747,3052,20737110,1214000000,1221000000,0.003368377685546875,0.00011730194091796875,0.3659963607788086
39516997747,2453,20737074,1214000000,1221000000,0.0025482177734375,0.00010967254638671875,0.39070987701416016
330587115883,46,80670186999,1214000000,1216000000,4.76837158203125e-06,0.0001125335693359375,0.008211135864257812
39516997747,3187,2457882573,1214000000,1221000000,0.0034942626953125,0.0001201629638671875,0.6325244903564453
39516997747,3292,349527821901,1214000000,1221000000,0.0016918182373046875,0.0001163482666015625,0.26580047607421875
39516997747,2771,45428840029,1214000000,1221000000,0.0025482177734375,0.00011730194091796875,0.11195182800292969
39516997747,3435,4459198729,1214000000,1221000000,0.002544403076171875,0.00010585784912109375,0.14841461181640625
39516997747,3981,23744543975,1214000000,1221000000,0.002727508544921875,0.00011539459228515625,0.5771093368530273
39516997747,3817,1128087483,1214000000,1221000000,0.003086090087890625,0.00011920928955078125,0.6731128692626953
39516997747,2604,20736675,1214000000,1221000000,0.003032684326171875,0.0001049041748046875,0.4172992706298828
39516997747,4198,21372307,1214000000,1221000000,0.003429412841796875,0.000110626220703125,0.29736328125
39516997747,3677,2958264233,1214000000,1221000000,0.002872467041015625,0.00011539459228515625,0.983006477355957
39516997747,3801,73005127120,1214000000,1221000000,0.00323486328125,0.00011348724365234375,0.6797151565551758
374911141136,913,1579722660,1214000000,1221000000,0.0009613037109375,0.0003757476806640625,0.2807807922363281
39516997747,2268,23749096590,1214000000,1221000000,0.00290679931640625,0.0001125335693359375,0.9510898590087891
330587204926,8,105123430415,1214000000,1221000000,0.00226593017578125,0.0008783340454101562,0.28612804412841797
39516997747,4163,96914493816,1214000000,1221000000,0.00319671630859375,0.0001316070556640625,0.8620357513427734
39516997747,4115,104791499788,1214000000,1221000000,0.00403594970703125,0.00011348724365234375,1.1618423461914062
39516997747,2615,92178472972,1214000000,1221000000,0.0032501220703125,0.0001201629638671875,0.7313518524169922
39516997747,2761,77439989871,1214000000,1221000000,0.0030975341796875,0.00011157989501953125,0.8311605453491211
39516997747,3256,23624317800,1214000000,1221000000,0.003631591796875,0.00011157989501953125,1.2839078903198242
39516997747,2568,92115051344,1214000000,1221000000,0.002716064453125,0.000133514404296875,0.5585174560546875
39516997747,3582,92097052846,1214000000,1221000000,0.00218963623046875,0.000118255615234375,0.6138992309570312
39516997747,2871,4458998735,1214000000,1221000000,0.003063201904296875,0.0001087188720703125,0.6216964721679688
39516997747,2790,151918274,1214000000,1221000000,0.003070831298828125,0.00012302398681640625,0.04471397399902344
39516997747,4042,94979501993,1214000000,1221000000,0.003116607666015625,0.00011539459228515625,0.38460826873779297
39516997747,2510,92136995832,1214000000,1221000000,0.00333404541015625,0.0001163482666015625,0.5072078704833984
39516997747,2542,20744602,1214000000,1221000000,0.00354766845703125,0.0001087188720703125,0.9981937408447266
39516997747,2730,1145857191,1214000000,1221000000,0.002941131591796875,0.00011444091796875,0.7913932800292969
39516997747,2796,104792326080,1214000000,1221000000,0.00321197509765625,0.0001220703125,0.0466766357421875
39516997747,2240,104792344439,1214000000,1221000000,0.002780914306640625,0.0001220703125,0.14224624633789062
39516997747,3710,2448160091,1214000000,1221000000,0.003475189208984375,0.0001125335693359375,0.5273952484130859
39516997747,3490,373220226720,1214000000,1221000000,0.003276824951171875,0.00012302398681640625,0.4759788513183594
39516997747,3762,92175547857,1214000000,1221000000,0.003215789794921875,0.00012493133544921875,0.2572355270385742
39516997747,3244,1146243260,1214000000,1221000000,0.002727508544921875,0.00010776519775390625,0.8137235641479492
39516997747,3694,4459193357,1214000000,1221000000,0.00251007080078125,0.000110626220703125,0.8071746826171875
39516997747,2448,151929028,1214000000,1221000000,0.00299835205078125,0.00010776519775390625,0.9566841125488281
39516997747,2498,86171103177,1214000000,1221000000,0.00292205810546875,0.00012111663818359375,0.21302223205566406
39516997747,4165,104791526315,1214000000,1221000000,0.003261566162109375,0.00012683868408203125,0.18975067138671875
39516997747,3171,44591936371,1214000000,1221000000,0.003238677978515625,0.00010776519775390625,1.1009798049926758
39516997747,2998,4915088727,1214000000,1221000000,0.00376129150390625,0.00011539459228515625,1.058335304260254
39516997747,3417,2449464111,1214000000,1221000000,0.002620697021484375,0.00010967254638671875,0.019112586975097656
39516997747,2895,1375476795,1214000000,1221000000,0.003650665283203125,0.00010585784912109375,0.8940525054931641
374780805995,1569,114484378125,1214000000,1221000000,0.132080078125,0.01495361328125,12.350830078125
39516997747,3235,344686665000,1214000000,1221000000,0.00327301025390625,0.00011348724365234375,1.1852741241455078
39516997747,2459,86199861492,1214000000,1221000000,0.002750396728515625,0.000125885009765625,0.3624114990234375
39516997747,3959,1639288432,1214000000,1221000000,0.00323486328125,0.0001068115234375,1.122802734375
39516997747,3717,1377352809,1214000000,1221000000,0.00344085693359375,0.00011539459228515625,0.09957504272460938
39516997747,4035,91994360125,1214000000,1221000000,0.003505706787109375,0.00012969970703125,1.2723922729492188
39516997747,3024,1375509253,1214000000,1221000000,0.002773284912109375,0.00011730194091796875,0.748661994934082
39516997747,3280,2455870928,1214000000,1221000000,0.003208160400390625,0.00011157989501953125,0.3020963668823242
39516997747,4152,373578944034,1214000000,1221000000,0.00251007080078125,0.00012302398681640625,0.49765491485595703
39516997747,3866,22671475,1214000000,1221000000,0.003040313720703125,9.822845458984375e-05,0.41742610931396484
330587170473,165,102991260412,1214000000,1221000000,0.05804443359375,0.016448974609375,1.04290771484375
374837218396,193,23744702652,1214000000,1221000000,0.00321197509765625,0.0010547637939453125,0.6272106170654297
39516997747,3450,151849089,1214000000,1221000000,0.002819061279296875,0.00011539459228515625,0.1027059555053711
330587240934,10,71979436994,1214000000,1221000000,0.04840087890625,0.015045166015625,6.21771240234375
39516997747,4266,23353657,1214000000,1221000000,0.00382232666015625,9.918212890625e-05,1.0980224609375
39516997747,2464,86281788310,1214000000,1221000000,0.00331878662109375,0.00010013580322265625,0.9812307357788086
39516997747,2870,91999425502,1214000000,1221000000,0.002880096435546875,0.00011444091796875,0.06288528442382812
39516997747,2643,62182489781,1214000000,1221000000,0.003124237060546875,0.0001163482666015625,0.7032070159912109
39516997747,2304,68670252127,1214000000,1221000000,0.0034027099609375,0.00011539459228515625,0.9604425430297852
39516997747,3643,33683235406,1214000000,1221000000,0.0019474029541015625,0.000125885009765625,0.3337993621826172
39516997747,3092,35971014419,1214000000,1221000000,0.003002166748046875,0.00012111663818359375,0.4591226577758789
39516997747,2305,80220127226,1214000000,1221000000,0.003536224365234375,0.0001087188720703125,0.81646728515625
39516997747,3671,20738133,1214000000,1221000000,0.003570556640625,0.00010967254638671875,1.0304641723632812
39516997747,2793,373216072949,1214000000,1221000000,0.003643035888671875,0.00010776519775390625,0.5513677597045898
39516997747,2490,35882268230,1214000000,1221000000,0.00273895263671875,0.00011157989501953125,0.33921337127685547
39516997747,2410,494897526,1214000000,1221000000,0.00345611572265625,0.0001316070556640625,1.1050186157226562
330587150465,350,373220204175,1214000000,1221000000,0.05230712890625,0.012115478515625,18.038330078125
39516997747,3515,104790977216,1214000000,1221000000,0.002979278564453125,0.00012493133544921875,0.586695671081543
39516997747,3674,247574091553,1214000000,1221000000,0.00461578369140625,0.00011348724365234375,1.257986068725586
39516997747,3012,20736919,1214000000,1221000000,0.003421783447265625,0.00010776519775390625,0.6917915344238281
39516997747,3623,574717124,1214000000,1221000000,0.00292205810546875,0.00011539459228515625,0.23388385772705078
39516997747,3177,1130931108,1214000000,1221000000,0.00331878662109375,0.00010776519775390625,0.4557313919067383
374675861423,4331,24270689586,1214000000,1221000000,0.000858306884765625,0.0014476776123046875,0.774810791015625
39516997747,2930,21372219,1214000000,1221000000,0.003398895263671875,0.00011730194091796875,0.6399478912353516
39516997747,4122,373217123542,1214000000,1221000000,0.00327301025390625,0.0001277923583984375,0.5951404571533203
39516997747,3461,250619320206,1214000000,1221000000,0.00339508056640625,0.00011444091796875,0.810699462890625
39516997747,4014,92172598637,1214000000,1221000000,0.0034027099609375,0.0001201629638671875,0.7644634246826172
39516997747,4129,93509436726,1214000000,1221000000,0.002399444580078125,0.00013256072998046875,0.5848932266235352
39516997747,3625,1376400793,1214000000,1221000000,0.00321197509765625,0.00011348724365234375,0.6285123825073242
39516997747,3297,71877064807,1214000000,1221000000,0.003170013427734375,0.0001163482666015625,0.16103172302246094
330587120885,54,22265819,1214000000,1221000000,0.05426025390625,0.0145111083984375,7.702392578125
39516997747,4279,20737074,1214000000,1221000000,0.00261688232421875,0.00010585784912109375,0.22871017456054688
39516997747,2833,96915582434,1214000000,1221000000,0.00341796875,0.0001049041748046875,0.024660110473632812
374675861423,2777,24270881493,1214000000,1221000000,0.0010986328125,0.0015106201171875,0.0913238525390625
39516997747,3116,35892995089,1214000000,1221000000,0.003025054931640625,0.000118255615234375,0.04400634765625
39516997747,2874,494926207,1214000000,1221000000,0.003345489501953125,0.00010967254638671875,0.4837226867675781
374676035973,1526,20741520,1214000000,1221000000,0.026214599609375,0.0010585784912109375,7.445577621459961
39516997747,2351,4878303794,1214000000,1221000000,0.003749847412109375,0.00011348724365234375,0.02704334259033203
39516997747,2266,33686553203,1214000000,1221000000,0.002338409423828125,0.00011444091796875,0.7211380004882812
39516997747,4205,71877417233,1214000000,1221000000,0.002468109130859375,0.0001239776611328125,0.4536151885986328
39516997747,3026,311597849869,1214000000,1221000000,0.003177642822265625,0.00011444091796875,0.8296051025390625
39516997747,3112,71978550011,1214000000,1221000000,0.00321197509765625,0.00011539459228515625,0.2562074661254883
39516997747,3672,86173835327,1214000000,1221000000,0.0027008056640625,0.000125885009765625,0.059360504150390625
374780791765,141,104807775059,1214000000,1221000000,0.105224609375,0.0169677734375,24.8050537109375
39516997747,3608,938957905,1214000000,1221000000,0.0040435791015625,0.00010967254638671875,0.1744365692138672
39516997747,3693,362886187557,1214000000,1221000000,0.00235748291015625,0.00010967254638671875,0.6044530868530273
39516997747,3438,23859822165,1214000000,1221000000,0.002704620361328125,0.00011157989501953125,0.7491092681884766
39516997747,4184,332800781106,1214000000,1221000000,0.003032684326171875,0.000110626220703125,1.01214599609375
39516997747,2517,311879848756,1214000000,1221000000,0.003070831298828125,0.0001239776611328125,0.26836395263671875
39516997747,3705,23749184632,1214000000,1221000000,0.003162384033203125,0.00011730194091796875,0.3673248291015625
39516997747,3096,35971862466,1214000000,1221000000,0.0015106201171875,0.00010776519775390625,0.2039165496826172
39516997747,4023,92070984234,1214000000,1221000000,0.00310516357421875,0.00012683868408203125,0.4298563003540039
39516997747,2450,10879050493,1214000000,1221000000,0.003185272216796875,0.00011730194091796875,0.7628946304321289
39516997747,3668,92768602789,1214000000,1221000000,0.003437042236328125,0.0001201629638671875,0.14940261840820312
39516997747,2794,92104390606,1214000000,1221000000,0.00273895263671875,0.00011920928955078125,1.000356674194336
39516997747,2273,70600359027,1214000000,1221000000,0.00201416015625,0.0001201629638671875,0.5826702117919922
39516997747,4212,20737072,1214000000,1221000000,0.002941131591796875,0.0001087188720703125,0.7045154571533203
39516997747,2760,21378223,1214000000,1221000000,0.002696990966796875,0.0001163482666015625,0.8271217346191406
39516997747,3516,73751257933,1214000000,1221000000,0.00299835205078125,0.00012493133544921875,0.06558895111083984
39516997747,3129,373223557878,1214000000,1221000000,0.002727508544921875,0.0001163482666015625,0.039813995361328125
39516997747,2832,104790859129,1214000000,1221000000,0.00243377685546875,0.00011730194091796875,0.16071796417236328
39516997747,4172,1129261687,1214000000,1221000000,0.00234222412109375,0.000110626220703125,0.6009483337402344
39516997747,2897,25536644485,1214000000,1221000000,0.00238037109375,0.0001220703125,0.26275634765625
39516997747,3630,92036502051,1214000000,1221000000,0.002773284912109375,0.00013065338134765625,0.36589622497558594
39516997747,2926,10879065829,1214000000,1221000000,0.003772735595703125,0.00011157989501953125,0.21752166748046875
39516997747,2235,36221387676,1214000000,1221000000,0.0023956298828125,0.00010585784912109375,0.1575937271118164
39516997747,3749,1145788568,1214000000,1221000000,0.002552032470703125,0.00011157989501953125,0.6525850296020508
39516997747,3327,25543511100,1214000000,1221000000,0.00347137451171875,0.00011157989501953125,0.827662467956543
39516997747,3699,23749111795,1214000000,1221000000,0.00342559814453125,0.000110626220703125,0.6683464050292969
39516997747,3404,20744606,1214000000,1221000000,0.0030670166015625,0.00011539459228515625,0.8687982559204102
39516997747,3669,4451370258,1214000000,1221000000,0.002086639404296875,0.000118255615234375,0.185211181640625
39516997747,3281,21296948,1214000000,1221000000,0.002849578857421875,0.00010776519775390625,0.9936676025390625
39516997747,3399,70518854283,1214000000,1221000000,0.003589630126953125,0.0001163482666015625,1.2711505889892578
39516997747,3364,21378228,1214000000,1221000000,0.003047943115234375,0.00010967254638671875,0.3536529541015625
39516997747,2389,92118792691,1214000000,1221000000,0.003108978271484375,0.00011444091796875,0.36102294921875
330587118384,638,182860483662,1214000000,1221000000,0.0843505859375,0.010223388671875,17.21246337890625
39516997747,2994,21531937,1214000000,1221000000,0.002544403076171875,0.00010967254638671875,0.6874055862426758
39516997747,2508,86185126112,1214000000,1221000000,0.002773284912109375,0.00013065338134765625,0.833430290222168
39516997747,3348,77442990681,1214000000,1221000000,0.003864288330078125,0.00010776519775390625,1.1677837371826172
39516997747,4252,2449472774,1214000000,1221000000,0.003246307373046875,0.00010967254638671875,1.1745929718017578
39516997747,2471,4451430235,1214000000,1221000000,0.0029449462890625,0.0001087188720703125,0.27788352966308594
39516997747,3245,1945101906,1214000000,1221000000,0.00354766845703125,0.00011157989501953125,0.12807369232177734
39516997747,3081,72049352436,1214000000,1221000000,0.002666473388671875,0.0001201629638671875,0.48766136169433594
39516997747,3610,92096776676,1214000000,1221000000,0.003692626953125,0.00011539459228515625,1.0129337310791016
39516997747,2565,10879085103,1214000000,1221000000,0.003223419189453125,0.00012493133544921875,0.5390844345092773
39516997747,2417,92138156404,1214000000,1221000000,0.003192901611328125,0.00013446807861328125,0.023291587829589844
39516997747,3196,22459201972,1214000000,1221000000,0.00286865234375,0.00010776519775390625,0.5000381469726562
39516997747,3007,4459131167,1214000000,1221000000,0.002811431884765625,0.0001049041748046875,0.12248611450195312
39516997747,3675,20736995,1214000000,1221000000,0.002613067626953125,0.0001163482666015625,0.038211822509765625
39516997747,3522,45440466231,1214000000,1221000000,0.00382232666015625,0.0001049041748046875,1.2645683288574219
39516997747,3939,5609012780,1214000000,1221000000,0.00206756591796875,0.00011157989501953125,0.5949068069458008
39516997747,4030,91961899917,1214000000,1221000000,0.003314971923828125,0.0001239776611328125,0.24072647094726562
39516997747,2641,24273080678,1214000000,1221000000,0.00344085693359375,0.0001220703125,0.9726791381835938
39516997747,3302,22459002723,1214000000,1221000000,0.003276824951171875,0.00011348724365234375,0.759429931640625
39516997747,3523,4915156636,1214000000,1221000000,0.0029449462890625,0.00010967254638671875,0.6414699554443359
39516997747,4137,68668555863,1214000000,1221000000,0.00302886962890625,0.0001277923583984375,0.8838653564453125
330587110827,426,80677373859,1214000000,1221000000,0.02001953125,0.00345611572265625,0.8216476440429688
39516997747,3164,573130754,1214000000,1221000000,0.00299072265625,0.0001068115234375,0.9323577880859375
39516997747,3477,104791526317,1214000000,1221000000,0.003551483154296875,0.00012874603271484375,0.0772848129272461
375007004988,0,298960857877,1214000000,1221000000,0.2529296875,0.002674102783203125,19.68149185180664
39516997747,2380,91995980581,1214000000,1221000000,0.002872467041015625,0.000118255615234375,0.8792724609375
39516997747,2877,20736946,1214000000,1221000000,0.0036773681640625,0.0001163482666015625,0.23900413513183594
39516997747,2540,80678617812,1214000000,1221000000,0.003398895263671875,0.00012493133544921875,0.19733428955078125
39516997747,3563,21575987,1214000000,1221000000,0.002246856689453125,0.00010967254638671875,0.2804269790649414
39516997747,3884,574675431,1214000000,1221000000,0.003307342529296875,0.00010967254638671875,0.6697349548339844
39516997747,3561,22806700,1214000000,1221000000,0.0023345947265625,0.0001163482666015625,0.4632282257080078
39516997747,3844,1944901760,1214000000,1221000000,0.003131866455078125,0.000110626220703125,0.272369384765625
39516997747,3135,23859856991,1214000000,1221000000,0.0024566650390625,0.00011539459228515625,0.6481590270996094
39516997747,2651,21548360,1214000000,1221000000,0.00252532958984375,0.00011444091796875,0.332611083984375
39516997747,3118,573989906,1214000000,1221000000,0.00385284423828125,0.00011348724365234375,1.082808494567871
360885315987,0,151857496,1214000000,1221000000,0.00600433349609375,0.0005216598510742188,1.3704586029052734
39516997747,3932,19875396379,1214000000,1221000000,0.002887725830078125,0.0001087188720703125,0.9438800811767578
39516997747,3234,72049638550,1214000000,1221000000,0.003192901611328125,0.00011348724365234375,0.6480522155761719
39516997747,2962,1420432997,1214000000,1221000000,0.00437164306640625,0.00011348724365234375,1.5070037841796875
39516997747,3648,1375641749,1214000000,1221000000,0.00362396240234375,0.00010204315185546875,0.18257427215576172
39516997747,3775,159574354219,1214000000,1221000000,0.00284576416015625,0.00011920928955078125,0.9339666366577148
39516997747,2250,24172671974,1214000000,1221000000,0.0035400390625,0.00011539459228515625,0.4605846405029297
330587155467,456,182860483662,1214000000,1221000000,0.0703125,0.0106353759765625,25.498580932617188
39516997747,3559,35891880807,1214000000,1221000000,0.002941131591796875,0.0001201629638671875,0.8357334136962891
39516997747,2749,373216050676,1214000000,1221000000,0.002536773681640625,0.0001010894775390625,0.7201366424560547
374780821309,1713,92040917322,1214000000,1221000000,0.1279296875,0.01617431640625,44.384033203125
39516997747,4281,938847646,1214000000,1221000000,0.002574920654296875,0.00010776519775390625,0.33801841735839844
375002806143,2,92046829143,1214000000,1216000000,0.0084228515625,0.0004405975341796875,0.3368110656738281
374675861423,3703,24270689586,1214000000,1221000000,0.0010700225830078125,0.0014171600341796875,0.0870513916015625
39516997747,3810,74472609241,1214000000,1221000000,0.00270843505859375,0.00011920928955078125,0.3364896774291992
39516997747,2620,23859188838,1214000000,1221000000,0.002773284912109375,0.00010967254638671875,0.8677701950073242
39516997747,2742,5609329094,1214000000,1221000000,0.00359344482421875,0.0001163482666015625,0.12984275817871094
374675861423,4934,92040917322,1214000000,1221000000,0.0008020401000976562,0.0014095306396484375,0.3096199035644531
39516997747,3629,92119082134,1214000000,1221000000,0.00323486328125,0.000125885009765625,0.9174842834472656
330587259428,543,1639249081,1214000000,1219000000,0.0002651214599609375,9.5367431640625e-07,0.06119728088378906
39516997747,3313,226445943214,1214000000,1221000000,0.003078460693359375,0.00011444091796875,0.9834136962890625
39516997747,4186,92043849192,1214000000,1221000000,0.003108978271484375,0.00011920928955078125,0.2937650680541992
39516997747,4188,53772021680,1214000000,1221000000,0.003871917724609375,0.00012493133544921875,0.9792280197143555
374675956470,4777,24270881493,1214000000,1221000000,0.0014247894287109375,0.001529693603515625,0.10340690612792969
39516997747,3466,112033886913,1214000000,1221000000,0.003223419189453125,0.00011920928955078125,0.07019519805908203
374675861423,4156,24270689586,1214000000,1221000000,0.0011959075927734375,0.001567840576171875,0.6577720642089844
39516997747,3802,169233926904,1214000000,1221000000,0.003757476806640625,0.00012683868408203125,0.29909229278564453
39516997747,3640,2448139151,1214000000,1221000000,0.00354766845703125,0.0001068115234375,1.2023239135742188
39516997747,2338,104791721905,1214000000,1221000000,0.0032196044921875,0.0001220703125,0.046783447265625
39516997747,4223,92146824838,1214000000,1221000000,0.00315093994140625,0.0001163482666015625,1.0749378204345703
374911141136,98,21204372,1214000000,1217000000,0.0001678466796875,1.049041748046875e-05,0.020330429077148438
39516997747,4249,92050216969,1214000000,1221000000,0.00286865234375,0.00011444091796875,1.0023193359375
39516997747,3423,1376348595,1214000000,1221000000,0.003604888916015625,0.00011157989501953125,1.118657112121582
39516997747,3109,86175594731,1214000000,1221000000,0.00289154052734375,0.00011157989501953125,0.9670047760009766
39516997747,2475,1377509282,1214000000,1221000000,0.002471923828125,0.00012302398681640625,0.05449390411376953
39516997747,3370,21243992,1214000000,1221000000,0.002410888671875,9.918212890625e-05,0.5973968505859375
39516997747,2937,92029313082,1214000000,1221000000,0.0029296875,0.000110626220703125,0.5746192932128906
39516997747,4032,106885152968,1214000000,1221000000,0.003173828125,0.00010776519775390625,0.9188461303710938
330587108283,271,68670098751,1214000000,1221000000,0.0963134765625,0.020782470703125,13.934417724609375
374675861423,2739,24270689586,1214000000,1221000000,0.001621246337890625,0.001476287841796875,0.5420684814453125
39516997747,3729,91989978759,1214000000,1221000000,0.00287628173828125,0.00013065338134765625,0.23153400421142578
39516997747,3626,86289635050,1214000000,1221000000,0.00279998779296875,0.00013065338134765625,0.8616085052490234
39516997747,3708,92092036154,1214000000,1221000000,0.003543853759765625,0.00012111663818359375,0.05130958557128906
39516997747,3044,80681895122,1214000000,1221000000,0.00392913818359375,0.00012111663818359375,0.19846248626708984
39516997747,2801,104791550370,1214000000,1221000000,0.002079010009765625,0.00012969970703125,0.5256729125976562
39516997747,2781,72051965561,1214000000,1221000000,0.003437042236328125,0.0001201629638671875,0.3735065460205078
39516997747,2889,92093226894,1214000000,1221000000,0.0030670166015625,0.0001239776611328125,0.5137500762939453
374675861423,2778,24270881493,1214000000,1221000000,0.00098419189453125,0.0014495849609375,0.18740081787109375
39516997747,4151,104818497049,1214000000,1221000000,0.00360870361328125,0.000118255615234375,0.8609275817871094
39516997747,2860,494924845,1214000000,1221000000,0.003047943115234375,0.0001125335693359375,0.26548004150390625
330587165471,546,21392422,1214000000,1221000000,0.06146240234375,0.010589599609375,18.1571044921875
39516997747,2893,21297601,1214000000,1221000000,0.002777099609375,0.000110626220703125,0.8894195556640625
39516997747,2621,33686675353,1214000000,1221000000,0.002948760986328125,0.00010776519775390625,0.1283740997314453
39516997747,2358,20739362,1214000000,1221000000,0.0036773681640625,0.0001125335693359375,0.45099830627441406
39516997747,2917,92062361748,1214000000,1221000000,0.00278472900390625,0.0001239776611328125,0.5497455596923828
39516997747,3263,23624287941,1214000000,1221000000,0.002475738525390625,0.0001087188720703125,0.3980064392089844
330587128389,321,102979249967,1214000000,1221000000,0.0928955078125,0.0203857421875,28.546875
39516997747,2379,21109328,1214000000,1221000000,0.00312042236328125,0.00011348724365234375,0.7696704864501953
374676035973,1245,250619294095,1214000000,1221000000,0.0078125,0.001277923583984375,0.509063720703125
358146539252,5,151923678,1214000000,1217000000,0.00020503997802734375,9.5367431640625e-07,0.019775390625
39516997747,3524,250623092150,1214000000,1221000000,0.00341796875,0.0001239776611328125,0.27272987365722656
39516997747,2743,24272711885,1214000000,1221000000,0.002841949462890625,0.0001316070556640625,0.9574851989746094
39516997747,2959,92156089558,1214000000,1221000000,0.002864837646484375,0.00011348724365234375,0.35442066192626953
374909862629,107,2447734644,1214000000,1221000000,0.00921630859375,0.0008974075317382812,0.14159202575683594
39516997747,2407,2958433973,1214000000,1221000000,0.002552032470703125,0.0001087188720703125,0.7450103759765625
39516997747,2359,55046362728,1214000000,1221000000,0.003742218017578125,0.00012683868408203125,0.6500015258789062
39516997747,3900,23621346722,1214000000,1221000000,0.003658294677734375,0.000118255615234375,0.23792266845703125
39516997747,3748,23749063674,1214000000,1221000000,0.00347900390625,0.0001163482666015625,0.7298564910888672
39516997747,2484,2448129807,1214000000,1221000000,0.00333404541015625,0.000102996826171875,0.7939567565917969
39516997747,4224,2961061475,1214000000,1221000000,0.0026397705078125,0.0001163482666015625,0.13504981994628906
39516997747,2991,92084130565,1214000000,1221000000,0.003185272216796875,0.0001163482666015625,0.9475650787353516
374675861423,4157,24270689586,1214000000,1221000000,0.0011882781982421875,0.00145721435546875,0.6666641235351562
374996754868,50,4459030629,1214000000,1215000000,1.9073486328125e-06,7.62939453125e-06,0.0001811981201171875
39516997747,2478,21141264,1214000000,1221000000,0.003131866455078125,0.00011348724365234375,0.6588068008422852
39516997747,3767,1375616124,1214000000,1221000000,0.003215789794921875,0.0001220703125,0.3972053527832031
39516997747,3049,23749178781,1214000000,1221000000,0.0027618408203125,0.0001201629638671875,0.9481792449951172
39516997747,3885,82402582976,1214000000,1221000000,0.002552032470703125,0.00011920928955078125,0.598358154296875
374675956470,4836,114484378125,1214000000,1221000000,0.00091552734375,0.00154876708984375,0.5175018310546875
39516997747,2272,1376264664,1214000000,1221000000,0.003253936767578125,0.00011157989501953125,1.0365791320800781
374675861423,3755,24270881493,1214000000,1221000000,0.0010776519775390625,0.0013980865478515625,0.83184814453125
39516997747,2469,92159120649,1214000000,1221000000,0.003681182861328125,0.0001220703125,1.0382881164550781
39516997747,3719,23859473311,1214000000,1221000000,0.00341033935546875,0.00011730194091796875,0.6420307159423828
39516997747,3781,92047355638,1214000000,1221000000,0.0027618408203125,0.0001163482666015625,0.5238304138183594
39516997747,4019,92049761701,1214000000,1221000000,0.00383758544921875,0.00011920928955078125,1.1632976531982422
39516997747,2661,35882146929,1214000000,1221000000,0.0031890869140625,0.0001201629638671875,0.023164749145507812
39516997747,3226,2581692944,1214000000,1221000000,0.002750396728515625,0.00011348724365234375,0.36084938049316406
39516997747,2914,21129751,1214000000,1221000000,0.002811431884765625,0.00011539459228515625,0.5121946334838867
39516997747,3267,21399561,1214000000,1221000000,0.00264739990234375,0.00012111663818359375,0.3100738525390625
330587290520,102,373578754911,1214000000,1221000000,0.00424957275390625,0.0009145736694335938,0.9037256240844727
39516997747,3751,20744621,1214000000,1221000000,0.002109527587890625,0.00011920928955078125,0.04680347442626953
330587115883,296,182860483662,1214000000,1221000000,0.0775146484375,0.02093505859375,22.74188232421875
39516997747,3899,1128605073,1214000000,1221000000,0.003185272216796875,0.0001087188720703125,0.09223175048828125
39516997747,3665,10879545499,1214000000,1221000000,0.00189208984375,0.000110626220703125,0.12617111206054688
39516997747,4150,104792344445,1214000000,1221000000,0.002956390380859375,0.00012111663818359375,0.19388294219970703
39516997747,3462,373217123542,1214000000,1221000000,0.003185272216796875,0.0001277923583984375,0.9972324371337891
39516997747,3003,36743372810,1214000000,1221000000,0.003246307373046875,0.0001125335693359375,1.0815467834472656
39516997747,2856,252600528,1214000000,1221000000,0.002864837646484375,0.0001010894775390625,0.7058906555175781
39516997747,3032,35892175076,1214000000,1221000000,0.002140045166015625,0.0001220703125,0.3325309753417969
39516997747,3025,20737065,1214000000,1221000000,0.003681182861328125,0.00010776519775390625,0.5569753646850586
39516997747,2900,92005139218,1214000000,1221000000,0.002605438232421875,0.0001316070556640625,0.8238506317138672
39516997747,2823,104792148945,1214000000,1221000000,0.003017425537109375,0.000133514404296875,0.9925460815429688
39516997747,2927,1375614259,1214000000,1221000000,0.00312042236328125,0.000110626220703125,0.15832138061523438
39516997747,3566,86287875463,1214000000,1221000000,0.0033111572265625,0.0001125335693359375,1.0544967651367188
39516997747,2564,35892237873,1214000000,1221000000,0.0026702880859375,0.0001373291015625,0.982666015625
39516997747,2394,373885912684,1214000000,1221000000,0.003818511962890625,0.0001125335693359375,1.0456581115722656
374675861423,2738,24270689586,1214000000,1221000000,0.0009765625,0.001506805419921875,0.6258087158203125
39516997747,3587,35892175075,1214000000,1221000000,0.0023956298828125,0.00010395050048828125,0.6473913192749023
39516997747,3924,252600479,1214000000,1221000000,0.003414154052734375,0.00011157989501953125,0.9872055053710938
39516997747,4244,92159715094,1214000000,1221000000,0.002956390380859375,0.0001163482666015625,0.8603668212890625
39516997747,3948,21532188,1214000000,1221000000,0.002849578857421875,0.00011444091796875,0.22822952270507812
39516997747,2597,32974367497,1214000000,1221000000,0.002471923828125,0.000110626220703125,0.39771270751953125
39516997747,4003,92143002573,1214000000,1221000000,0.001819610595703125,0.00012111663818359375,0.434722900390625
39516997747,2504,2449724075,1214000000,1221000000,0.0034027099609375,0.0001087188720703125,0.07374000549316406
39516997747,4037,92105088085,1215000000,1221000000,0.00298309326171875,0.00012874603271484375,0.42943382263183594
39516997747,3728,36050302486,1215000000,1221000000,0.003559112548828125,0.00011444091796875,0.6832809448242188
374911141136,1482,21205046,1215000000,1221000000,0.0055084228515625,0.00034618377685546875,0.3161487579345703
39516997747,3018,30889482,1215000000,1221000000,0.00370025634765625,0.00010967254638671875,0.4114723205566406
350084572141,2,70529420015,1215000000,1221000000,0.00933837890625,0.0011730194091796875,2.9011459350585938
330587167972,14,24272909868,1215000000,1221000000,0.109130859375,0.01898193359375,13.0675048828125
39516997747,3303,115423304370,1215000000,1221000000,0.002384185791015625,0.00011348724365234375,0.014986038208007812
39516997747,3070,4469110094,1215000000,1221000000,0.003681182861328125,0.00010967254638671875,0.4321575164794922
39516997747,3743,21365800,1215000000,1221000000,0.003032684326171875,0.00010776519775390625,0.5464382171630859
39516997747,4022,92036004220,1215000000,1221000000,0.0009698867797851562,0.00012683868408203125,0.2697944641113281
39516997747,3558,189002544102,1215000000,1221000000,0.002685546875,0.000133514404296875,0.05074310302734375
39516997747,3104,344075886232,1215000000,1221000000,0.003276824951171875,0.00010967254638671875,0.4876556396484375
39516997747,2647,102983651033,1215000000,1221000000,0.003093719482421875,0.0001239776611328125,0.9460029602050781
39516997747,2280,23859592834,1215000000,1221000000,0.003177642822265625,0.00011730194091796875,0.07907867431640625
39516997747,3783,35970565935,1215000000,1221000000,0.002536773681640625,0.0001220703125,0.23929595947265625
39516997747,4246,25537360109,1215000000,1221000000,0.00308990478515625,0.00011444091796875,0.0384521484375
39516997747,3701,4451038308,1215000000,1221000000,0.002704620361328125,0.0001087188720703125,0.3376007080078125
39516997747,2625,35971013282,1215000000,1221000000,0.003505706787109375,0.0001201629638671875,0.10877609252929688
39516997747,2248,116767891686,1215000000,1221000000,0.00189208984375,0.000125885009765625,0.3632354736328125
39516997747,2697,151923538,1215000000,1221000000,0.0037994384765625,0.000118255615234375,0.7757034301757812
39516997747,2607,1377128634,1215000000,1221000000,0.00307464599609375,0.00011157989501953125,0.4970512390136719
39516997747,2788,151934077,1215000000,1221000000,0.00258636474609375,0.0001010894775390625,0.3063697814941406
374911141136,1491,19876448167,1215000000,1221000000,0.00958251953125,0.00047779083251953125,0.7847042083740234
39516997747,2956,36050253968,1215000000,1221000000,0.00360107421875,0.00011920928955078125,0.8705463409423828
39516997747,4157,96914732457,1215000000,1221000000,0.002960205078125,0.00012683868408203125,0.09261131286621094
39516997747,2853,4914983334,1215000000,1221000000,0.00325775146484375,0.00010204315185546875,0.6853981018066406
39516997747,2418,53765762718,1215000000,1221000000,0.0035247802734375,0.0001163482666015625,0.13108062744140625
374675861423,4321,24270689586,1215000000,1221000000,0.0011577606201171875,0.00152587890625,0.7567863464355469
330587147960,546,116772323445,1215000000,1221000000,0.009246826171875,0.00579833984375,2.79840087890625
39516997747,3595,1377352807,1215000000,1221000000,0.00400543212890625,0.0001010894775390625,1.0348434448242188
330587113342,41,3092453683,1215000000,1221000000,0.0684814453125,0.020843505859375,12.32684326171875
39516997747,2580,1130710874,1215000000,1221000000,0.00484466552734375,0.000118255615234375,0.38710784912109375
39516997747,2341,250623049386,1215000000,1221000000,0.003570556640625,0.0001163482666015625,0.9291000366210938
39516997747,2784,35882381152,1215000000,1221000000,0.0028076171875,0.0001239776611328125,0.5452766418457031
39516997747,2837,86170350911,1215000000,1221000000,0.00165557861328125,0.0001125335693359375,0.20156478881835938
39516997747,2363,4882315374,1215000000,1221000000,0.00409698486328125,0.00012111663818359375,0.3543205261230469
39516997747,2256,1129108006,1215000000,1221000000,0.003452301025390625,0.000110626220703125,0.897857666015625
39516997747,4025,80223873396,1215000000,1221000000,0.00348663330078125,0.00010395050048828125,1.0771751403808594
39516997747,3740,23749170578,1215000000,1221000000,0.0012989044189453125,0.00011920928955078125,0.37438201904296875
39516997747,3126,80681895121,1215000000,1221000000,0.003284454345703125,0.00012969970703125,0.8808517456054688
39516997747,4171,21452221,1215000000,1221000000,0.005096435546875,0.0001049041748046875,1.2171134948730469
39516997747,2702,2456061636,1215000000,1221000000,0.00341796875,0.00011539459228515625,0.36040306091308594
359951573128,2,44633438918,1215000000,1221000000,0.0103759765625,0.0005960464477539062,0.5266571044921875
39516997747,2968,4646469957,1215000000,1221000000,0.003032684326171875,0.00010967254638671875,0.7918739318847656
39516997747,2436,36050349470,1215000000,1221000000,0.0036773681640625,0.0001201629638671875,0.546844482421875
39516997747,3875,9585636839,1215000000,1221000000,0.003261566162109375,0.0001163482666015625,0.8309669494628906
39516997747,2719,24270896446,1215000000,1221000000,0.00328826904296875,0.00010585784912109375,0.3869304656982422
39516997747,2570,330035619676,1215000000,1221000000,0.002063751220703125,0.00012683868408203125,0.4600238800048828
39516997747,3140,1129962234,1215000000,1221000000,0.0029296875,0.00011157989501953125,0.4744377136230469
39516997747,2745,35891557783,1215000000,1221000000,0.00197601318359375,0.00011920928955078125,0.1885700225830078
39516997747,2925,70609095181,1215000000,1221000000,0.00255584716796875,0.00011348724365234375,0.49649620056152344
39516997747,3735,23859169894,1215000000,1221000000,0.003093719482421875,0.00012111663818359375,0.8294277191162109
39516997747,2452,373220251195,1215000000,1221000000,0.003170013427734375,0.0001316070556640625,0.7527694702148438
374675861423,4902,24270689586,1215000000,1221000000,0.0013027191162109375,0.0014133453369140625,0.325927734375
39516997747,3616,10880978492,1215000000,1221000000,0.003574371337890625,0.00010585784912109375,0.9053363800048828
39516997747,2501,1377129859,1215000000,1221000000,0.00518035888671875,0.0001163482666015625,1.3347702026367188
374909854325,102,347023915600,1215000000,1221000000,0.003337860107421875,0.0005207061767578125,0.555633544921875
39516997747,3542,352962709124,1215000000,1221000000,0.003192901611328125,0.00011730194091796875,0.8143100738525391
39516997747,4250,104387609464,1215000000,1221000000,0.0024261474609375,0.0001125335693359375,0.4264984130859375
374247026495,23,68669235374,1215000000,1221000000,0.100830078125,0.0016040802001953125,2.4584197998046875
330587123387,231,104792005918,1215000000,1221000000,0.04205322265625,0.0087127685546875,0.913787841796875
39516997747,2430,1375591473,1215000000,1221000000,0.00202178955078125,0.00010967254638671875,0.25577545166015625
39516997747,2955,1420400739,1215000000,1221000000,0.003292083740234375,0.00011157989501953125,0.326751708984375
39516997747,3986,289058534983,1215000000,1221000000,0.003448486328125,0.0001087188720703125,0.19208908081054688
39516997747,2946,5609005509,1215000000,1221000000,0.002628326416015625,0.00011157989501953125,0.016439437866210938
39516997747,2342,104792781826,1215000000,1221000000,0.003810882568359375,0.00012302398681640625,0.5900859832763672
39516997747,3061,23744711858,1215000000,1221000000,0.004241943359375,0.00012874603271484375,0.83917236328125
39516997747,3123,92087940032,1215000000,1221000000,0.00339508056640625,0.00013065338134765625,0.5923233032226562
330587160469,215,24270689586,1215000000,1221000000,0.0689697265625,0.01702880859375,22.70361328125
330587272057,582,53767373293,1215000000,1221000000,0.0750732421875,0.020050048828125,9.70257568359375
330587130890,507,24272501248,1215000000,1221000000,0.173095703125,0.019927978515625,9.26513671875
39516997747,2348,107689502,1215000000,1221000000,0.00385284423828125,0.00011348724365234375,0.5711517333984375
39516997747,4050,70532274179,1215000000,1221000000,0.002368927001953125,0.00012683868408203125,0.4342632293701172
39516997747,2320,105124215145,1215000000,1221000000,0.003139495849609375,0.00012874603271484375,0.39218902587890625
39516997747,2932,91995485885,1215000000,1221000000,0.00234222412109375,0.00012969970703125,0.2373046875
374911141136,867,71970277442,1215000000,1221000000,0.00742340087890625,0.0004940032958984375,2.28021240234375
39516997747,4253,23741797368,1215000000,1221000000,0.003002166748046875,0.00011444091796875,0.5609893798828125
39516997747,2497,2960798048,1215000000,1221000000,0.003631591796875,0.00010776519775390625,0.6955204010009766
39516997747,3759,350726707439,1215000000,1221000000,0.00273895263671875,0.0001239776611328125,0.051532745361328125
374676035973,1816,20736660,1215000000,1221000000,0.00439453125,0.0015869140625,1.184326171875
330587290520,229,35892334066,1215000000,1221000000,0.04840087890625,0.0142669677734375,7.144134521484375
330587162970,560,373578658375,1215000000,1221000000,0.126220703125,0.010650634765625,13.1396484375
39516997747,3265,571794697,1215000000,1221000000,0.003345489501953125,0.00011539459228515625,0.39454078674316406
39516997747,2640,35871680046,1215000000,1221000000,0.002567291259765625,0.0001163482666015625,0.048305511474609375
39516997747,3562,92129223519,1215000000,1221000000,0.003604888916015625,0.0001220703125,1.1180877685546875
330587162970,393,24271057513,1215000000,1221000000,0.0426025390625,0.0106353759765625,2.235992431640625
39516997747,3763,23744685443,1215000000,1221000000,0.0030670166015625,0.00011920928955078125,0.1338214874267578
39516997747,2543,939107577,1215000000,1221000000,0.002277374267578125,0.000102996826171875,0.371337890625
39516997747,2758,1376078423,1215000000,1221000000,0.002956390380859375,0.0001068115234375,0.5329971313476562
39516997747,2890,28547111311,1215000000,1221000000,0.0031585693359375,0.000110626220703125,0.2746124267578125
39516997747,3031,4451247288,1215000000,1221000000,0.0026397705078125,0.000110626220703125,0.7756118774414062
330587108283,682,26190928,1215000000,1221000000,0.18994140625,0.01568603515625,17.272705078125
39516997747,2921,2457448836,1215000000,1221000000,0.002681732177734375,0.00012111663818359375,0.269073486328125
39516997747,3257,49915104,1215000000,1221000000,0.0024566650390625,0.000118255615234375,0.41713714599609375
39516997747,3745,23744666259,1215000000,1221000000,0.00299072265625,0.0001239776611328125,0.16819381713867188
39516997747,3943,198552308420,1215000000,1221000000,0.00321197509765625,0.0001125335693359375,0.6781997680664062
259837769963,0,21225088,1215000000,1221000000,0.02130126953125,0.0018157958984375,6.93511962890625
39516997747,3077,92035093729,1215000000,1221000000,0.00048351287841796875,0.0001125335693359375,0.01430511474609375
39516997747,3445,35970959997,1215000000,1221000000,0.0029144287109375,0.000110626220703125,0.5989608764648438
39516997747,2595,35952265587,1215000000,1221000000,0.003448486328125,0.000110626220703125,0.597930908203125
375004991725,0,92060658077,1215000000,1221000000,0.0040130615234375,0.0019683837890625,0.287109375
39516997747,2245,4915010121,1215000000,1221000000,0.0012569427490234375,0.00011348724365234375,0.17267417907714844
39516997747,3835,24273737478,1215000000,1221000000,0.00318145751953125,0.000110626220703125,0.3160400390625
39516997747,3779,80217686822,1215000000,1221000000,0.003505706787109375,0.0001163482666015625,0.8040962219238281
39516997747,4260,86186936936,1215000000,1221000000,0.003818511962890625,0.0001163482666015625,0.4013557434082031
39516997747,3815,40159863710,1215000000,1221000000,0.003528594970703125,0.00011539459228515625,0.5684623718261719
39516997747,3131,2458319344,1215000000,1221000000,0.002704620361328125,0.00011157989501953125,0.8448600769042969
39516997747,3982,91997470311,1215000000,1221000000,0.0018863677978515625,0.0001277923583984375,0.2296142578125
39516997747,4264,92132038123,1215000000,1221000000,0.003566741943359375,0.000125885009765625,0.443115234375
374675861423,4880,24270689586,1215000000,1221000000,0.001369476318359375,0.001422882080078125,0.820953369140625
330587123387,137,24272909868,1215000000,1221000000,0.05853271484375,0.008636474609375,17.32965087890625
374675861423,902,24272909868,1215000000,1221000000,0.0009365081787109375,0.0015010833740234375,0.42414093017578125
39516997747,2741,312201807337,1215000000,1221000000,0.002979278564453125,0.00012493133544921875,0.42838096618652344
39516997747,3760,23744712976,1215000000,1221000000,0.0040435791015625,0.0001239776611328125,0.025005340576171875
39516997747,3021,23744673024,1215000000,1221000000,0.003902435302734375,0.00011157989501953125,0.1926727294921875
39516997747,3536,20736898,1215000000,1221000000,0.00323486328125,0.00010013580322265625,0.06002998352050781
374471438640,493,573733494,1215000000,1221000000,0.0014705657958984375,0.000560760498046875,0.036563873291015625
39516997747,2567,572808449,1215000000,1221000000,0.00379180908203125,0.00012111663818359375,0.21129798889160156
39516997747,3268,23624515493,1215000000,1221000000,0.002948760986328125,0.00010967254638671875,0.31196022033691406
39516997747,2648,4451012315,1215000000,1221000000,0.002788543701171875,0.00010585784912109375,0.20839691162109375
374471438640,397,23859164569,1215000000,1221000000,0.00739288330078125,0.0008392333984375,2.272064208984375
39516997747,4074,1377542099,1215000000,1221000000,0.00406646728515625,0.00011157989501953125,1.2534141540527344
39516997747,3711,86178325867,1215000000,1221000000,0.003231048583984375,0.00013065338134765625,0.8471488952636719
374909862629,159,79125491,1215000000,1221000000,0.00475311279296875,0.0008296966552734375,0.33496856689453125
39516997747,3597,92130100772,1215000000,1221000000,0.00334930419921875,0.000125885009765625,0.39617156982421875
39516997747,3521,1145704571,1215000000,1221000000,0.0029754638671875,0.00011444091796875,0.66741943359375
39516997747,2910,92065249319,1215000000,1221000000,0.0029296875,0.000110626220703125,0.7479171752929688
39516997747,4284,20737120,1215000000,1221000000,0.003086090087890625,0.0001087188720703125,0.6325721740722656
39516997747,2996,50650407,1215000000,1221000000,0.003070831298828125,0.00012111663818359375,0.3447303771972656
39516997747,2374,100214027,1215000000,1221000000,0.00371551513671875,0.0001068115234375,1.1237640380859375
39516997747,2360,20859924,1215000000,1221000000,0.0022735595703125,0.00011444091796875,0.028656005859375
39516997747,2254,23859179323,1215000000,1221000000,0.002819061279296875,0.00011348724365234375,0.19354820251464844
330587130890,1,289058012673,1215000000,1217000000,4.76837158203125e-06,0.0001068115234375,0.0069179534912109375
39516997747,4106,151934077,1215000000,1221000000,0.002681732177734375,0.00011348724365234375,0.4192829132080078
39516997747,4001,289060613663,1215000000,1221000000,0.0041961669921875,0.00013446807861328125,1.1952552795410156
39516997747,3424,4450795191,1215000000,1221000000,0.0022430419921875,0.00011157989501953125,0.5085983276367188
39516997747,3600,21072261,1215000000,1221000000,0.002410888671875,0.00011539459228515625,0.6820964813232422
39516997747,3688,4451070323,1215000000,1221000000,0.00327301025390625,0.0001201629638671875,0.2646675109863281
39516997747,4168,4878845824,1215000000,1221000000,0.00478363037109375,0.00012683868408203125,0.08838844299316406
39516997747,2467,21375642,1215000000,1221000000,0.002529144287109375,0.0001087188720703125,0.2690620422363281
39516997747,2528,92140459414,1215000000,1221000000,0.0039520263671875,0.00012302398681640625,1.0269126892089844
39516997747,2514,35871626385,1215000000,1221000000,0.00241851806640625,0.0001163482666015625,0.07604598999023438
39516997747,3098,244909481692,1215000000,1221000000,0.002071380615234375,0.00011444091796875,0.1311492919921875
39516997747,4272,21284286,1215000000,1221000000,0.002323150634765625,0.00010395050048828125,0.24756431579589844
39516997747,4081,35973701594,1215000000,1221000000,0.0031585693359375,0.0001125335693359375,0.31402587890625
39516997747,4241,92065249319,1215000000,1221000000,0.002838134765625,0.00011730194091796875,0.7979679107666016
39516997747,3159,102983225659,1215000000,1221000000,0.00299835205078125,0.00012302398681640625,0.16855430603027344
39516997747,4069,1375591101,1215000000,1221000000,0.003265380859375,0.00011348724365234375,0.8514747619628906
39516997747,3005,372979234427,1215000000,1221000000,0.00321197509765625,0.000110626220703125,0.2790985107421875
39516997747,2855,21307872,1215000000,1221000000,0.00337982177734375,0.0001087188720703125,0.7953872680664062
39516997747,3305,71970894748,1215000000,1221000000,0.00304412841796875,0.0001277923583984375,0.5899772644042969
39516997747,2366,92060373272,1215000000,1221000000,0.003093719482421875,0.00012111663818359375,0.038578033447265625
39516997747,4202,21375645,1215000000,1221000000,0.002727508544921875,0.0001125335693359375,0.3237648010253906
39516997747,3057,293083391022,1215000000,1221000000,0.00426483154296875,0.00010967254638671875,0.9711399078369141
374675956470,4690,24272909868,1215000000,1221000000,0.0010776519775390625,0.00145721435546875,0.13688278198242188
39516997747,3935,1130910956,1215000000,1221000000,0.003475189208984375,0.00010967254638671875,0.4086742401123047
160232503528,504,74767493674,1215000000,1221000000,0.0015430450439453125,0.00012683868408203125,0.44084930419921875
39516997747,2975,1375824434,1215000000,1221000000,0.0040435791015625,0.0001125335693359375,1.1720237731933594
39516997747,2438,1376344086,1215000000,1221000000,0.003467559814453125,0.00011444091796875,0.32238006591796875
39516997747,3037,2961179251,1215000000,1221000000,0.00262451171875,0.0001125335693359375,0.2791786193847656
39516997747,2585,2449596197,1215000000,1221000000,0.003551483154296875,0.00011348724365234375,0.3298473358154297
39516997747,2614,35872089805,1215000000,1221000000,0.003082275390625,0.0001125335693359375,0.03833770751953125
374675861423,4844,24270689586,1215000000,1221000000,0.0011959075927734375,0.001445770263671875,0.09510040283203125
374780805995,1876,24271057513,1215000000,1221000000,0.008819580078125,0.0144805908203125,5.452239990234375
39516997747,4174,20859924,1215000000,1221000000,0.002368927001953125,0.0001087188720703125,0.014865875244140625
374911141136,1451,1579830518,1215000000,1221000000,0.00423431396484375,0.00032901763916015625,0.7666397094726562
375002842854,358,23741648397,1215000000,1221000000,0.0136260986328125,0.000148773193359375,1.5703353881835938
39516997747,3388,1579963651,1215000000,1221000000,0.002826690673828125,0.000102996826171875,0.720703125
330587303641,678,24270511401,1215000000,1221000000,0.05352783203125,0.00685882568359375,15.217437744140625
39516997747,3855,24272855519,1215000000,1221000000,0.00368499755859375,9.059906005859375e-05,0.09061431884765625
39516997747,2707,23621144198,1215000000,1221000000,0.003566741943359375,0.00010395050048828125,0.8148937225341797
330587290520,342,24270511401,1215000000,1221000000,0.017822265625,0.0006589889526367188,2.2177505493164062
39516997747,2257,23744429896,1215000000,1221000000,0.003662109375,0.00010967254638671875,0.11315345764160156
39516997747,2463,92052138931,1215000000,1221000000,0.002685546875,0.0001277923583984375,0.18568038940429688
39516997747,2350,102892529513,1215000000,1221000000,0.0032958984375,0.0001201629638671875,0.3894309997558594
39516997747,2581,35881697072,1215000000,1221000000,0.00414276123046875,0.00011348724365234375,0.9704246520996094
39516997747,4091,21247433,1215000000,1221000000,0.003337860107421875,0.000110626220703125,0.43450927734375
39516997747,3807,1128113766,1215000000,1221000000,0.00428009033203125,0.000110626220703125,0.5795745849609375
39516997747,3099,4450846753,1215000000,1221000000,0.0041046142578125,0.00011920928955078125,1.0897464752197266
39516997747,3680,4459267383,1215000000,1221000000,0.002956390380859375,0.0001049041748046875,0.5326652526855469
39516997747,3784,87976653382,1215000000,1221000000,0.003261566162109375,0.0001201629638671875,0.12174224853515625
39516997747,3207,23624779534,1215000000,1221000000,0.003200531005859375,0.00011444091796875,0.15911865234375
39516997747,4123,105214156258,1215000000,1221000000,0.003208160400390625,0.0001201629638671875,0.03993988037109375
39516997747,2432,2960766960,1215000000,1221000000,0.003749847412109375,0.0001049041748046875,0.04625701904296875
374675861423,4090,289058012673,1215000000,1221000000,0.001125335693359375,0.001499176025390625,0.44091796875
374909862629,1,573733494,1215000000,1221000000,0.0014495849609375,0.0005283355712890625,0.3322906494140625
39516997747,4189,4451052229,1215000000,1221000000,0.003810882568359375,0.0001087188720703125,0.4468345642089844
39516997747,3607,91993698747,1215000000,1221000000,0.00323486328125,0.00011920928955078125,0.1811199188232422
39516997747,2364,45416634034,1215000000,1221000000,0.00324249267578125,0.00011157989501953125,0.020124435424804688
39516997747,2979,36050286162,1215000000,1221000000,0.003192901611328125,0.00011444091796875,0.8334503173828125
39516997747,2953,1377921157,1215000000,1221000000,0.002811431884765625,0.0001125335693359375,0.5789451599121094
39516997747,2252,1377139849,1215000000,1221000000,0.00453948974609375,0.00010013580322265625,0.6681060791015625
39516997747,4213,92107632891,1215000000,1221000000,0.002811431884765625,0.0001125335693359375,0.31578826904296875
375007040296,0,289058534983,1215000000,1221000000,0.124267578125,0.00258636474609375,1.522247314453125
39516997747,2284,372910141539,1215000000,1221000000,0.00142669677734375,0.00010776519775390625,0.35906410217285156
39516997747,3170,35881892188,1215000000,1221000000,0.002986907958984375,0.0001125335693359375,0.446319580078125
39516997747,3073,86200718341,1215000000,1221000000,0.00315093994140625,0.00012111663818359375,0.019632339477539062
39516997747,2596,4459248955,1215000000,1221000000,0.00293731689453125,0.0001068115234375,0.65753173828125
39516997747,2960,298960857877,1215000000,1221000000,0.002307891845703125,0.000118255615234375,0.596832275390625
39516997747,2649,1145879968,1215000000,1221000000,0.003475189208984375,0.00012302398681640625,0.12953567504882812
39516997747,3853,2813256549,1215000000,1221000000,0.003414154052734375,0.0001125335693359375,0.6348037719726562
39516997747,2777,4459170735,1215000000,1221000000,0.0033416748046875,0.00010776519775390625,0.7864723205566406
39516997747,3014,23859288687,1215000000,1221000000,0.00225067138671875,0.0001163482666015625,0.5112762451171875
39516997747,3963,1579459504,1215000000,1221000000,0.003566741943359375,0.000110626220703125,0.110321044921875
39516997747,4166,4915029358,1215000000,1221000000,0.00432586669921875,0.00012683868408203125,1.3090953826904297
259837264848,0,77443392402,1215000000,1221000000,0.029022216796875,0.002361297607421875,1.8830108642578125
374909856633,483,573733494,1215000000,1221000000,0.0021820068359375,0.0005550384521484375,0.78826904296875
39516997747,3233,92037160696,1215000000,1221000000,0.002696990966796875,0.00012683868408203125,0.33885955810546875
39516997747,3176,9579681995,1215000000,1221000000,0.003261566162109375,0.00011348724365234375,0.6885108947753906
330587115883,682,92152625154,1215000000,1221000000,0.04010009765625,0.01055908203125,13.98193359375
39516997747,3983,92058654234,1215000000,1221000000,0.002674102783203125,0.00012683868408203125,0.5041694641113281
374911141136,481,71969708572,1215000000,1221000000,0.004425048828125,0.0001220703125,0.6002197265625
39516997747,3949,1573932368,1215000000,1221000000,0.00305938720703125,0.000125885009765625,0.9173583984375
39516997747,3051,1376509612,1215000000,1221000000,0.003620147705078125,0.0001010894775390625,0.535858154296875
330587138493,104,20736639,1215000000,1221000000,0.1173095703125,0.016021728515625,20.7996826171875
39516997747,3378,70345795948,1215000000,1221000000,0.003604888916015625,0.00011730194091796875,0.8709926605224609
39516997747,2776,23749187178,1215000000,1221000000,0.0047454833984375,0.00011444091796875,1.2538604736328125
39516997747,2513,35880290902,1215000000,1221000000,0.003170013427734375,0.00012874603271484375,0.07917022705078125
374998525200,8,93526966119,1215000000,1221000000,0.028533935546875,0.0013256072998046875,5.7330322265625
39516997747,3218,574036527,1215000000,1221000000,0.003269195556640625,0.00010967254638671875,0.3649177551269531
39516997747,4034,91961757599,1215000000,1221000000,0.002872467041015625,0.0001277923583984375,0.6660575866699219
39516997747,3409,2724677155,1215000000,1221000000,0.002910614013671875,0.00011157989501953125,0.18133163452148438
375007042795,0,1714986080,1215000000,1221000000,0.0950927734375,0.00140380859375,15.6324462890625
45281959251,345,105140945905,1215000000,1221000000,0.02911376953125,0.00716400146484375,5.4416656494140625
330587160469,55,23749050987,1215000000,1221000000,0.13232421875,0.02166748046875,2.7718505859375
373032954984,1,573733494,1215000000,1219000000,0.0008602142333984375,0.0006418228149414062,0.030040740966796875
39516997747,2402,20737545,1215000000,1221000000,0.00322723388671875,0.00010585784912109375,0.6599521636962891
374911141136,83,1187150240,1215000000,1221000000,0.00033092498779296875,6.67572021484375e-05,0.021474838256835938
39516997747,3578,92122650754,1215000000,1221000000,0.003292083740234375,0.00013065338134765625,0.5134105682373047
39516997747,3169,23749049708,1215000000,1221000000,0.002811431884765625,0.0001163482666015625,0.4391670227050781
39516997747,4187,253475119,1215000000,1221000000,0.00403594970703125,0.00012302398681640625,0.7486152648925781
359951573128,4,2449487611,1215000000,1221000000,0.010650634765625,0.0011653900146484375,0.7089614868164062
375007040227,0,91998677477,1215000000,1221000000,0.100830078125,0.001270294189453125,26.954498291015625
39516997747,4036,74464363474,1215000000,1221000000,0.003173828125,0.00013828277587890625,0.33783531188964844
39516997747,2896,92027787018,1215000000,1221000000,0.003002166748046875,0.00012111663818359375,0.24361610412597656
374675956470,4719,24272909868,1215000000,1221000000,0.00109100341796875,0.0013828277587890625,0.4007606506347656
330587120885,176,24276259716,1215000000,1221000000,0.0714111328125,0.015869140625,26.18408203125
39516997747,3944,4649995168,1215000000,1221000000,0.002933502197265625,0.000110626220703125,0.7488555908203125
39516997747,3780,23744680298,1215000000,1221000000,0.0018463134765625,0.000110626220703125,0.2113494873046875
39516997747,4170,4451128777,1215000000,1221000000,0.00235748291015625,0.00011539459228515625,0.712188720703125
374675879196,7671,21378228,1215000000,1221000000,0.0077972412109375,0.0013294219970703125,2.4094390869140625
39516997747,4142,250621754048,1215000000,1221000000,0.00310516357421875,0.0001163482666015625,0.7924919128417969
39516997747,3572,573752495,1215000000,1221000000,0.0028076171875,0.00012874603271484375,0.4580726623535156
39516997747,2680,21284768,1215000000,1221000000,0.0026702880859375,0.0001163482666015625,0.2507972717285156
39516997747,3231,1377783416,1215000000,1221000000,0.00296783447265625,0.00011157989501953125,0.5542945861816406
39516997747,2346,20736667,1215000000,1221000000,0.0052032470703125,0.000110626220703125,0.5420150756835938
39516997747,3686,20737108,1215000000,1221000000,0.0035400390625,0.00011348724365234375,0.9206886291503906
330587130890,676,102979249967,1215000000,1221000000,0.078369140625,0.023834228515625,4.90576171875
39516997747,3734,2960678267,1215000000,1221000000,0.00341796875,0.000110626220703125,0.8045196533203125
39516997747,3181,1945023355,1215000000,1221000000,0.00362396240234375,0.00011444091796875,0.426177978515625
39516997747,3697,23749160227,1215000000,1221000000,0.00261688232421875,0.00010967254638671875,0.3599052429199219
330587138493,270,92152625154,1215000000,1221000000,0.0439453125,0.0095672607421875,8.34796142578125
39516997747,2654,24272669408,1215000000,1221000000,0.00363922119140625,0.0001277923583984375,0.7684707641601562
39516997747,2487,2449850239,1215000000,1221000000,0.004180908203125,0.0001125335693359375,0.15456390380859375
39516997747,2863,53768636297,1215000000,1221000000,0.003936767578125,0.000118255615234375,0.875885009765625
39516997747,2873,938885672,1215000000,1221000000,0.00360870361328125,0.0001087188720703125,0.13382720947265625
39516997747,3639,2449887612,1215000000,1221000000,0.0049591064453125,0.0001068115234375,1.1246337890625
39516997747,3990,573370823,1215000000,1221000000,0.00153350830078125,0.0001163482666015625,0.01979827880859375
39516997747,2550,2449889587,1215000000,1221000000,0.00315093994140625,0.0001163482666015625,0.156829833984375
39516997747,3993,92067664558,1215000000,1221000000,0.002925872802734375,0.00013065338134765625,0.036678314208984375
39516997747,4243,360096702834,1215000000,1221000000,0.00330352783203125,0.00010967254638671875,0.26622962951660156
39516997747,3290,9592075974,1215000000,1221000000,0.003757476806640625,0.00010204315185546875,0.7873420715332031
39516997747,2553,21577705,1215000000,1221000000,0.002765655517578125,0.00011157989501953125,0.4488487243652344
374911141136,296,35882139265,1215000000,1221000000,0.004180908203125,0.0005512237548828125,0.7666053771972656
39516997747,3451,93510935292,1215000000,1221000000,0.003124237060546875,0.00011348724365234375,0.6799221038818359
39516997747,3004,331895612913,1215000000,1221000000,0.003566741943359375,0.0001163482666015625,0.7513504028320312
39516997747,2532,33686638642,1215000000,1221000000,0.00274658203125,0.0001125335693359375,0.8577346801757812
39516997747,3575,92158923145,1215000000,1221000000,0.003520965576171875,0.000110626220703125,0.15252685546875
39516997747,2301,373204374580,1215000000,1221000000,0.003284454345703125,0.00012111663818359375,0.24520111083984375
39516997747,4194,21578407,1215000000,1221000000,0.002964019775390625,0.00010776519775390625,0.49762916564941406
39516997747,3125,2449474036,1215000000,1221000000,0.00312042236328125,0.00010776519775390625,0.8135032653808594
330587128389,102,35881892188,1215000000,1221000000,0.0104522705078125,0.003475189208984375,0.41782379150390625
39516997747,3296,1579805381,1215000000,1221000000,0.00304412841796875,0.000118255615234375,0.7969207763671875
39516997747,2386,4646398247,1215000000,1221000000,0.002666473388671875,0.00011539459228515625,0.016691207885742188
39516997747,2446,20737117,1215000000,1221000000,0.00240325927734375,0.00011157989501953125,0.07544517517089844
39516997747,2544,6041306849,1215000000,1221000000,0.00223541259765625,0.00010967254638671875,0.05628204345703125
39516997747,2753,91996774776,1215000000,1221000000,0.0027008056640625,0.0001220703125,0.677490234375
39516997747,3598,23744479302,1215000000,1221000000,0.002643585205078125,0.0001277923583984375,0.21616744995117188
39516997747,4232,938989331,1215000000,1221000000,0.0028839111328125,0.00010776519775390625,0.7718524932861328
39516997747,3309,151951116,1215000000,1221000000,0.002864837646484375,0.000110626220703125,0.803375244140625
39516997747,3704,91998518921,1215000000,1221000000,0.002872467041015625,0.000118255615234375,0.2332763671875
39516997747,3255,151918272,1215000000,1221000000,0.003406524658203125,0.000118255615234375,0.5921630859375
39516997747,2399,92107632891,1215000000,1221000000,0.00290679931640625,0.00011348724365234375,0.8154773712158203
39516997747,2601,92155369893,1215000000,1221000000,0.002323150634765625,0.00012874603271484375,0.6620121002197266
330587125888,331,24272909868,1215000000,1219000000,1.9073486328125e-06,0.00017070770263671875,0.01795196533203125
39516997747,4097,1375591285,1215000000,1221000000,0.0032958984375,0.00010967254638671875,0.6743030548095703
39516997747,3525,4879353198,1215000000,1221000000,0.00440216064453125,0.0001201629638671875,0.6240806579589844
39516997747,2583,35970612219,1215000000,1221000000,0.003170013427734375,0.00012111663818359375,0.8688583374023438
39516997747,2939,91964076754,1215000000,1221000000,0.00238037109375,0.0001316070556640625,0.72344970703125
375007017814,0,86174076727,1215000000,1221000000,0.34130859375,0.002033233642578125,80.34198760986328
39516997747,2476,277670933362,1215000000,1221000000,0.0028533935546875,0.00012493133544921875,0.1429595947265625
39516997747,3647,91995401453,1215000000,1221000000,0.003143310546875,0.00013256072998046875,0.4913806915283203
39516997747,3667,360097418263,1215000000,1221000000,0.0039825439453125,0.00011444091796875,0.0245819091796875
39516997747,3090,81673209669,1215000000,1221000000,0.003047943115234375,0.0001201629638671875,0.5702590942382812
39516997747,3687,91998838601,1215000000,1221000000,0.003025054931640625,0.0001316070556640625,0.9469985961914062
39516997747,2754,20738128,1215000000,1221000000,0.0026702880859375,0.00010204315185546875,0.7152614593505859
330587123387,288,938906596,1215000000,1217000000,9.5367431640625e-07,0.00030994415283203125,0.015544891357421875
39516997747,4138,96915406618,1215000000,1221000000,0.00315093994140625,0.0001239776611328125,0.8252792358398438
39516997747,3406,4878929824,1215000000,1221000000,0.00273895263671875,0.00011730194091796875,0.5655384063720703
39516997747,2281,21247433,1215000000,1221000000,0.0032501220703125,0.00010585784912109375,0.46312522888183594
374247026495,0,93511266754,1215000000,1221000000,0.051025390625,0.001674652099609375,9.486007690429688
39516997747,4033,160134385357,1215000000,1221000000,0.0028839111328125,0.00013637542724609375,0.6523818969726562
39516997747,2902,1376476535,1215000000,1221000000,0.0029754638671875,0.0001068115234375,0.20343017578125
330587123387,679,93517468256,1215000000,1218000000,9.5367431640625e-07,0.00042819976806640625,0.05664825439453125
39516997747,3869,23621295953,1215000000,1221000000,0.003147125244140625,0.00011348724365234375,0.2738914489746094
362996470488,270,86196419461,1215000000,1221000000,0.0731201171875,0.0106201171875,11.55615234375
39516997747,3651,23749067748,1215000000,1221000000,0.003170013427734375,0.00011157989501953125,0.039379119873046875
39516997747,2884,21400962,1215000000,1221000000,0.003387451171875,0.00012111663818359375,0.9683647155761719
39516997747,2239,70532274179,1215000000,1221000000,0.0023651123046875,0.00012111663818359375,0.07458686828613281
39516997747,3998,92053946727,1215000000,1221000000,0.001800537109375,0.00012683868408203125,0.31223487854003906
39516997747,2681,25420131473,1215000000,1221000000,0.003368377685546875,0.00011157989501953125,0.3967151641845703
39516997747,4183,1128363179,1215000000,1221000000,0.002777099609375,0.00011157989501953125,0.8146076202392578
39516997747,3427,21375450,1215000000,1221000000,0.002899169921875,0.0001068115234375,0.378753662109375
39516997747,2950,92085635160,1215000000,1221000000,0.003330230712890625,0.00012302398681640625,1.0152568817138672
374247026495,53,23744544996,1215000000,1221000000,0.109619140625,0.001499176025390625,15.334327697753906
39516997747,3615,33154764599,1215000000,1221000000,0.00201416015625,0.0001354217529296875,0.20635986328125
39516997747,2398,70609539804,1215000000,1221000000,0.002361297607421875,0.00011920928955078125,0.1637134552001953
39516997747,3225,574011650,1215000000,1221000000,0.00350189208984375,0.00011157989501953125,0.5203399658203125
39516997747,2770,31126882,1215000000,1221000000,0.00466156005859375,0.00010776519775390625,1.373565673828125
39516997747,3772,35971245189,1215000000,1221000000,0.0023651123046875,0.00012302398681640625,0.41800689697265625
39516997747,2735,72049740908,1215000000,1221000000,0.0029296875,0.000118255615234375,0.4023284912109375
39516997747,3576,1375637387,1215000000,1221000000,0.003673553466796875,0.0001087188720703125,0.8396644592285156
39516997747,3091,23859179322,1215000000,1221000000,0.00278472900390625,0.0001125335693359375,0.8517951965332031
39516997747,3274,10881097258,1215000000,1221000000,0.003047943115234375,0.0001125335693359375,0.6826629638671875
374247026495,36,104829755120,1215000000,1221000000,0.1002197265625,0.0018062591552734375,3.060779571533203
330587123387,530,24273290461,1215000000,1221000000,0.0584716796875,0.01568603515625,9.788818359375
39516997747,2785,1375591285,1215000000,1221000000,0.0032958984375,0.00010585784912109375,0.8572425842285156
374247026495,7,105213728905,1215000000,1221000000,0.1019287109375,0.0017604827880859375,14.30910873413086
374471491412,546,70529183108,1215000000,1221000000,0.00420379638671875,0.0005064010620117188,0.7630519866943359
39516997747,3150,80222931586,1215000000,1221000000,0.003063201904296875,0.00012969970703125,0.4214630126953125
39516997747,3774,92046969599,1215000000,1221000000,0.001026153564453125,0.0001220703125,0.0688934326171875
39516997747,3136,91960537867,1215000000,1221000000,0.003192901611328125,0.0001220703125,0.5370254516601562
39516997747,3094,312160155837,1215000000,1221000000,0.003681182861328125,0.00011444091796875,0.43270111083984375
39516997747,3556,2448309089,1215000000,1221000000,0.00351715087890625,0.0001277923583984375,0.24056625366210938
39516997747,3808,62190300339,1215000000,1221000000,0.003253936767578125,0.00011539459228515625,0.040431976318359375
39516997747,4079,72035438938,1215000000,1221000000,0.003307342529296875,0.0001163482666015625,0.0821685791015625
374911141136,1443,938607467,1215000000,1221000000,0.00262451171875,0.00044918060302734375,0.59014892578125
39516997747,2876,20736696,1215000000,1221000000,0.00354766845703125,0.00010776519775390625,0.021932601928710938
39516997747,2355,35872736526,1215000000,1221000000,0.003314971923828125,0.0001125335693359375,0.7403411865234375
39516997747,4191,21109207,1215000000,1221000000,0.003322601318359375,0.00011444091796875,0.02062225341796875
39516997747,4273,289092443547,1215000000,1221000000,0.00421142578125,0.00011444091796875,1.297760009765625
39516997747,3446,1376524358,1215000000,1221000000,0.00278472900390625,0.00010776519775390625,0.7462635040283203
98263155177,2,92001165963,1215000000,1217000000,0.00029087066650390625,0.000690460205078125,0.09224510192871094
39516997747,4095,35882381152,1215000000,1221000000,0.00283050537109375,0.00011444091796875,0.53009033203125
39516997747,4276,92080819896,1215000000,1221000000,0.00273895263671875,0.0001220703125,0.7038116455078125
372931495537,78,23749267335,1215000000,1218000000,0.001071929931640625,1.9073486328125e-05,0.10146331787109375
39516997747,2470,183544780908,1215000000,1221000000,0.002716064453125,0.00010395050048828125,0.7444839477539062
330587128389,695,102979249967,1215000000,1221000000,0.0279541015625,0.00848388671875,3.2794189453125
39516997747,2414,4646402137,1215000000,1221000000,0.003662109375,0.000118255615234375,0.2268218994140625
39516997747,2967,92027238667,1215000000,1221000000,0.003787994384765625,0.0001163482666015625,0.7027816772460938
358741519657,103,96914917362,1215000000,1221000000,0.0101165771484375,0.0006628036499023438,2.263669967651367
39516997747,3737,1375592479,1215000000,1221000000,0.002872467041015625,0.000110626220703125,0.7159423828125
39516997747,3429,344392224859,1215000000,1221000000,0.00328826904296875,0.00011348724365234375,0.7756004333496094
39516997747,2836,250621754048,1215000000,1221000000,0.003208160400390625,0.0001220703125,0.5794601440429688
39516997747,2443,20736672,1215000000,1221000000,0.00276947021484375,0.00012111663818359375,0.43358802795410156
39516997747,3416,1377542099,1215000000,1221000000,0.00400543212890625,0.0001125335693359375,0.9141883850097656
330587165471,224,24270689586,1215000000,1221000000,0.0479736328125,0.0106201171875,0.3515625
330587160469,422,24273290456,1216000000,1221000000,0.026824951171875,0.0051727294921875,7.999420166015625
330587138493,665,71969689680,1216000000,1221000000,0.024139404296875,0.0009765625,2.26043701171875
39516997747,2862,2960669854,1216000000,1221000000,0.0045623779296875,0.0001087188720703125,0.2569103240966797
330587135936,329,23741648397,1216000000,1221000000,0.0083465576171875,0.003208160400390625,2.484264373779297
39516997747,2965,4459173823,1216000000,1221000000,0.002956390380859375,0.0001125335693359375,0.47568321228027344
39516997747,3989,74466240013,1216000000,1221000000,0.003070831298828125,0.00012683868408203125,0.511627197265625
330587222908,192,4450915510,1216000000,1221000000,0.0112152099609375,0.0008258819580078125,0.9030818939208984
39516997747,2942,1377352765,1216000000,1221000000,0.00344085693359375,0.000110626220703125,0.03551483154296875
39516997747,4278,92160134653,1216000000,1221000000,0.00392913818359375,0.0001125335693359375,0.7072925567626953
374909844736,6,105231187869,1216000000,1221000000,0.000728607177734375,0.0008039474487304688,0.06896495819091797
39516997747,3624,92160134653,1216000000,1221000000,0.004119873046875,0.00011348724365234375,0.677337646484375
39516997747,3106,86186157472,1216000000,1221000000,0.003292083740234375,0.0001163482666015625,0.7157707214355469
372382526837,91,21128900,1216000000,1221000000,0.002685546875,0.0008563995361328125,0.3364849090576172
39516997747,2791,25541879559,1216000000,1221000000,0.003021240234375,0.00010967254638671875,0.14089107513427734
39516997747,3273,24272837454,1216000000,1221000000,0.00305938720703125,0.00011348724365234375,0.047593116760253906
330587141000,324,22506460,1216000000,1221000000,0.06982421875,0.01788330078125,20.1727294921875
374911141136,1479,1377154500,1216000000,1221000000,0.004547119140625,0.0005216598510742188,0.9377241134643555
374247026495,21,104791526320,1216000000,1221000000,0.15673828125,0.0015430450439453125,1.5828132629394531
39516997747,4104,82402263969,1216000000,1221000000,0.002651214599609375,0.000110626220703125,0.2899932861328125
374911141136,1228,102983126799,1216000000,1221000000,0.00665283203125,0.00052642822265625,1.2563705444335938
330587108283,44,104807775059,1216000000,1221000000,0.01898193359375,0.003505706787109375,1.2368202209472656
330587108283,226,198385423316,1216000000,1221000000,0.0732421875,0.016326904296875,4.47845458984375
39516997747,3785,33686537638,1216000000,1221000000,0.00264739990234375,0.00012302398681640625,0.41556358337402344
374471402991,36,373215977000,1216000000,1221000000,0.0008420944213867188,0.000732421875,0.16532421112060547
39516997747,2373,21243995,1216000000,1221000000,0.003292083740234375,0.00010967254638671875,0.45923709869384766
374676035973,2003,373578512553,1216000000,1221000000,0.00579071044921875,0.00160980224609375,0.8880615234375
39516997747,2685,92314416730,1216000000,1221000000,0.0032196044921875,0.000118255615234375,0.6842613220214844
39516997747,2492,938882746,1216000000,1221000000,0.002422332763671875,0.00010967254638671875,0.26586055755615234
374998525200,10,23744451421,1216000000,1221000000,0.02069091796875,0.00133514404296875,1.4316940307617188
330587162970,358,21430421,1216000000,1221000000,0.02862548828125,0.0106048583984375,1.7653656005859375
221558903053,1,160131865529,1216000000,1218000000,0.0005025863647460938,0.0006256103515625,0.058666229248046875
39516997747,3396,373215977000,1216000000,1221000000,0.00392913818359375,7.152557373046875e-05,0.5200862884521484
39516997747,4215,1377961507,1216000000,1221000000,0.003330230712890625,0.00011157989501953125,0.5851078033447266
375007040300,0,92027238667,1216000000,1221000000,0.1158447265625,0.002101898193359375,11.20492935180664
374911141136,735,24273428028,1216000000,1221000000,0.0067596435546875,0.0005273818969726562,1.3116645812988281
330587110827,654,102983126799,1216000000,1221000000,0.0911865234375,0.021270751953125,24.178314208984375
39516997747,3444,334632915891,1216000000,1221000000,0.002227783203125,0.0001239776611328125,0.08231163024902344
39516997747,2481,4459357636,1216000000,1221000000,0.00392913818359375,0.00012969970703125,0.97412109375
330587204926,487,23744418408,1216000000,1221000000,0.05352783203125,0.008056640625,11.085205078125
39516997747,3908,151918117,1216000000,1221000000,0.00312042236328125,0.000118255615234375,0.4372215270996094
39516997747,4058,77441870790,1216000000,1221000000,0.0048370361328125,0.0001125335693359375,0.79193115234375
39516997747,2285,12749983782,1216000000,1221000000,0.0024566650390625,0.00011444091796875,0.6427764892578125
39516997747,3228,9586471742,1216000000,1221000000,0.00354766845703125,0.00010776519775390625,0.3838205337524414
330587138493,82,24273290456,1216000000,1221000000,0.140380859375,0.0145111083984375,17.038116455078125
39516997747,3358,86171825425,1216000000,1221000000,0.004058837890625,0.00012111663818359375,0.37619590759277344
39516997747,3602,939928517,1216000000,1221000000,0.00438690185546875,0.00010967254638671875,0.8993148803710938
374911141136,1446,348736002402,1216000000,1221000000,0.007598876953125,0.0005006790161132812,1.3364267349243164
330587170473,454,1579686811,1216000000,1221000000,0.09423828125,0.018402099609375,1.689605712890625
39516997747,4178,2960669854,1216000000,1221000000,0.0044708251953125,0.00011348724365234375,0.29798030853271484
330587141000,423,24273290456,1216000000,1221000000,0.077880859375,0.016876220703125,21.79412841796875
39516997747,2605,21387315,1216000000,1221000000,0.003490447998046875,0.00011444091796875,0.4506111145019531
374247026495,25,96916554433,1216000000,1221000000,0.138427734375,0.0017032623291015625,29.427509307861328
39516997747,3486,73747862670,1216000000,1221000000,0.003269195556640625,0.00012302398681640625,0.40706634521484375
374247026495,12,70530389080,1216000000,1221000000,0.18505859375,0.0018749237060546875,4.673337936401367
39516997747,2496,21087191,1216000000,1221000000,0.003387451171875,0.00011157989501953125,0.2449321746826172
39516997747,2762,939000756,1216000000,1221000000,0.003810882568359375,0.000110626220703125,0.86273193359375
39516997747,3272,23624543364,1216000000,1221000000,0.0027313232421875,0.00011348724365234375,0.5405139923095703
39516997747,4231,2961052849,1216000000,1221000000,0.003406524658203125,0.0001068115234375,0.6499671936035156
39516997747,3906,1131112486,1216000000,1221000000,0.003589630126953125,0.00011539459228515625,0.6298542022705078
39516997747,2559,319973517188,1216000000,1221000000,0.00467681884765625,0.00012493133544921875,0.9843587875366211
39516997747,3662,23859429673,1216000000,1221000000,0.00372314453125,0.0001125335693359375,0.8246707916259766
39516997747,4197,20736664,1216000000,1221000000,0.002513885498046875,0.00010967254638671875,0.23612022399902344
374911141136,966,1578827730,1216000000,1220000000,0.00020503997802734375,0.000141143798828125,0.042926788330078125
374471438640,255,374228892661,1216000000,1221000000,0.003505706787109375,0.0008544921875,0.6322288513183594
374247026495,61,85497379386,1216000000,1221000000,0.1124267578125,0.001461029052734375,19.360923767089844
330587147960,421,23621187008,1216000000,1221000000,0.0556640625,0.01446533203125,8.76617431640625
374676035973,3610,23621129089,1216000000,1221000000,0.0045013427734375,0.00014495849609375,0.6272506713867188
39516997747,2524,70514931690,1216000000,1221000000,0.003025054931640625,0.0001220703125,0.3304481506347656
374104938007,966,96915425371,1216000000,1221000000,0.03289794921875,0.00321197509765625,3.610992431640625
39516997747,2602,23744627217,1216000000,1221000000,0.002796173095703125,0.00011539459228515625,0.2474832534790039
39516997747,2576,92118456958,1216000000,1221000000,0.0036468505859375,0.00012111663818359375,0.8477926254272461
39516997747,3050,260488612335,1216000000,1221000000,0.00305938720703125,0.00011444091796875,0.41259765625
39516997747,3103,33686755275,1216000000,1221000000,0.002758026123046875,0.00011348724365234375,0.4163694381713867
39516997747,3691,23748876473,1216000000,1221000000,0.002490997314453125,0.00010967254638671875,0.6501674652099609
39516997747,3015,4459587993,1216000000,1221000000,0.00370025634765625,0.00011539459228515625,0.7058954238891602
330587170473,498,23624406299,1216000000,1221000000,0.0223388671875,0.00563812255859375,5.735282897949219
39516997747,3795,80674136922,1216000000,1221000000,0.0024261474609375,0.0001163482666015625,0.15254974365234375
375007040278,0,92136995832,1216000000,1221000000,0.15478515625,0.002777099609375,33.08807373046875
359852128644,729,2958223236,1216000000,1221000000,0.029449462890625,0.0095672607421875,3.90167236328125
39516997747,2949,572512388,1216000000,1221000000,0.003276824951171875,0.00011539459228515625,0.763249397277832
39516997747,4093,23860522120,1216000000,1221000000,0.002902984619140625,0.00011539459228515625,0.5885839462280273
374911141136,196,105231187869,1216000000,1221000000,0.0008039474487304688,0.000415802001953125,0.030493736267089844
39516997747,2549,938679572,1216000000,1221000000,0.0030364990234375,0.0001068115234375,0.1885986328125
39516997747,3836,102401376195,1216000000,1221000000,0.0038299560546875,0.00011444091796875,0.25638580322265625
39516997747,3791,20736938,1216000000,1221000000,0.003459930419921875,0.00010776519775390625,0.10703086853027344
330587274558,632,92027238668,1216000000,1221000000,0.107177734375,0.01904296875,5.048828125
39516997747,3702,290999392598,1216000000,1221000000,0.00276947021484375,0.0001125335693359375,0.3746604919433594
39516997747,3709,4451038310,1216000000,1221000000,0.00406646728515625,0.00012874603271484375,0.9229469299316406
39516997747,2547,92006921650,1216000000,1221000000,0.0033111572265625,0.0001201629638671875,0.4975414276123047
330587138493,258,198385423316,1216000000,1221000000,0.123779296875,0.022857666015625,12.464141845703125
320180842771,13,23744692363,1216000000,1221000000,0.0095672607421875,0.0010223388671875,2.594451904296875
39516997747,3270,23620929457,1216000000,1221000000,0.0039520263671875,0.0001163482666015625,0.42717933654785156
374471436665,6,23744554039,1216000000,1221000000,0.0096893310546875,0.0061798095703125,2.2216796875
39516997747,3217,77443627382,1216000000,1221000000,0.00316619873046875,0.000110626220703125,0.21299362182617188
39516997747,3698,1376555935,1216000000,1221000000,0.0029449462890625,0.00011348724365234375,0.0764608383178711
330587204926,30,21549937,1216000000,1221000000,0.0100250244140625,0.003215789794921875,1.588897705078125
39516997747,2530,20737083,1216000000,1221000000,0.003383636474609375,0.0001163482666015625,0.5949974060058594
374911141136,1358,19875050965,1216000000,1221000000,0.00521087646484375,0.0007410049438476562,1.3391733169555664
39516997747,2759,939097667,1216000000,1221000000,0.002933502197265625,0.00011157989501953125,0.44153690338134766
39516997747,2401,4878336888,1216000000,1221000000,0.003826141357421875,0.000110626220703125,0.373992919921875
39516997747,3258,1944787075,1216000000,1221000000,0.0033416748046875,9.632110595703125e-05,0.3437995910644531
39516997747,3886,1377642916,1216000000,1221000000,0.00333404541015625,0.0001125335693359375,0.7582473754882812
39516997747,3726,21372217,1216000000,1221000000,0.003742218017578125,0.0001125335693359375,0.7902240753173828
39516997747,2711,23624406301,1216000000,1221000000,0.003337860107421875,0.0001163482666015625,0.2590656280517578
374247026495,43,23624487591,1216000000,1221000000,0.1046142578125,0.0017032623291015625,20.731916427612305
39516997747,2526,1377961506,1216000000,1221000000,0.00318145751953125,0.0001125335693359375,0.32939910888671875
374675861423,1858,70516116333,1216000000,1221000000,0.00836181640625,0.00439453125,1.0205078125
374911141136,609,92119791399,1216000000,1221000000,0.001556396484375,0.00042438507080078125,0.4357719421386719
39516997747,3278,574216485,1216000000,1221000000,0.002758026123046875,0.0001125335693359375,0.4879951477050781
39516997747,2177,23749268179,1216000000,1221000000,0.002910614013671875,0.00010967254638671875,0.5587530136108398
39516997747,4118,92005517755,1216000000,1221000000,0.0032501220703125,0.000118255615234375,0.8420944213867188
39516997747,3766,1377921153,1216000000,1221000000,0.0028839111328125,0.0001087188720703125,0.1945209503173828
374247026495,60,35872801579,1216000000,1221000000,0.066162109375,0.0017986297607421875,12.912540435791016
39516997747,2429,20737060,1216000000,1221000000,0.003101348876953125,0.0001163482666015625,0.4665660858154297
39516997747,4268,1376332591,1216000000,1221000000,0.00415802001953125,0.0001125335693359375,0.2989387512207031
330587150465,232,21400968,1216000000,1221000000,0.066650390625,0.01177978515625,2.3529052734375
39516997747,2990,21437725,1216000000,1221000000,0.003330230712890625,0.00010967254638671875,0.1891946792602539
39516997747,3095,92176087725,1216000000,1221000000,0.00305938720703125,0.00011920928955078125,0.7946491241455078
39516997747,3107,4451128776,1216000000,1221000000,0.00347137451171875,0.00011348724365234375,0.25094032287597656
39516997747,4099,12749983782,1216000000,1221000000,0.002498626708984375,0.0001163482666015625,0.3007221221923828
39516997747,3239,27305990,1216000000,1221000000,0.002483367919921875,0.00010967254638671875,0.47971248626708984
374911141136,1477,102893323408,1216000000,1221000000,0.004974365234375,0.0005102157592773438,1.0146474838256836
39516997747,3083,92178504966,1216000000,1221000000,0.003787994384765625,0.0001125335693359375,0.8581161499023438
330587209928,179,33151752931,1216000000,1221000000,0.001956939697265625,0.0007448196411132812,0.1756143569946289
330587133435,565,68670212936,1216000000,1221000000,0.0819091796875,0.017059326171875,2.474212646484375
374911141136,1437,1375623812,1216000000,1221000000,0.00421905517578125,0.000537872314453125,0.33298492431640625
374911141136,918,92119791399,1216000000,1221000000,0.0009374618530273438,0.00035762786865234375,0.14893531799316406
39516997747,2888,20734328,1216000000,1221000000,0.00439453125,0.0001087188720703125,0.45032501220703125
374247026495,28,68668537196,1216000000,1221000000,0.05841064453125,0.0019359588623046875,9.957189559936523
330587113342,9,24273290456,1216000000,1221000000,0.0546875,0.016143798828125,1.062469482421875
39516997747,3580,22672367,1216000000,1221000000,0.004058837890625,0.00011157989501953125,0.4378938674926758
212047477406,1407,1580068659,1216000000,1221000000,0.0082550048828125,0.0006856918334960938,2.1904706954956055
39516997747,2660,24270518521,1216000000,1221000000,0.0017719268798828125,0.0001277923583984375,0.417938232421875
39516997747,4185,4915091392,1216000000,1221000000,0.00331878662109375,0.00011348724365234375,0.6692934036254883
374780821309,1506,1376540829,1216000000,1221000000,0.062255859375,0.015869140625,15.234375
39516997747,3301,32974609156,1216000000,1221000000,0.00321197509765625,0.00010395050048828125,0.09947776794433594
39516997747,2461,35521752,1216000000,1221000000,0.00322723388671875,0.0001125335693359375,0.28388023376464844
39516997747,3812,575009071,1216000000,1221000000,0.00434112548828125,0.00011157989501953125,0.9795951843261719
374675956470,3937,24273290456,1216000000,1221000000,0.00110626220703125,0.00146484375,0.11569976806640625
330587125888,131,23624080251,1216000000,1221000000,0.0931396484375,0.020538330078125,12.50457763671875
39516997747,2527,92052229391,1216000000,1221000000,0.003025054931640625,0.0001201629638671875,0.754852294921875
39516997747,4048,23749025292,1216000000,1221000000,0.0044403076171875,0.00011157989501953125,0.8648586273193359
330587162970,107,24273290456,1216000000,1221000000,0.11181640625,0.012481689453125,14.915771484375
39516997747,2409,36293180717,1216000000,1221000000,0.0036163330078125,0.000110626220703125,0.3913307189941406
39516997747,3075,74466806846,1216000000,1221000000,0.0040740966796875,0.000102996826171875,0.2506256103515625
39516997747,3832,24272657171,1216000000,1221000000,0.002849578857421875,0.00012302398681640625,0.475616455078125
39516997747,3548,102893081201,1216000000,1221000000,0.00311279296875,0.000110626220703125,0.644683837890625
374247026495,11,159597426164,1216000000,1221000000,0.04400634765625,0.001495361328125,4.777679443359375
39516997747,4087,1375593982,1216000000,1221000000,0.003387451171875,0.0001125335693359375,0.12249946594238281
39516997747,4192,21243995,1216000000,1221000000,0.00305938720703125,0.0001068115234375,0.5540847778320312
39516997747,3569,92029884620,1216000000,1221000000,0.003173828125,0.00011730194091796875,0.1481008529663086
39516997747,3557,151919866,1216000000,1221000000,0.00350189208984375,0.0001068115234375,0.8300018310546875
39516997747,3670,92039150211,1216000000,1221000000,0.003875732421875,0.0001239776611328125,0.19998550415039062
330587157968,305,20736662,1216000000,1218000000,9.5367431640625e-07,0.0002593994140625,0.018224716186523438
39516997747,4055,373215977000,1216000000,1221000000,0.002880096435546875,8.869171142578125e-05,0.43047428131103516
39516997747,3093,1375614967,1216000000,1221000000,0.00402069091796875,0.00011157989501953125,0.5371952056884766
330587118384,21,70550628060,1216000000,1221000000,0.0855712890625,0.019805908203125,21.075439453125
374675861423,672,1376540829,1216000000,1221000000,0.0011463165283203125,0.0014133453369140625,0.4607391357421875
39516997747,2412,1375590906,1216000000,1221000000,0.0036468505859375,0.00010967254638671875,0.3193044662475586
374911141136,227,19875050965,1216000000,1221000000,0.00307464599609375,0.001087188720703125,0.9364128112792969
39516997747,3360,20981430,1216000000,1221000000,0.00402069091796875,0.00010776519775390625,0.16513824462890625
374909861940,1,51579469091,1217000000,1221000000,0.002346038818359375,0.0003757476806640625,0.20685577392578125
375007040253,0,70609645474,1217000000,1221000000,0.0557861328125,0.0018215179443359375,4.839042663574219
330587274558,539,21814903,1217000000,1221000000,0.00377655029296875,0.0007476806640625,0.54290771484375
375004994144,0,92035061455,1217000000,1220000000,0.00403594970703125,0.0017337799072265625,0.1904010772705078
39516997747,2489,24173347641,1217000000,1221000000,0.00362396240234375,0.0001068115234375,0.50738525390625
372382526837,167,21361385,1217000000,1221000000,0.0062255859375,0.0008478164672851562,0.028293609619140625
372382526837,694,2791077613,1217000000,1220000000,0.0002307891845703125,9.5367431640625e-07,0.02780914306640625
330587135936,286,92004492241,1217000000,1221000000,0.0469970703125,0.020843505859375,9.76904296875
375004993774,0,92768602789,1217000000,1220000000,0.00446319580078125,0.0018768310546875,0.7037429809570312
374675956470,3934,24273290456,1217000000,1221000000,0.002063751220703125,0.0014019012451171875,0.0277252197265625
374909862629,64,250620412793,1217000000,1221000000,0.002071380615234375,0.0009222030639648438,0.07184600830078125
330587110827,394,35872531883,1217000000,1221000000,0.05841064453125,0.019989013671875,6.899169921875
330587147960,392,21247437,1217000000,1221000000,0.06591796875,0.01959228515625,9.235107421875
39516997747,3863,23742030445,1217000000,1221000000,0.002613067626953125,0.00010585784912109375,0.17401123046875
374911141136,773,19876456161,1217000000,1221000000,0.0014972686767578125,0.0005788803100585938,0.18270111083984375
245891704446,104,92037662477,1217000000,1221000000,0.0124359130859375,0.019805908203125,0.515869140625
128381343012,560,151923678,1217000000,1221000000,0.055419921875,0.004180908203125,5.9600830078125
330587290520,640,86196419461,1217000000,1221000000,0.00518798828125,0.0008716583251953125,0.31510162353515625
374911141136,679,10879631568,1217000000,1221000000,0.0008478164672851562,0.000453948974609375,0.15100479125976562
320180842771,3,72041921195,1217000000,1221000000,0.0098419189453125,0.001087188720703125,0.87432861328125
374675907533,5981,50802703512,1217000000,1221000000,0.00202178955078125,0.0014324188232421875,0.5388565063476562
374911141136,0,24273051131,1217000000,1221000000,0.001415252685546875,0.0005292892456054688,0.12445068359375
39516997747,2466,20736939,1217000000,1221000000,0.00286102294921875,0.00010776519775390625,0.30875396728515625
330587160469,467,70525860597,1217000000,1221000000,0.12109375,0.023712158203125,5.2130126953125
330587147960,659,92004492241,1217000000,1221000000,0.06689453125,0.02008056640625,14.959716796875
374911141136,1445,71969708572,1217000000,1221000000,0.00434112548828125,0.0001201629638671875,0.12491607666015625
375003929216,8,72046232663,1217000000,1221000000,0.0074615478515625,0.0010623931884765625,1.3297348022460938
375007017602,0,92115051344,1217000000,1221000000,0.0733642578125,0.0017604827880859375,7.512474060058594
330587157968,461,104792148945,1217000000,1221000000,0.1156005859375,0.0106048583984375,19.1832275390625
374911141136,824,19882840092,1217000000,1221000000,0.0011539459228515625,0.00039768218994140625,0.3041191101074219
360229350551,1107,105126720436,1217000000,1221000000,0.00441741943359375,0.0006132125854492188,0.160980224609375
330587138493,28,24273569706,1217000000,1221000000,0.06060791015625,0.02001953125,3.547607421875
375003935097,0,92101747826,1217000000,1219000000,0.000408172607421875,0.00011920928955078125,0.0084381103515625
374471491589,211,250620412793,1217000000,1221000000,0.0013217926025390625,0.0006132125854492188,0.32508087158203125
374911141136,1444,21430418,1217000000,1221000000,0.00551605224609375,0.00045108795166015625,0.4535026550292969
330587125888,581,345311941616,1217000000,1221000000,0.0136260986328125,0.003353118896484375,1.222503662109375
330587130890,663,92126503771,1217000000,1221000000,0.1241455078125,0.021514892578125,26.2188720703125
374780795775,1523,102983644369,1217000000,1221000000,0.014739990234375,0.0144500732421875,1.28436279296875
372382526837,521,92071411241,1217000000,1221000000,0.0089111328125,0.0006513595581054688,0.917999267578125
330587155467,769,24173391036,1217000000,1219000000,9.5367431640625e-07,0.00011444091796875,0.009923934936523438
330587147960,368,104792148944,1217000000,1221000000,0.089111328125,0.016387939453125,5.4859619140625
374675956470,4756,50802703512,1217000000,1221000000,0.001094818115234375,0.00148773193359375,0.1136322021484375
330587160469,283,25013784437,1217000000,1221000000,0.0343017578125,0.0080108642578125,0.16925048828125
276507686897,45,92029669380,1217000000,1221000000,0.018463134765625,0.0014438629150390625,0.4777679443359375
39516997747,2588,55053145426,1217000000,1221000000,0.0045318603515625,0.0001087188720703125,0.24131011962890625
374911141136,1483,26190928,1217000000,1221000000,0.00228118896484375,0.0005559921264648438,0.06809234619140625
374911141136,813,19882840092,1217000000,1221000000,0.0006198883056640625,0.00041866302490234375,0.14124298095703125
39516997747,1747,348437385956,1217000000,1221000000,0.0029754638671875,0.00012111663818359375,0.3963623046875
330587123387,626,373578848227,1217000000,1221000000,0.0845947265625,0.020843505859375,14.7613525390625
330587113342,676,92004492241,1217000000,1221000000,0.020172119140625,0.00372314453125,2.3895263671875
374247026495,13,70537550056,1217000000,1221000000,0.10302734375,0.001926422119140625,0.839630126953125
290856018555,66,92153473438,1217000000,1221000000,0.0080718994140625,0.0045928955078125,1.8743896484375
374675848189,155,22493662,1217000000,1221000000,0.00421905517578125,0.0015125274658203125,0.38974761962890625
330587118384,663,92004492241,1217000000,1221000000,0.06146240234375,0.019866943359375,14.31396484375
330587217906,591,297121831121,1217000000,1221000000,0.0007944107055664062,0.0006189346313476562,0.04522705078125
330587133435,470,104791581600,1217000000,1221000000,0.018096923828125,0.003505706787109375,0.6912841796875
330587160469,22,149406354318,1217000000,1221000000,0.04901123046875,0.014129638671875,3.03076171875
39516997747,102,35970848854,1217000000,1221000000,0.0009546279907226562,0.00011444091796875,0.004276275634765625
375007042895,0,81673209669,1217000000,1221000000,0.143798828125,0.002574920654296875,16.39385986328125
330587207427,231,24290057413,1217000000,1221000000,0.1021728515625,0.018890380859375,1.4527587890625
330587120885,9,344075886232,1217000000,1221000000,0.1031494140625,0.0186767578125,4.3857421875
374911141136,136,20737114,1217000000,1221000000,0.0006656646728515625,0.00035381317138671875,0.17127227783203125
374911141136,455,19876456161,1217000000,1221000000,0.00041484832763671875,0.00029277801513671875,0.0849151611328125
362996470488,78,20146444291,1217000000,1221000000,0.0081024169921875,0.0008487701416015625,0.17902374267578125
374911141136,1489,13260104935,1217000000,1221000000,0.00534820556640625,0.00039768218994140625,1.10321044921875
39516997747,3851,573115987,1217000000,1221000000,0.003253936767578125,0.0001277923583984375,0.595184326171875
330587128389,25,250625159096,1217000000,1219000000,3.814697265625e-06,0.0001125335693359375,0.003025054931640625
374911141136,1121,373219144059,1217000000,1221000000,0.0006122589111328125,0.00046253204345703125,0.030094146728515625
39516997747,3614,1376332591,1217000000,1221000000,0.00403594970703125,0.00010585784912109375,0.4638824462890625
39516997747,2406,4469274180,1217000000,1221000000,0.003696441650390625,0.000118255615234375,0.67138671875
39516997747,3893,2509904485,1217000000,1221000000,0.003200531005859375,0.00011157989501953125,0.6491737365722656
374911141136,383,102894346373,1217000000,1221000000,0.001018524169921875,0.00043582916259765625,0.13380050659179688
39516997747,3214,77440911400,1217000000,1221000000,0.00299835205078125,0.00011444091796875,0.42333984375
330587157968,482,1185804100,1217000000,1221000000,0.044189453125,0.00921630859375,7.6904296875
374909858434,56,360232054154,1217000000,1221000000,0.000774383544921875,0.0006265640258789062,0.061641693115234375
359852128644,674,24270900725,1217000000,1221000000,0.035400390625,0.0103912353515625,0.54949951171875
39516997747,2892,102893323406,1217000000,1221000000,0.0042572021484375,0.00012111663818359375,0.28021240234375
330587155467,234,361046238087,1217000000,1221000000,0.026031494140625,0.0079498291015625,1.631103515625
39516997747,3173,82403624792,1217000000,1221000000,0.002735137939453125,0.000110626220703125,0.557769775390625
39516997747,2658,55049743664,1217000000,1221000000,0.002414703369140625,0.0001087188720703125,0.25234222412109375
39516997747,3545,1377583255,1217000000,1221000000,0.0036773681640625,0.0001068115234375,0.4541015625
374911141136,729,96916399650,1217000000,1221000000,0.001708984375,0.0005273818969726562,0.01789093017578125
374247026495,8,250619380620,1217000000,1221000000,0.0745849609375,0.001651763916015625,4.269256591796875
39516997747,2422,20737862,1217000000,1221000000,0.00342559814453125,0.0001125335693359375,0.33966064453125
39516997747,3736,2960646991,1217000000,1221000000,0.003856658935546875,0.0001068115234375,0.3646392822265625
39516997747,3840,92029923930,1217000000,1221000000,0.00372314453125,0.0001125335693359375,0.5676803588867188
359246123852,0,70609645474,1217000000,1221000000,0.00386810302734375,0.0005664825439453125,0.05321502685546875
39516997747,2433,92047905109,1217000000,1221000000,0.002880096435546875,0.000133514404296875,0.301361083984375
330587290520,75,55045652578,1217000000,1218000000,0.0003662109375,9.5367431640625e-07,0.016889572143554688
374911141136,1480,574480415,1217000000,1221000000,0.010467529296875,0.0003032684326171875,1.1201629638671875
330587155467,392,149406354318,1217000000,1221000000,0.104248046875,0.010833740234375,0.4603271484375
374909856633,446,96915406618,1217000000,1221000000,0.002193450927734375,0.0006923675537109375,0.01154327392578125
330587262052,667,251825475996,1217000000,1221000000,0.05401611328125,0.014801025390625,5.7806396484375
330587123387,152,24273290456,1217000000,1221000000,0.0904541015625,0.0104827880859375,2.82623291015625
39516997747,4060,72296909224,1217000000,1221000000,0.001674652099609375,0.00017642974853515625,0.19251251220703125
39516997747,4245,92047905109,1217000000,1221000000,0.002956390380859375,0.000125885009765625,0.3082275390625
330587150465,659,72046232663,1217000000,1220000000,9.5367431640625e-07,0.0001373291015625,0.014934539794921875
39516997747,3644,2449416061,1217000000,1221000000,0.003276824951171875,0.0001068115234375,0.3112945556640625
39516997747,3317,71983548415,1217000000,1221000000,0.002460479736328125,0.00012493133544921875,0.4240074157714844
128381343012,243,1639249081,1217000000,1221000000,0.0570068359375,0.0041656494140625,6.60662841796875
374909856633,844,104794564547,1217000000,1219000000,0.000484466552734375,0.00034046173095703125,0.07754325866699219
374911141136,1005,96915406614,1217000000,1221000000,0.001384735107421875,0.0005826950073242188,0.37774658203125
330587108283,627,360234052793,1217000000,1221000000,0.1124267578125,0.0198974609375,8.998046875
39516997747,2255,23860511659,1217000000,1221000000,0.002941131591796875,0.0001087188720703125,0.20738983154296875
374911141136,254,19882051226,1217000000,1221000000,0.0004863739013671875,0.0004100799560546875,0.164947509765625
374675956470,3858,50802703512,1217000000,1221000000,0.0011882781982421875,0.001461029052734375,0.11656951904296875
330587152966,441,104791499780,1217000000,1221000000,0.126708984375,0.0106201171875,11.53564453125
330587110827,332,2448159272,1217000000,1219000000,1.9073486328125e-06,0.00031375885009765625,0.030935287475585938
374471438640,335,70520580595,1217000000,1219000000,0.001834869384765625,9.632110595703125e-05,0.11587142944335938
374247026495,17,358890989757,1217000000,1221000000,0.04949951171875,0.00165557861328125,6.5478515625
374909856633,379,96916399650,1217000000,1221000000,0.0015087127685546875,0.0006046295166015625,0.21978759765625
39516997747,2521,92126319438,1217000000,1221000000,0.0011138916015625,0.00012683868408203125,0.24814605712890625
330587155467,344,72052550086,1217000000,1221000000,0.0604248046875,0.012603759765625,14.605712890625
330587290520,687,1579670885,1217000000,1221000000,0.065185546875,0.0189208984375,2.0185546875
39516997747,3753,20736956,1217000000,1221000000,0.00279998779296875,0.00011157989501953125,0.3260955810546875
330587165471,368,373223557878,1217000000,1221000000,0.03460693359375,0.012603759765625,9.064453125
330587115883,643,23749026789,1217000000,1221000000,0.1180419921875,0.0206298828125,27.1796875
330587147960,129,2458077869,1217000000,1221000000,0.0089874267578125,0.00366973876953125,2.177032470703125
330587128389,203,24271004240,1217000000,1221000000,0.03131103515625,0.0082244873046875,3.162841796875
374471481092,3,143921553401,1217000000,1221000000,0.00091552734375,0.00034809112548828125,0.24766921997070312
249488453130,5,92047377875,1218000000,1221000000,0.0335693359375,0.0049896240234375,0.46270751953125
374911141136,132,20143045648,1218000000,1221000000,0.00087738037109375,0.00036716461181640625,0.018668174743652344
375004995885,0,91995401453,1218000000,1221000000,0.003505706787109375,0.00208282470703125,0.26824951171875
330587238433,566,373578831846,1218000000,1221000000,0.05487060546875,0.01910400390625,4.660400390625
330587160469,438,23744838703,1218000000,1221000000,0.0157470703125,0.00380706787109375,2.581146240234375
39516997747,2809,1145850547,1218000000,1221000000,0.003421783447265625,0.0001068115234375,0.50811767578125
39516997747,4277,359814292170,1218000000,1221000000,0.002712249755859375,0.00017452239990234375,0.16454601287841797
374471446678,52,1376330391,1218000000,1221000000,0.0007724761962890625,0.0009088516235351562,0.1160116195678711
39516997747,2986,289070946527,1218000000,1221000000,0.003551483154296875,9.822845458984375e-05,0.3722705841064453
39516997747,4113,143874086014,1218000000,1221000000,0.004241943359375,0.00019741058349609375,0.6659030914306641
39516997747,4262,494930931,1218000000,1221000000,0.00168609619140625,0.00018215179443359375,0.12330436706542969
330587155467,324,260488834008,1218000000,1221000000,0.071044921875,0.01202392578125,6.977783203125
330587152966,32,2449639095,1218000000,1221000000,0.04046630859375,0.0123138427734375,7.283660888671875
330587213089,425,348051721025,1218000000,1221000000,0.066650390625,0.0081939697265625,2.0207977294921875
330587259428,659,21394550,1218000000,1221000000,0.015899658203125,0.001979827880859375,0.7509384155273438
330587113342,295,50810713273,1218000000,1221000000,0.051025390625,0.00434112548828125,1.6609954833984375
39516997747,2586,169059263597,1218000000,1221000000,0.00341796875,8.58306884765625e-06,0.328948974609375
330587125888,65,217330070923,1218000000,1221000000,0.0338134765625,0.01226806640625,3.17962646484375
290856018555,67,92039127074,1218000000,1221000000,0.008697509765625,0.00435638427734375,1.6839523315429688
330587123387,572,68350915350,1218000000,1221000000,0.01605224609375,0.00321197509765625,1.38702392578125
39516997747,4270,45421909340,1218000000,1221000000,0.002429962158203125,0.0001811981201171875,0.0626678466796875
249488453130,6,575091537,1218000000,1221000000,0.01611328125,0.004638671875,0.99609375
39516997747,4247,335428790955,1218000000,1221000000,0.00200653076171875,0.00018596649169921875,0.059197425842285156
374911141136,175,70526346099,1218000000,1221000000,0.001308441162109375,0.00046634674072265625,0.2502450942993164
330587155467,660,50802703512,1218000000,1221000000,0.0279541015625,0.00777435302734375,1.3934097290039062
330587110827,288,54244629561,1218000000,1221000000,0.05206298828125,0.014556884765625,7.1949462890625
330587165471,149,102991260412,1218000000,1221000000,0.0518798828125,0.0125885009765625,5.028533935546875
330587135936,655,102983126799,1218000000,1221000000,0.0110626220703125,0.00586700439453125,1.5744552612304688
374675879196,3570,1945125302,1218000000,1221000000,0.0116424560546875,0.00128936767578125,0.7371139526367188
330587133435,656,23621055528,1218000000,1221000000,0.016143798828125,0.0034027099609375,2.0523834228515625
330587130890,696,24272501248,1218000000,1221000000,0.020538330078125,0.00560760498046875,3.3728256225585938
330587167972,434,20734339,1218000000,1221000000,0.139892578125,0.01873779296875,22.8427734375
330587267055,78,290999392599,1218000000,1221000000,0.004730224609375,0.0030975341796875,1.1037139892578125
39516997747,3787,199649547176,1218000000,1221000000,0.002956390380859375,9.822845458984375e-05,0.036655426025390625
374911141136,1455,128500100314,1218000000,1221000000,0.002475738525390625,0.00044727325439453125,0.21045684814453125
330587147960,666,23624518913,1218000000,1221000000,0.0712890625,0.022308349609375,2.527130126953125
359235111933,1,23859547979,1218000000,1221000000,0.00760650634765625,0.00045490264892578125,0.9190006256103516
374911141136,493,20143045648,1218000000,1221000000,0.00092315673828125,0.00043010711669921875,0.17863082885742188
39516997747,4114,68670098751,1218000000,1221000000,0.001750946044921875,0.000179290771484375,0.115814208984375
374780801778,335,23620912007,1218000000,1221000000,0.01605224609375,0.0056610107421875,0.5862579345703125
39516997747,2512,92058010956,1218000000,1221000000,0.002506256103515625,0.00012302398681640625,0.2760744094848633
359852128644,271,102983106586,1218000000,1221000000,0.2109375,0.0109100341796875,27.952789306640625
374675861423,4866,21204372,1218000000,1221000000,0.0007753372192382812,0.0012187957763671875,0.14357757568359375
330587118384,683,23624518913,1218000000,1221000000,0.029815673828125,0.01470947265625,0.80145263671875
374247026495,27,102983239692,1218000000,1221000000,0.114501953125,0.0015697479248046875,0.34821510314941406
39516997747,4162,70518056983,1218000000,1221000000,0.00223541259765625,0.0001926422119140625,0.0582733154296875
374471491589,278,23741807978,1218000000,1221000000,0.0077972412109375,0.000843048095703125,0.46657562255859375
330587213089,581,19876820938,1218000000,1221000000,0.002643585205078125,0.0008039474487304688,0.47575950622558594
39516997747,2827,105124143932,1218000000,1221000000,0.0042572021484375,0.0001163482666015625,0.26241302490234375
374911141136,1454,2060706639,1218000000,1221000000,0.0039520263671875,0.00042819976806640625,0.18396949768066406
330587135936,322,50802703512,1218000000,1221000000,0.0787353515625,0.0216064453125,4.515380859375
330587115883,163,1375379657,1218000000,1221000000,0.0872802734375,0.017547607421875,15.409698486328125
362996470488,425,105123342776,1218000000,1221000000,0.04913330078125,0.009185791015625,1.04974365234375
374909862629,142,1376330391,1218000000,1221000000,0.0004940032958984375,0.0007371902465820312,0.16621112823486328
375007040359,0,151918154,1218000000,1221000000,0.14599609375,0.002506256103515625,8.910140991210938
330587113342,409,23624518913,1218000000,1221000000,0.105712890625,0.020111083984375,7.5494384765625
39516997747,2718,23627506464,1218000000,1221000000,0.003589630126953125,0.0001049041748046875,0.177337646484375
39516997747,3593,2447757895,1218000000,1221000000,0.00209808349609375,0.00011157989501953125,0.21875667572021484
330587125888,602,1579533838,1218000000,1221000000,0.0517578125,0.02044677734375,2.1661376953125
99367804333,176,25535045122,1218000000,1221000000,0.03240966796875,0.00455474853515625,2.66143798828125
330587230524,640,24272890969,1218000000,1221000000,0.00022411346435546875,8.20159912109375e-05,0.03581714630126953
374675861423,4813,21204372,1218000000,1221000000,0.0007123947143554688,0.0013332366943359375,0.25161266326904297
330587108283,543,1639249081,1218000000,1220000000,1.9073486328125e-06,0.0001583099365234375,0.0009613037109375
330587125888,331,2458257986,1218000000,1221000000,0.010467529296875,0.000957489013671875,0.34275054931640625
358887942275,192,358258071961,1218000000,1221000000,0.09521484375,0.0017452239990234375,2.036161422729492
39516997747,4235,2448203686,1218000000,1221000000,0.002552032470703125,0.0001678466796875,0.0326385498046875
330587157968,268,24274076875,1218000000,1221000000,0.03375244140625,0.0123748779296875,5.1201324462890625
330587147960,385,20744584,1218000000,1221000000,0.0655517578125,0.015899658203125,4.8870849609375
374911141136,1103,250621754048,1218000000,1221000000,0.003559112548828125,0.0006818771362304688,0.07633781433105469
374675861423,4815,21204372,1218000000,1221000000,0.00087738037109375,0.001285552978515625,0.24008560180664062
330587160469,77,24273991390,1218000000,1221000000,0.1214599609375,0.01007080078125,6.3134765625
39516997747,4199,72041325831,1218000000,1221000000,0.0015087127685546875,0.000194549560546875,0.081756591796875
374911141136,481,80670186999,1218000000,1221000000,0.00457763671875,0.0004825592041015625,0.28843116760253906
375004994910,0,92084130565,1218000000,1221000000,0.0123748779296875,0.002033233642578125,1.9883193969726562
330587135936,675,24272952226,1218000000,1221000000,0.0242919921875,0.007293701171875,2.179412841796875
374911141136,1060,55051833116,1218000000,1221000000,0.00122833251953125,0.0006170272827148438,0.24358749389648438
39516997747,2375,36216742051,1218000000,1221000000,0.0019435882568359375,0.00011920928955078125,0.10520267486572266
39516997747,4080,22458760207,1218000000,1221000000,0.001491546630859375,0.000179290771484375,0.0902252197265625
330587274558,689,940008687,1218000000,1221000000,0.080810546875,0.015716552734375,0.289581298828125
330587152966,684,50802703512,1218000000,1221000000,0.04864501953125,0.01251220703125,8.806640625
330587115883,291,50802703512,1218000000,1221000000,0.0787353515625,0.014495849609375,1.67816162109375
330587113342,306,104792487295,1218000000,1221000000,0.030548095703125,0.00403594970703125,2.8013076782226562
39516997747,4140,102894346372,1218000000,1221000000,0.00177764892578125,0.0001926422119140625,0.21279144287109375
375004992558,0,91998677477,1218000000,1221000000,0.003780364990234375,0.0021514892578125,0.6228446960449219
374247026495,26,70519911066,1218000000,1221000000,0.0533447265625,0.0018138885498046875,7.942840576171875
330587209928,471,53767290353,1218000000,1221000000,0.066162109375,0.0179443359375,6.0556640625
330587167972,449,114484378125,1218000000,1221000000,0.0362548828125,0.00577545166015625,2.521820068359375
374911141136,1486,102893299827,1218000000,1221000000,0.003749847412109375,0.00039768218994140625,0.38572025299072266
330587209928,525,71842875155,1218000000,1221000000,0.002643585205078125,0.0009326934814453125,0.2789497375488281
330587110827,424,24273079095,1218000000,1221000000,0.0625,0.023895263671875,12.700103759765625
374837218396,319,68665908129,1218000000,1221000000,0.0220947265625,0.00632476806640625,3.1545639038085938
330587110827,188,105215165715,1218000000,1221000000,0.024993896484375,0.003582000732421875,1.7145538330078125
160153214,198,92040917322,1218000000,1221000000,0.0775146484375,0.00921630859375,2.6019287109375
330587167972,498,104792344449,1218000000,1221000000,0.1143798828125,0.021697998046875,20.003448486328125
39516997747,4169,20733614,1218000000,1221000000,0.00150299072265625,0.0001697540283203125,0.18065643310546875
330587262052,43,104791466877,1218000000,1221000000,0.00399017333984375,0.0008831024169921875,0.6578922271728516
39516997747,3887,22458731648,1218000000,1221000000,0.002941131591796875,0.00011348724365234375,0.10080242156982422
330587135936,394,20736910,1218000000,1220000000,9.5367431640625e-06,6.67572021484375e-06,0.000713348388671875
39516997747,4208,372930808216,1218000000,1221000000,0.002460479736328125,0.000194549560546875,0.38232421875
375005999875,0,86190159536,1218000000,1221000000,0.020355224609375,0.0016155242919921875,2.834226608276367
86311655520,1,86185126112,1218000000,1221000000,0.000331878662109375,0.0005464553833007812,0.0052700042724609375
330587125888,690,23748857350,1218000000,1221000000,1.621246337890625e-05,0.00029468536376953125,0.009326934814453125
39516997747,4090,1376264667,1218000000,1221000000,0.001796722412109375,0.00017642974853515625,0.023677825927734375
374471402490,0,93517468256,1218000000,1221000000,0.00039005279541015625,0.00588226318359375,0.8843965530395508
375007043216,0,92122737687,1218000000,1221000000,0.21533203125,0.00257110595703125,18.95757293701172
330587125888,339,50802703512,1218000000,1221000000,7.62939453125e-06,0.00016498565673828125,0.010874748229980469
330587233025,630,53767290353,1218000000,1221000000,0.01776123046875,0.00197601318359375,0.47369384765625
330587110827,68,23859266780,1218000000,1220000000,9.5367431640625e-07,0.00012111663818359375,0.003662109375
330587128389,62,55045652578,1219000000,1221000000,0.0726318359375,0.0194091796875,1.28857421875
374911141136,1422,91996774776,1219000000,1221000000,0.00394439697265625,0.00048732757568359375,0.15954208374023438
374911141136,85,24273990861,1219000000,1221000000,0.0007715225219726562,0.00034236907958984375,0.0089111328125
374780805995,1745,21296399,1219000000,1221000000,0.00684356689453125,0.0153656005859375,0.88836669921875
330587204926,467,104792344438,1219000000,1221000000,0.0104217529296875,0.001903533935546875,0.1479034423828125
39516997747,4203,2958377151,1219000000,1221000000,0.0017566680908203125,0.00017452239990234375,0.03476142883300781
330587290520,370,23028379,1219000000,1221000000,0.00034618377685546875,1.9073486328125e-06,0.010442733764648438
374675956470,632,45423952760,1219000000,1221000000,0.0007562637329101562,0.0008192062377929688,0.11028289794921875
39516997747,4255,23744702652,1219000000,1221000000,0.00264739990234375,0.0001773834228515625,0.062145233154296875
330587170473,446,23624555098,1219000000,1221000000,0.074462890625,0.021392822265625,6.32647705078125
330587143560,6,289070946527,1219000000,1221000000,4.76837158203125e-06,0.00029659271240234375,0.0277252197265625
375007040396,0,70609779860,1219000000,1221000000,0.020050048828125,0.0011463165283203125,0.08478546142578125
374247026495,14,70516350172,1219000000,1221000000,0.03985595703125,0.001522064208984375,1.7378768920898438
375007040229,0,32428661,1219000000,1221000000,0.0073699951171875,0.001087188720703125,0.0338287353515625
374675861423,5075,1187150240,1219000000,1221000000,0.0008058547973632812,0.0013256072998046875,0.1833057403564453
360940137080,761,74471794818,1219000000,1221000000,0.002529144287109375,9.5367431640625e-07,0.15686607360839844
330587165471,550,68669578459,1219000000,1221000000,0.0869140625,0.0127105712890625,9.56396484375
39516997747,3920,24273051134,1219000000,1221000000,0.003749847412109375,0.0001087188720703125,0.08488845825195312
330587130890,26,92004492241,1219000000,1221000000,0.05926513671875,0.020477294921875,4.7845458984375
330587157968,563,21116084,1219000000,1221000000,0.092529296875,0.00970458984375,1.0223388671875
330587157968,751,25537786591,1219000000,1221000000,0.05072021484375,0.01055908203125,1.2255859375
374911141136,1484,104807775059,1219000000,1221000000,0.0046234130859375,0.0006122589111328125,0.39791107177734375
374675861423,4960,1187150240,1219000000,1221000000,0.0008821487426757812,0.001354217529296875,0.04920005798339844
330587135936,654,55044729754,1219000000,1221000000,0.09912109375,0.015228271484375,4.34527587890625
374590278205,13,92118792691,1219000000,1221000000,0.2216796875,0.00458526611328125,3.6202392578125
374780813300,835,23773058102,1219000000,1221000000,0.00682830810546875,0.00170135498046875,0.835906982421875
374998233207,142,21296399,1219000000,1221000000,0.00107574462890625,0.00104522705078125,0.021209716796875
39516997747,4242,20738261,1219000000,1221000000,0.0033111572265625,0.00018024444580078125,0.013965606689453125
128381343012,132,55045652578,1219000000,1221000000,0.04534912109375,0.00443267822265625,0.8960723876953125
375003929494,229,72046232663,1219000000,1221000000,0.00629425048828125,0.0007152557373046875,0.3785133361816406
374675861423,1747,55045652578,1219000000,1221000000,0.0010700225830078125,0.00150299072265625,0.06689834594726562
374675956470,4933,1375614965,1219000000,1221000000,0.000946044921875,0.0008764266967773438,0.16766738891601562
39516997747,4182,20736976,1219000000,1221000000,0.00313568115234375,0.00017642974853515625,0.2053508758544922
259837769997,0,92154151282,1219000000,1221000000,0.022491455078125,0.00188446044921875,0.2437591552734375
374780803880,215,23621058069,1219000000,1221000000,0.0574951171875,0.009185791015625,4.801025390625
374247026495,10,104790859129,1219000000,1221000000,0.09619140625,0.001667022705078125,6.850090026855469
374911141136,1487,24272548578,1219000000,1221000000,0.008575439453125,0.00047588348388671875,0.05430793762207031
330587207427,174,28995799,1219000000,1221000000,0.00516510009765625,0.0008058547973632812,0.07165145874023438
128381343012,950,104794564547,1219000000,1221000000,0.031219482421875,0.00402069091796875,2.1848907470703125
330587162970,737,53768440403,1219000000,1221000000,0.158935546875,0.0127105712890625,11.67193603515625
374675861423,4519,21296399,1219000000,1221000000,0.0007238388061523438,0.001346588134765625,0.05383110046386719
39516997747,4229,2960808914,1219000000,1221000000,0.002292633056640625,0.000179290771484375,0.0098876953125
374911141136,72,70525860597,1219000000,1221000000,0.003009796142578125,0.0004787445068359375,0.24419784545898438
330587135936,44,24273119864,1219000000,1221000000,0.158203125,0.015533447265625,9.729248046875
375007042999,0,86174076727,1219000000,1221000000,0.32177734375,0.002063751220703125,20.078147888183594
375003981760,0,81673209669,1219000000,1221000000,0.003711700439453125,0.001575469970703125,0.359527587890625
372382526837,472,1988415403,1219000000,1221000000,0.06097412109375,0.0094451904296875,6.901092529296875
330587213089,654,71980418797,1219000000,1221000000,0.003299713134765625,0.0008697509765625,0.20847320556640625
39516997747,4207,1185553549,1219000000,1221000000,0.00193023681640625,0.000179290771484375,0.08860015869140625
375007042326,0,92041026902,1219000000,1221000000,0.0049591064453125,0.0012226104736328125,0.2596321105957031
375007042324,0,70609174490,1219000000,1221000000,0.005615234375,0.0011310577392578125,0.2833442687988281
374247026495,57,20733614,1219000000,1221000000,0.03594970703125,0.0014095306396484375,2.2415542602539062
374911141136,1283,348375814382,1219000000,1221000000,0.00539398193359375,0.00060272216796875,0.57568359375
330587138493,119,55044729754,1219000000,1221000000,0.216064453125,0.0110015869140625,7.26611328125
330587113342,403,55045652578,1219000000,1221000000,0.070068359375,0.020843505859375,2.36370849609375
374911141136,1452,21833523,1219000000,1221000000,0.003902435302734375,0.0005903244018554688,0.32347869873046875
375007043209,0,92119685147,1219000000,1221000000,0.24072265625,0.002552032470703125,10.217536926269531
330587167972,119,1713317442,1219000000,1221000000,0.0244140625,0.0033721923828125,0.277862548828125
374247026495,15,105124215145,1219000000,1221000000,0.06109619140625,0.001842498779296875,3.6504440307617188
374675861423,4503,21296399,1219000000,1221000000,0.000640869140625,0.0012874603271484375,0.08484649658203125
280881358282,1000,330384008461,1219000000,1221000000,0.04571533203125,0.00609588623046875,2.279693603515625
374247026495,52,23744499479,1219000000,1221000000,0.03814697265625,0.0014972686767578125,2.4579429626464844
330587141000,380,23749096601,1219000000,1221000000,0.12353515625,0.019744873046875,4.0118408203125
348020181279,1,22099596,1219000000,1221000000,0.0058441162109375,0.00037860870361328125,0.21157264709472656
360782401810,2,289034424346,1219000000,1221000000,0.01422119140625,0.0012683868408203125,0.9913330078125
374911141136,902,250625159096,1219000000,1221000000,0.0009088516235351562,0.000484466552734375,0.10867881774902344
374805961790,0,92004566159,1219000000,1221000000,0.0181884765625,0.0124969482421875,2.33209228515625
39516997747,4063,20744587,1219000000,1221000000,0.002338409423828125,0.0001811981201171875,0.23684310913085938
330587130890,669,21204372,1219000000,1221000000,0.0245361328125,0.0123291015625,1.25341796875
374780821309,1924,1187150240,1219000000,1221000000,0.090087890625,0.015655517578125,4.01824951171875
319945206176,7,44383014425,1219000000,1221000000,0.020843505859375,0.00732421875,1.0140380859375
330587141000,300,68670238025,1219000000,1221000000,0.103759765625,0.017333984375,7.0234375
330587108283,666,24323490520,1219000000,1221000000,0.028350830078125,0.007232666015625,0.7828369140625
39516997747,4233,4451164033,1219000000,1221000000,0.0015125274658203125,0.00018405914306640625,0.01357269287109375
39516997747,3898,71843163722,1219000000,1221000000,0.0020751953125,0.00012302398681640625,0.09232521057128906
330587123387,57,53771268213,1219000000,1221000000,0.15576171875,0.02117919921875,3.538818359375
374471491586,5,23621055529,1219000000,1221000000,0.00124359130859375,0.0009937286376953125,0.06264495849609375
39516997747,4248,35872526190,1219000000,1221000000,0.001354217529296875,0.00019741058349609375,0.07137489318847656
330587133435,529,24273536294,1219000000,1221000000,0.0679931640625,0.01934814453125,1.2227783203125
330587162970,87,93512634252,1219000000,1221000000,0.0814208984375,0.012664794921875,8.6558837890625
374911141136,919,92088246233,1219000000,1221000000,0.00479888916015625,0.0006456375122070312,0.30489349365234375
330587274558,644,297677568481,1219000000,1221000000,0.0003604888916015625,0.0006160736083984375,0.0703125
330587110827,682,24273119864,1219000000,1221000000,0.145263671875,0.02069091796875,9.957275390625
374780821309,380,21296399,1219000000,1221000000,0.086181640625,0.01654052734375,0.2054443359375
330587220407,387,92060126314,1219000000,1221000000,0.00357818603515625,0.000823974609375,0.0440216064453125
330587133435,499,55044729754,1219000000,1221000000,0.0784912109375,0.021240234375,6.981201171875
330587233025,311,374851679585,1219000000,1221000000,0.0963134765625,0.01922607421875,5.7769775390625
39516997747,4070,2449416026,1219000000,1221000000,0.00213623046875,0.00018405914306640625,0.074249267578125
374911141136,677,102983257510,1219000000,1221000000,0.001068115234375,0.0001926422119140625,0.022693634033203125
374911141136,1227,23621187008,1219000000,1221000000,0.022674560546875,0.0006961822509765625,1.9631423950195312
374909856633,259,104792148951,1219000000,1221000000,0.0013866424560546875,0.00017452239990234375,0.1342601776123047
330587110827,10,92004492241,1219000000,1221000000,0.068603515625,0.019744873046875,1.7669677734375
374247026495,30,70549632680,1219000000,1221000000,0.093017578125,0.00154876708984375,7.3761749267578125
128381343012,631,1187150240,1219000000,1221000000,0.0645751953125,0.0038604736328125,5.885467529296875
335464189934,368,21296399,1219000000,1221000000,0.0244140625,0.0013332366943359375,2.523235321044922
39516997747,4216,21571380,1219000000,1221000000,0.002758026123046875,0.00017642974853515625,0.281707763671875
330587130890,75,55045652578,1219000000,1221000000,4.76837158203125e-06,0.000102996826171875,0.0058193206787109375
39516997747,3564,939014861,1219000000,1221000000,0.0017681121826171875,0.00011348724365234375,0.10536956787109375
330587233025,657,24276084370,1219000000,1221000000,0.000274658203125,9.5367431640625e-07,0.02425384521484375
330587170473,528,4451128776,1219000000,1221000000,0.0762939453125,0.016265869140625,1.66607666015625
375007040231,0,74471366170,1219000000,1221000000,0.00567626953125,0.00121307373046875,0.05511474609375
374471436665,12,72046986176,1219000000,1221000000,0.0093841552734375,0.0062103271484375,0.1871337890625
374247026495,56,1375476792,1219000000,1221000000,0.10693359375,0.00189208984375,4.788330078125
374590278205,25,21382997,1220000000,1221000000,0.026885986328125,0.00396728515625,0.49365234375
374471438640,642,96915541338,1220000000,1221000000,0.0042724609375,0.0008678436279296875,0.1285076141357422
330587155467,713,21296399,1220000000,1221000000,9.5367431640625e-07,1.52587890625e-05,6.4849853515625e-05
374909856633,1252,70549858616,1220000000,1221000000,0.0064697265625,0.0008249282836914062,0.06565189361572266
374247026495,34,104791526315,1220000000,1221000000,0.0267333984375,0.0014896392822265625,0.7055759429931641
374471438640,496,349043348107,1220000000,1221000000,0.0056915283203125,0.0008029937744140625,0.311737060546875
330587128389,660,55044729754,1220000000,1221000000,0.099609375,0.0220947265625,0.730224609375
374247026495,3,372910141539,1220000000,1221000000,0.1048583984375,0.0019474029541015625,2.883756637573242
330587133435,678,24270900725,1220000000,1221000000,0.1025390625,0.022918701171875,3.387359619140625
374247026495,55,23744284560,1220000000,1221000000,0.0184326171875,0.0013713836669921875,0.5347080230712891
375007040201,0,2059487368,1220000000,1221000000,0.00576019287109375,0.00110626220703125,0.12359619140625
374911141136,1476,1376277003,1220000000,1221000000,0.001861572265625,0.00046443939208984375,0.011630058288574219
39516997747,2608,312163004054,1220000000,1221000000,0.00452423095703125,0.0001201629638671875,0.05573272705078125
330587290520,668,55049858260,1220000000,1221000000,0.151611328125,0.01861572265625,7.66021728515625
374909856633,905,371900192468,1220000000,1221000000,0.00435638427734375,0.0008630752563476562,0.22443675994873047
330587130890,210,104792148944,1220000000,1221000000,0.0992431640625,0.020721435546875,4.798583984375
374247026495,39,92105641360,1220000000,1221000000,0.072509765625,0.002162933349609375,0.2986907958984375
374247026495,9,86170350911,1220000000,1221000000,0.05322265625,0.0017528533935546875,1.3194122314453125
330587222908,223,102893278876,1220000000,1221000000,0.0004329681396484375,9.5367431640625e-07,0.021262168884277344
330587123387,679,21312463,1220000000,1221000000,0.0408935546875,0.0088043212890625,1.6400299072265625
330587165471,20,4649665950,1220000000,1221000000,0.0523681640625,0.010528564453125,2.452972412109375
374911141136,473,92067664558,1220000000,1221000000,0.001056671142578125,0.00044345855712890625,0.03450298309326172
374247026495,65,28995021,1220000000,1221000000,0.03948974609375,0.001361846923828125,0.4493675231933594
374911141136,1462,24323490520,1220000000,1221000000,0.003200531005859375,0.0005521774291992188,0.07130146026611328
374675956470,933,73007618119,1220000000,1221000000,0.0006132125854492188,0.0009393692016601562,0.07452392578125
374911141136,5,169233926904,1220000000,1221000000,0.008026123046875,0.00046634674072265625,0.3057289123535156
330587213089,658,25534638781,1220000000,1221000000,0.007354736328125,0.0008411407470703125,0.36061859130859375
348704612402,154,92314416730,1220000000,1221000000,0.016265869140625,0.003021240234375,0.73291015625
375007040225,0,21383004,1220000000,1221000000,0.00576019287109375,0.0011119842529296875,0.3092479705810547
330587209928,279,102983351937,1220000000,1221000000,0.070556640625,0.01800537109375,4.2509765625
39516992187,413,23748853005,1220000000,1221000000,0.0037078857421875,0.0001125335693359375,0.17955970764160156
374247026495,41,80673829428,1220000000,1221000000,0.026275634765625,0.001445770263671875,0.4712638854980469
375004985261,1,86178617695,1220000000,1221000000,0.0036773681640625,0.001590728759765625,0.026340484619140625
374675956470,4934,20736944,1220000000,1221000000,0.0010204315185546875,0.0009021759033203125,0.0845947265625
374471491589,319,72275755459,1220000000,1221000000,0.003704071044921875,0.0008707046508789062,0.1921405792236328
374247026495,42,96555775610,1220000000,1221000000,0.0916748046875,0.0015277862548828125,2.2368621826171875
330587128389,327,104792817027,1220000000,1221000000,0.011077880859375,0.0034637451171875,0.203582763671875
330587128389,261,334632915891,1220000000,1221000000,0.1357421875,0.0203857421875,6.2451171875
374247026495,32,180919610408,1220000000,1221000000,0.0557861328125,0.002132415771484375,0.9846153259277344
358887942275,569,2791077613,1220000000,1221000000,0.064453125,0.001251220703125,2.8909912109375
330587115883,10,24273990861,1220000000,1221000000,0.00836181640625,0.003448486328125,0.342498779296875
374247026495,33,104791499780,1220000000,1221000000,0.04498291015625,0.00152587890625,2.04638671875
330587160469,474,55044729754,1220000000,1221000000,0.026153564453125,0.00734710693359375,0.0670013427734375
375004985261,0,86201411896,1220000000,1221000000,0.00196075439453125,0.002063751220703125,0.0482940673828125
330587130890,1,80214402927,1220000000,1221000000,0.0109710693359375,0.00344085693359375,0.2017669677734375
330587108283,653,19878963391,1220000000,1221000000,0.0614013671875,0.009979248046875,1.14208984375
374247026495,37,70531785874,1220000000,1221000000,0.062744140625,0.001453399658203125,2.567901611328125
330587138493,239,55045652578,1220000000,1221000000,0.0682373046875,0.020172119140625,2.121826171875
374911141136,996,92031812655,1220000000,1221000000,0.004425048828125,0.00054931640625,0.203948974609375
374471446678,43,91993819503,1220000000,1221000000,0.002094268798828125,0.0004901885986328125,0.09562492370605469
374860215787,10,4915064369,1220000000,1221000000,0.0211181640625,0.00150299072265625,0.7012557983398438
374247026495,6,198552690066,1220000000,1221000000,0.017547607421875,0.0012760162353515625,0.3576488494873047
374780821309,225,55045652578,1220000000,1221000000,0.0509033203125,0.016632080078125,2.768951416015625
330587167972,80,104791871219,1220000000,1221000000,0.020599365234375,0.0034332275390625,0.048065185546875
330587207427,51,55049858260,1220000000,1221000000,0.0902099609375,0.0073699951171875,4.1959381103515625
330587222908,679,55049858260,1220000000,1221000000,0.0662841796875,0.018890380859375,3.662506103515625
245891704446,105,104792275449,1220000000,1221000000,0.0136871337890625,0.01983642578125,0.737518310546875
374590278205,26,92057078872,1220000000,1221000000,0.0789794921875,0.003696441650390625,1.984222412109375
374675861423,1749,55045652578,1220000000,1221000000,0.0009613037109375,0.0015239715576171875,0.014911651611328125
374471438640,286,70533148921,1220000000,1221000000,0.007781982421875,0.0010509490966796875,0.0706634521484375
330587128389,451,21373054,1220000000,1221000000,0.0284423828125,0.0086212158203125,0.8895263671875
374911141136,1471,92058504869,1220000000,1221000000,0.00531768798828125,0.0005311965942382812,0.14622211456298828
330587115883,249,55045652578,1220000000,1221000000,0.05810546875,0.01629638671875,0.66961669921875
374860215787,9,2448130426,1220000000,1221000000,0.02252197265625,0.0013332366943359375,0.9303531646728516
330587128389,680,103267158440,1220000000,1221000000,0.064697265625,0.0129241943359375,1.6300506591796875
330587115883,313,20736992,1220000000,1221000000,0.01690673828125,0.003345489501953125,1.0126113891601562
330587162970,722,1579925689,1220000000,1221000000,9.5367431640625e-06,0.0001239776611328125,0.005207061767578125
374909856633,889,938921318,1220000000,1221000000,0.00496673583984375,0.00095367431640625,0.18353271484375
374911141136,976,71980418797,1220000000,1221000000,0.00028514862060546875,0.0001430511474609375,0.001712799072265625
375007008754,0,92035061455,1220000000,1221000000,0.0034332275390625,0.0011348724365234375,0.10049819946289062
374247026495,38,92037160696,1220000000,1221000000,0.05322265625,0.001983642578125,2.373870849609375
330587130890,111,149406354318,1220000000,1221000000,0.0770263671875,0.01605224609375,2.51312255859375
374909856633,928,2449630191,1220000000,1221000000,0.004241943359375,0.0008440017700195312,0.030515670776367188
374911141136,1342,72034374017,1220000000,1221000000,0.00304412841796875,0.0005216598510742188,0.1034078598022461
371808635259,145,104791627997,1220000000,1221000000,0.0016632080078125,0.001033782958984375,0.11327362060546875
330587222908,694,3093309876,1220000000,1221000000,0.0732421875,0.01885986328125,0.368408203125
358200954744,0,92027238668,1220000000,1221000000,0.0004825592041015625,0.00027370452880859375,0.03403186798095703
375007006204,0,92118792691,1220000000,1221000000,0.25927734375,0.0016117095947265625,9.392005920410156
374471436665,2,58639233203,1220000000,1221000000,0.010406494140625,0.00759124755859375,0.7019119262695312
330587162970,558,55045652578,1220000000,1221000000,0.0638427734375,0.0106964111328125,1.49078369140625
374471438640,545,96915406617,1220000000,1221000000,0.005584716796875,0.001010894775390625,0.2968025207519531
375007043637,0,70600359027,1220000000,1221000000,0.172607421875,0.0025634765625,1.5765380859375
330587220407,264,143876434066,1220000000,1221000000,0.003753662109375,0.000911712646484375,0.037322998046875
374247026495,62,23747019190,1220000000,1221000000,0.030975341796875,0.00145721435546875,1.167572021484375
39516997747,4154,104499404215,1220000000,1221000000,0.00426483154296875,0.0001850128173828125,0.14239501953125
374247026495,48,35891775229,1220000000,1221000000,0.04571533203125,0.0014553070068359375,2.169849395751953
374247026495,63,23858429111,1220000000,1221000000,0.05181884765625,0.0014705657958984375,0.37302589416503906
39516997747,4176,102893142409,1220000000,1221000000,0.00444793701171875,0.0001983642578125,0.2323150634765625
330587125888,302,21392423,1220000000,1221000000,0.008209228515625,0.003223419189453125,0.21722030639648438
374590278205,24,34534508,1220000000,1221000000,0.0499267578125,0.003696441650390625,2.413043975830078
330587157968,694,2791077613,1220000000,1221000000,1.9073486328125e-06,0.00010967254638671875,0.001338958740234375
374909856633,722,104792487289,1220000000,1221000000,0.00428009033203125,0.0010433197021484375,0.2661705017089844
374909859791,536,373220226714,1220000000,1221000000,0.0006608963012695312,0.0005741119384765625,0.02964019775390625
330587141000,161,2957856507,1220000000,1221000000,0.03887939453125,0.010528564453125,1.3834228515625
375004995089,0,86174076727,1220000000,1221000000,0.002262115478515625,0.0013065338134765625,0.017843246459960938
330587141000,298,23621060811,1220000000,1221000000,0.195556640625,0.01934814453125,6.23223876953125
374909859791,539,21308826,1220000000,1221000000,0.0005054473876953125,0.0005197525024414062,0.04203319549560547
374909859791,528,35872539986,1220000000,1221000000,0.0006666183471679688,0.0004711151123046875,0.0546112060546875
374911141136,1478,24272613793,1220000000,1221000000,0.00318145751953125,0.0003719329833984375,0.06040763854980469
330587120885,366,92152625154,1220000000,1221000000,0.04388427734375,0.0105438232421875,2.721405029296875
330587135936,279,105215206229,1220000000,1221000000,0.035400390625,0.003391265869140625,0.19395828247070312
330587150465,88,104790977218,1220000000,1221000000,0.0550537109375,0.0127410888671875,1.220306396484375
374247026495,31,105126914375,1220000000,1221000000,0.03411865234375,0.00154876708984375,0.03566741943359375
374247026495,40,92095460233,1220000000,1221000000,0.0965576171875,0.00156402587890625,3.139892578125
330587170473,262,92152625154,1220000000,1221000000,0.06396484375,0.0105743408203125,1.8634796142578125
330587133435,201,23859281028,1220000000,1221000000,0.010223388671875,0.003345489501953125,0.5291862487792969
330587162970,758,24272874359,1220000000,1221000000,0.0745849609375,0.010772705078125,2.133941650390625
330587133435,225,68672048438,1220000000,1221000000,0.021575927734375,0.0012607574462890625,0.22836685180664062
374247026495,5,151848235,1220000000,1221000000,0.0447998046875,0.001461029052734375,0.74017333984375
